tag_id_long,species,source,tag_date,updated_stock
989.001006598880,chinook,microtroll,2021-03-15,Big Qualicum
989.001006608003,chinook,microtroll,2020-10-07,Cowichan
989.001006608062,coho,microtroll,2020-10-06,Big Qualicum
989.001006675482,chinook,microtroll,2021-10-13,Big Qualicum
989.001006675484,chinook,microtroll,2020-09-29,Cowichan
989.001006676365,chinook,microtroll,2020-09-04,Cowichan
989.001006676545,chinook,microtroll,2020-09-16,Cowichan
989.001006676594,coho,river,2022-05-19,black creek
989.001006676596,coho,river,2022-05-19,black creek
989.001006676619,coho,river,2022-05-19,black creek
989.001006676621,coho,river,2022-05-19,black creek
989.001006676628,coho,river,2022-05-19,black creek
989.001006676636,coho,river,2022-05-19,black creek
989.001006676637,coho,river,2022-05-19,black creek
989.001006676649,coho,river,2022-05-19,black creek
989.001006676653,coho,river,2022-05-19,black creek
989.001006676969,coho,river,2022-05-27,Englishman
989.001006676972,coho,river,2022-05-31,Englishman
989.001006677009,coho,river,2022-05-27,Englishman
989.001006677579,coho,microtroll,2020-09-17,Chemainus_R
989.001006677596,coho,microtroll,2020-09-17,Chemainus_R
989.001006678087,coho,river,2022-05-20,Englishman
989.001006678097,coho,river,2022-05-20,Englishman
989.001006678100,coho,river,2022-05-20,Englishman
989.001006678105,coho,river,2022-05-20,Englishman
989.001006678159,coho,river,2022-05-18,Englishman
989.001006678314,chinook,hatch_tag,2021-05-05,Cowichan
989.001006678532,chinook,microtroll,2020-09-04,Cowichan
989.001006678562,coho,microtroll,2020-09-10,Puntledge
989.001006678563,chinook,microtroll,2020-09-10,Cowichan
989.001030605066,chinook,hatch_tag,2021-05-05,Cowichan
989.001030608631,chinook,microtroll,2020-10-07,Puntledge fall
989.001033389589,chinook,microtroll,2020-09-10,Cowichan
989.001034043886,chinook,hatch_tag,2021-05-05,Cowichan
989.001034043902,chinook,hatch_tag,2021-05-05,Cowichan
989.001034043979,chinook,hatch_tag,2021-05-05,Cowichan
989.001034044080,chinook,hatch_tag,2021-05-05,Cowichan
989.001034044150,chinook,hatch_tag,2021-05-05,Cowichan
989.001034044161,chinook,hatch_tag,2021-05-05,Cowichan
989.001034044232,chinook,hatch_tag,2021-05-05,Cowichan
989.001034044239,chinook,hatch_tag,2021-05-05,Cowichan
989.001034044255,chinook,hatch_tag,2021-05-05,Cowichan
989.001034044646,chinook,hatch_tag,2021-05-05,Cowichan
989.001034044706,chinook,hatch_tag,2021-05-05,Cowichan
989.001034044857,chinook,hatch_tag,2021-05-05,Cowichan
989.001034044932,chinook,hatch_tag,2021-05-05,Cowichan
989.001034044971,chinook,hatch_tag,2021-05-05,Cowichan
989.001034044979,chinook,hatch_tag,2021-05-05,Cowichan
989.001034044981,chinook,hatch_tag,2021-05-05,Cowichan
989.001034045166,chinook,hatch_tag,2021-05-05,Cowichan
989.001034045206,chinook,hatch_tag,2021-05-05,Cowichan
989.001034045209,chinook,hatch_tag,2021-05-05,Cowichan
989.001034045282,chinook,hatch_tag,2021-05-05,Cowichan
989.001034045320,chinook,hatch_tag,2021-05-05,Cowichan
989.001034045376,chinook,hatch_tag,2021-05-05,Cowichan
989.001034045388,chinook,hatch_tag,2021-05-05,Cowichan
989.001034045409,chinook,hatch_tag,2021-05-05,Cowichan
989.001034045412,chinook,hatch_tag,2021-05-05,Cowichan
989.001034045437,chinook,hatch_tag,2021-05-05,Cowichan
989.001034045581,chinook,hatch_tag,2021-05-05,Cowichan
989.001034045644,chinook,hatch_tag,2021-05-05,Cowichan
989.001034045787,chinook,hatch_tag,2021-05-05,Cowichan
989.001034045806,chinook,hatch_tag,2021-05-05,Cowichan
989.001034045858,chinook,hatch_tag,2021-05-05,Cowichan
989.001034045959,chinook,hatch_tag,2021-05-05,Cowichan
989.001034045990,chinook,hatch_tag,2021-05-05,Cowichan
989.001034045996,chinook,hatch_tag,2021-05-05,Cowichan
989.001034046144,chinook,hatch_tag,2021-05-05,Cowichan
989.001034046179,chinook,hatch_tag,2021-05-05,Cowichan
989.001034046286,chinook,hatch_tag,2021-05-05,Cowichan
989.001034046289,chinook,hatch_tag,2021-05-05,Cowichan
989.001034046346,chinook,hatch_tag,2021-05-05,Cowichan
989.001034046350,chinook,hatch_tag,2021-05-05,Cowichan
989.001034046384,chinook,hatch_tag,2021-05-05,Cowichan
989.001034046519,chinook,hatch_tag,2021-05-05,Cowichan
989.001034046681,chinook,hatch_tag,2021-05-05,Cowichan
989.001034046774,chinook,hatch_tag,2021-05-05,Cowichan
989.001034166369,coho,river,2022-05-06,Englishman
989.001034166376,chinook,microtroll,2020-11-02,Little Qualicum
989.001034166386,coho,river,2022-05-06,Englishman
989.001034166391,coho,river,2022-05-06,Englishman
989.001034166469,coho,river,2023-04-30,Englishman
989.001034166476,chinook,microtroll,2021-11-18,Cowichan
989.001034166499,chinook,microtroll,2021-11-18,Cowichan
989.001034166514,chinook,microtroll,2021-11-18,Cowichan
989.001034166523,coho,river,2023-04-30,Englishman
989.001034166525,chinook,microtroll,2022-03-10,Nanaimo summer
989.001034166548,chinook,microtroll,2021-11-16,Nanaimo fall
989.001034166561,chinook,microtroll,2021-11-18,Cowichan
989.001034166648,chinook,microtroll,2021-12-09,Puntledge fall
989.001034166671,chinook,microtroll,2020-12-04,Cowichan
989.001034166714,chinook,microtroll,2022-01-27,Cowichan
989.001034166802,chinook,microtroll,2021-01-18,Cowichan
989.001034166805,chinook,microtroll,2020-12-02,Cowichan
989.001034166806,chinook,microtroll,2020-11-26,Cowichan
989.001034166854,chinook,microtroll,2020-12-16,Cowichan
989.001034166865,chinook,microtroll,2021-10-07,Cowichan
989.001034166879,chinook,microtroll,2021-10-07,Cowichan
989.001034166921,chinook,microtroll,2021-10-08,Cowichan
989.001034166926,chinook,microtroll,2021-10-07,Cowichan
989.001034166934,chinook,microtroll,2021-10-07,Cowichan
989.001034166955,chinook,microtroll,2021-10-07,Cowichan
989.001034166973,chinook,microtroll,2020-12-01,Nanaimo fall
989.001034167044,chinook,microtroll,2020-12-02,Cowichan
989.001034167084,chinook,microtroll,2021-10-08,Cowichan
989.001034167085,chinook,microtroll,2021-10-18,Cowichan
989.001034167101,chinook,microtroll,2021-10-18,Cowichan
989.001034167111,chinook,microtroll,2021-10-13,Cowichan
989.001034167125,chinook,microtroll,2021-10-08,Cowichan
989.001034167146,chinook,microtroll,2021-10-18,Cowichan
989.001034167148,chinook,microtroll,2021-10-19,Puntledge fall
989.001034167176,coho,microtroll,2022-11-16,
989.001034167205,chinook,microtroll,2022-03-22,Cowichan
989.001034167561,coho,river,2023-05-05,Englishman
989.001034167621,chinook,microtroll,2021-12-16,Cowichan
989.001034167647,chinook,microtroll,2021-11-02,Nanaimo fall
989.001034167649,chinook,microtroll,2021-12-16,Cowichan
989.001034167875,chinook,microtroll,2021-01-08,Big Qualicum
989.001034167923,chinook,microtroll,2020-12-14,Cowichan
989.001034167930,chinook,microtroll,2020-12-02,Cowichan
989.001034167940,chinook,microtroll,2020-12-02,Big Qualicum
989.001034167943,chinook,microtroll,2020-12-12,Nanaimo fall
989.001034167944,chinook,microtroll,2020-12-02,Cowichan
989.001034167958,chinook,microtroll,2020-12-02,Big Qualicum
989.001034168013,chinook,microtroll,2021-12-04,Puntledge fall
989.001034168135,chinook,microtroll,2021-02-27,Nanaimo fall
989.001034168144,chinook,microtroll,2021-02-03,Cowichan
989.001034168159,chinook,microtroll,2021-01-17,Little Qualicum
989.001034168239,coho,microtroll,2020-10-31,Quinsam
989.001034168378,chinook,microtroll,2021-01-14,Cowichan
989.001034168414,chinook,microtroll,2020-12-09,Cowichan
989.001034168421,chinook,microtroll,2021-01-18,Nanaimo fall
989.001034168434,chinook,microtroll,2021-01-18,Cowichan
989.001034168447,chinook,microtroll,2021-01-28,Big Qualicum
989.001034168458,chinook,microtroll,2020-09-01,Cowichan
989.001034168461,chinook,microtroll,2020-09-01,Cowichan
989.001034168470,coho,microtroll,2020-10-01,
989.001034168619,chinook,microtroll,2021-04-02,Cowichan
989.001034168638,chinook,microtroll,2021-04-02,Puntledge fall
989.001034168656,chinook,microtroll,2021-04-11,Puntledge fall
989.001034168791,chinook,microtroll,2022-02-05,Puntledge fall
989.001034168814,chinook,microtroll,2022-01-28,Puntledge fall
989.001034168871,chinook,microtroll,2023-03-10,Cowichan
989.001034168901,chinook,microtroll,2020-10-03,Nanaimo summer
989.001034168942,chinook,microtroll,2022-01-21,Puntledge fall
989.001034168961,chinook,microtroll,2022-01-24,CHEAKAMUS_RIVER
989.001034168968,chinook,microtroll,2020-10-03,Puntledge summer
989.001034169010,chinook,microtroll,2020-10-14,Puntledge fall
989.001034169121,chinook,microtroll,2021-03-17,Puntledge fall
989.001034169151,chinook,microtroll,2021-04-19,Big Qualicum
989.001034169156,chinook,microtroll,2021-03-06,Puntledge fall
989.001034169166,chinook,microtroll,2021-04-10,Big Qualicum
989.001034169252,chinook,microtroll,2021-05-08,Puntledge fall
989.001034169263,chinook,microtroll,2021-04-29,Puntledge fall
989.001034169320,chinook,microtroll,2022-02-18,Quinsam
989.001034169413,chinook,microtroll,2020-12-09,Cowichan
989.001034169472,chinook,microtroll,2020-10-02,Puntledge fall
989.001034169508,chinook,microtroll,2020-10-07,Nanaimo fall
989.001034169549,chinook,microtroll,2020-10-02,Cowichan
989.001034169564,chinook,microtroll,2020-10-07,Big Qualicum
989.001034169878,chinook,microtroll,2020-08-18,Cowichan
989.001034169890,,microtroll,2020-08-18,Little Qualicum
989.001034169891,chinook,microtroll,2020-08-18,Cowichan
989.001034169895,chinook,microtroll,2020-09-01,Cowichan
989.001034169928,chinook,microtroll,2020-08-18,Cowichan
989.001034169945,chinook,microtroll,2020-09-01,
989.001034169966,chinook,microtroll,2020-09-01,
989.001034170054,chinook,microtroll,2020-09-15,Cowichan
989.001034170131,coho,microtroll,2020-10-22,Puntledge
989.001034170294,chinook,microtroll,2021-11-26,Puntledge fall
989.001034170418,chinook,microtroll,2020-08-17,Cowichan
989.001034170457,chinook,microtroll,2020-08-17,Cowichan
989.001034170479,chinook,microtroll,2021-11-01,Big Qualicum
989.001034170525,chinook,microtroll,2020-10-06,Cowichan
989.001034170559,chinook,microtroll,2020-09-22,Cowichan
989.001034170795,chinook,microtroll,2022-01-16,Cowichan
989.001034170809,chinook,microtroll,2022-02-13,Big Qualicum
989.001034170840,chinook,microtroll,2022-02-06,Cowichan
989.001034170872,chinook,microtroll,2021-03-26,Nanaimo fall
989.001034170954,chinook,microtroll,2020-08-17,Cowichan
989.001034171234,chinook,microtroll,2021-11-17,Puntledge fall
989.001034171236,chinook,microtroll,2021-11-12,Big Qualicum
989.001034171261,chinook,microtroll,2021-11-10,Little Qualicum
989.001034171325,chinook,microtroll,2021-12-05,Puntledge fall
989.001034171397,coho,hatch_tag,2020-09-17,Quinsam
989.001034171402,coho,hatch_tag,2020-09-17,Quinsam
989.001034171613,coho,hatch_tag,2020-09-17,Quinsam
989.001034171677,coho,hatch_tag,2020-09-17,Quinsam
989.001034171744,coho,hatch_tag,2020-09-17,Quinsam
989.001034171775,coho,hatch_tag,2020-09-17,Quinsam
989.001034171781,coho,hatch_tag,2020-09-17,Quinsam
989.001034171826,coho,hatch_tag,2020-09-17,Quinsam
989.001034171848,coho,hatch_tag,2020-09-17,Quinsam
989.001034171849,coho,hatch_tag,2020-09-17,Quinsam
989.001034171868,coho,hatch_tag,2020-09-17,Quinsam
989.001034171886,coho,hatch_tag,2020-09-17,Quinsam
989.001034171928,coho,hatch_tag,2020-09-17,Quinsam
989.001034171949,coho,hatch_tag,2020-09-17,Quinsam
989.001034172098,coho,hatch_tag,2020-09-17,Quinsam
989.001034172129,coho,hatch_tag,2020-09-17,Quinsam
989.001034172133,coho,hatch_tag,2020-09-17,Quinsam
989.001034172169,coho,hatch_tag,2020-09-17,Quinsam
989.001034172207,coho,hatch_tag,2020-09-17,Quinsam
989.001034172240,coho,hatch_tag,2020-09-17,Quinsam
989.001034172264,coho,hatch_tag,2020-09-17,Quinsam
989.001034172324,coho,hatch_tag,2020-09-17,Quinsam
989.001034172340,coho,hatch_tag,2020-09-17,Quinsam
989.001034172352,coho,hatch_tag,2020-09-17,Quinsam
989.001034172359,coho,hatch_tag,2020-09-17,Quinsam
989.001034172382,coho,hatch_tag,2020-09-17,Quinsam
989.001034172474,coho,hatch_tag,2020-09-17,Quinsam
989.001034172529,coho,hatch_tag,2020-09-17,Quinsam
989.001034172556,coho,hatch_tag,2020-09-17,Quinsam
989.001034172557,coho,hatch_tag,2020-09-17,Quinsam
989.001034172594,coho,hatch_tag,2020-09-17,Quinsam
989.001034172632,coho,hatch_tag,2020-09-17,Quinsam
989.001034172726,coho,hatch_tag,2020-09-17,Quinsam
989.001034172733,coho,hatch_tag,2020-09-17,Quinsam
989.001034172801,coho,hatch_tag,2020-09-17,Quinsam
989.001034172879,coho,hatch_tag,2020-09-17,Quinsam
989.001034172901,coho,hatch_tag,2020-09-17,Quinsam
989.001034172938,coho,hatch_tag,2020-09-17,Quinsam
989.001034172979,coho,hatch_tag,2020-09-17,Quinsam
989.001034173003,coho,hatch_tag,2020-09-17,Quinsam
989.001034173008,coho,hatch_tag,2020-09-17,Quinsam
989.001034173026,coho,hatch_tag,2020-09-17,Quinsam
989.001034173087,coho,hatch_tag,2020-09-17,Quinsam
989.001034173091,coho,hatch_tag,2020-09-17,Quinsam
989.001034173096,coho,hatch_tag,2020-09-17,Quinsam
989.001034173114,coho,hatch_tag,2020-09-17,Quinsam
989.001034173159,coho,hatch_tag,2020-09-17,Quinsam
989.001034173160,coho,hatch_tag,2020-09-17,Quinsam
989.001034173182,coho,hatch_tag,2020-09-17,Quinsam
989.001034173221,coho,hatch_tag,2020-09-17,Quinsam
989.001034173233,coho,hatch_tag,2020-09-17,Quinsam
989.001034173258,coho,hatch_tag,2020-09-17,Quinsam
989.001034173271,coho,hatch_tag,2020-09-17,Quinsam
989.001034173286,coho,hatch_tag,2020-09-17,Quinsam
989.001034173417,coho,hatch_tag,2020-09-17,Quinsam
989.001034173512,coho,hatch_tag,2020-09-17,Quinsam
989.001034173523,coho,hatch_tag,2020-09-17,Quinsam
989.001034173587,coho,hatch_tag,2020-09-17,Quinsam
989.001034173589,coho,hatch_tag,2020-09-17,Quinsam
989.001034173606,coho,hatch_tag,2020-09-17,Quinsam
989.001034173608,coho,hatch_tag,2020-09-17,Quinsam
989.001034173610,coho,hatch_tag,2020-09-17,Quinsam
989.001034173678,coho,hatch_tag,2020-09-17,Quinsam
989.001034173745,coho,hatch_tag,2020-09-17,Quinsam
989.001034173766,coho,hatch_tag,2020-09-17,Quinsam
989.001034173788,coho,hatch_tag,2020-09-17,Quinsam
989.001034173953,coho,hatch_tag,2020-09-17,Quinsam
989.001034173993,coho,hatch_tag,2020-09-17,Quinsam
989.001034174047,coho,hatch_tag,2020-09-17,Quinsam
989.001034174092,coho,hatch_tag,2020-09-17,Quinsam
989.001034174119,coho,hatch_tag,2020-09-17,Quinsam
989.001034174164,coho,hatch_tag,2020-09-17,Quinsam
989.001034174189,coho,hatch_tag,2020-09-17,Quinsam
989.001034174200,coho,hatch_tag,2020-09-17,Quinsam
989.001034174267,coho,hatch_tag,2020-09-17,Quinsam
989.001034174440,coho,hatch_tag,2020-09-17,Quinsam
989.001034174482,coho,hatch_tag,2020-09-17,Quinsam
989.001034174556,coho,hatch_tag,2020-09-17,Quinsam
989.001034174585,coho,hatch_tag,2020-09-17,Quinsam
989.001034174666,coho,hatch_tag,2020-09-17,Quinsam
989.001034174739,coho,hatch_tag,2020-09-17,Quinsam
989.001034174829,coho,hatch_tag,2020-09-17,Quinsam
989.001034174837,coho,hatch_tag,2020-09-17,Quinsam
989.001034174863,coho,hatch_tag,2020-09-17,Quinsam
989.001034174939,coho,hatch_tag,2020-09-17,Quinsam
989.001034174950,coho,hatch_tag,2020-09-17,Quinsam
989.001034175039,coho,hatch_tag,2020-09-17,Quinsam
989.001034175047,coho,hatch_tag,2020-09-17,Quinsam
989.001034175112,coho,hatch_tag,2020-09-17,Quinsam
989.001034175145,coho,hatch_tag,2020-09-17,Quinsam
989.001034175149,coho,hatch_tag,2020-09-17,Quinsam
989.001034175164,coho,hatch_tag,2020-09-17,Quinsam
989.001034175175,coho,hatch_tag,2020-09-17,Quinsam
989.001034175183,coho,hatch_tag,2020-09-17,Quinsam
989.001034175222,coho,hatch_tag,2020-09-17,Quinsam
989.001034175253,coho,hatch_tag,2020-09-17,Quinsam
989.001034175287,coho,hatch_tag,2020-09-17,Quinsam
989.001034175298,coho,hatch_tag,2020-09-17,Quinsam
989.001034175425,coho,hatch_tag,2020-09-17,Quinsam
989.001034175625,coho,hatch_tag,2020-09-17,Quinsam
989.001034175691,coho,hatch_tag,2020-09-17,Quinsam
989.001034175698,coho,hatch_tag,2020-09-17,Quinsam
989.001034175702,coho,hatch_tag,2020-09-17,Quinsam
989.001034175712,coho,hatch_tag,2020-09-17,Quinsam
989.001034175824,coho,hatch_tag,2020-09-17,Quinsam
989.001034175877,coho,hatch_tag,2020-09-17,Quinsam
989.001034175889,coho,hatch_tag,2020-09-17,Quinsam
989.001034175935,coho,hatch_tag,2020-09-17,Quinsam
989.001034175939,coho,hatch_tag,2020-09-17,Quinsam
989.001034176053,coho,hatch_tag,2020-09-17,Quinsam
989.001034176199,coho,hatch_tag,2020-09-17,Quinsam
989.001034176320,coho,hatch_tag,2020-09-17,Quinsam
989.001034176379,coho,hatch_tag,2020-09-17,Quinsam
989.001038722785,chinook,microtroll,2022-02-09,Big Qualicum
989.001038722828,chinook,microtroll,2022-02-05,Cowichan
989.001038722853,chinook,microtroll,2022-02-09,Puntledge fall
989.001038722909,chinook,microtroll,2021-10-11,Little Qualicum
989.001038722926,chinook,microtroll,2021-10-11,Little Qualicum
989.001038722946,chinook,microtroll,2021-10-13,Cowichan
989.001038722958,chinook,microtroll,2021-10-13,Cowichan
989.001038723000,chinook,microtroll,2022-01-16,Little Qualicum
989.001038723008,chinook,microtroll,2022-01-15,Little Qualicum
989.001038723013,chinook,microtroll,2022-01-16,Puntledge fall
989.001038723025,chinook,microtroll,2021-12-19,Big Qualicum
989.001038723082,coho,river,2023-05-09,Englishman
989.001038723096,chinook,microtroll,2023-03-08,Nanaimo fall
989.001038723100,coho,river,2023-05-09,Englishman
989.001038723107,coho,river,2023-05-09,Englishman
989.001038723108,chinook,microtroll,2022-02-18,Cowichan
989.001038723112,coho,river,2023-05-09,Englishman
989.001038723131,coho,river,2023-05-09,Englishman
989.001038723143,chinook,microtroll,2023-04-03,Big Qualicum
989.001038723162,chinook,microtroll,2022-03-09,Cowichan
989.001038723168,coho,river,2023-05-09,Englishman
989.001038723171,chinook,microtroll,2022-02-18,Little Qualicum
989.001038723191,chinook,microtroll,2021-11-23,Quinsam
989.001038723231,chinook,microtroll,2021-11-18,Puntledge fall
989.001038723302,chinook,microtroll,2021-10-29,Puntledge fall
989.001038723332,chinook,microtroll,2021-10-28,Puntledge fall
989.001038723388,chinook,microtroll,2022-01-10,Cowichan
989.001038723400,chinook,microtroll,2021-12-14,Cowichan
989.001038723405,chinook,microtroll,2022-01-24,Cowichan
989.001038723420,chinook,microtroll,2021-12-14,Cowichan
989.001038723490,coho,hatch_tag,2021-03-17,Nanaimo
989.001038723527,coho,hatch_tag,2021-03-17,Nanaimo
989.001038723543,coho,hatch_tag,2021-03-17,Nanaimo
989.001038723556,coho,hatch_tag,2021-03-17,Nanaimo
989.001038723576,coho,hatch_tag,2021-03-17,Nanaimo
989.001038723577,coho,hatch_tag,2021-03-17,Nanaimo
989.001038723583,coho,hatch_tag,2021-03-17,Nanaimo
989.001038723617,coho,hatch_tag,2021-03-17,Nanaimo
989.001038723621,coho,hatch_tag,2021-03-17,Nanaimo
989.001038723636,coho,hatch_tag,2021-03-17,Nanaimo
989.001038723743,coho,hatch_tag,2021-03-17,Nanaimo
989.001038723754,coho,hatch_tag,2021-03-17,Nanaimo
989.001038723796,coho,hatch_tag,2021-03-17,Nanaimo
989.001038723854,coho,hatch_tag,2021-03-17,Nanaimo
989.001038723881,coho,hatch_tag,2021-03-17,Nanaimo
989.001038723893,coho,hatch_tag,2021-03-17,Nanaimo
989.001038723924,coho,hatch_tag,2021-03-17,Nanaimo
989.001038723944,coho,hatch_tag,2021-03-17,Nanaimo
989.001038723978,coho,hatch_tag,2021-03-17,Nanaimo
989.001038724011,coho,hatch_tag,2021-03-17,Nanaimo
989.001038724065,coho,hatch_tag,2021-03-17,Nanaimo
989.001038724124,coho,hatch_tag,2021-03-17,Nanaimo
989.001038724131,coho,hatch_tag,2021-03-17,Nanaimo
989.001038724143,coho,hatch_tag,2021-03-17,Nanaimo
989.001038724180,coho,hatch_tag,2021-03-17,Nanaimo
989.001038724190,coho,hatch_tag,2021-03-17,Nanaimo
989.001038724192,coho,hatch_tag,2021-03-17,Nanaimo
989.001038724276,coho,hatch_tag,2021-03-17,Nanaimo
989.001038724335,coho,hatch_tag,2021-03-17,Nanaimo
989.001038724373,coho,hatch_tag,2021-03-17,Nanaimo
989.001038724423,coho,hatch_tag,2021-03-17,Nanaimo
989.001038724431,coho,hatch_tag,2021-03-17,Nanaimo
989.001038724442,coho,hatch_tag,2021-03-17,Nanaimo
989.001038724481,coho,hatch_tag,2021-03-17,Nanaimo
989.001038724549,coho,hatch_tag,2021-03-17,Nanaimo
989.001038724610,coho,hatch_tag,2021-03-17,Nanaimo
989.001038724616,coho,hatch_tag,2021-03-17,Nanaimo
989.001038724641,coho,hatch_tag,2021-03-17,Nanaimo
989.001038724731,coho,hatch_tag,2021-03-17,Nanaimo
989.001038724743,coho,hatch_tag,2021-03-17,Nanaimo
989.001038724784,coho,hatch_tag,2021-03-17,Nanaimo
989.001038724899,coho,hatch_tag,2021-03-17,Nanaimo
989.001038724916,coho,hatch_tag,2021-03-17,Nanaimo
989.001038724962,coho,hatch_tag,2021-03-17,Nanaimo
989.001038724982,coho,hatch_tag,2021-03-17,Nanaimo
989.001038724987,coho,hatch_tag,2021-03-17,Nanaimo
989.001038725038,coho,hatch_tag,2021-03-17,Nanaimo
989.001038725077,coho,hatch_tag,2021-03-17,Nanaimo
989.001038725130,coho,hatch_tag,2021-03-17,Nanaimo
989.001038725136,coho,hatch_tag,2021-03-17,Nanaimo
989.001038725155,coho,hatch_tag,2021-03-17,Nanaimo
989.001038725263,coho,hatch_tag,2021-03-17,Nanaimo
989.001038725268,coho,hatch_tag,2021-03-17,Nanaimo
989.001038725311,coho,hatch_tag,2021-03-17,Nanaimo
989.001038725347,coho,hatch_tag,2021-03-17,Nanaimo
989.001038725366,coho,hatch_tag,2021-03-17,Nanaimo
989.001038725385,coho,hatch_tag,2021-03-17,Nanaimo
989.001038725418,coho,hatch_tag,2021-03-17,Nanaimo
989.001038725478,coho,hatch_tag,2021-03-17,Nanaimo
989.001038725511,coho,hatch_tag,2021-03-17,Nanaimo
989.001038725513,coho,hatch_tag,2021-03-17,Nanaimo
989.001038725525,coho,hatch_tag,2021-03-17,Nanaimo
989.001038725528,coho,hatch_tag,2021-03-17,Nanaimo
989.001038725597,coho,hatch_tag,2021-03-17,Nanaimo
989.001038725660,coho,hatch_tag,2021-03-17,Nanaimo
989.001038725671,coho,hatch_tag,2021-03-17,Nanaimo
989.001038725675,coho,hatch_tag,2021-03-17,Nanaimo
989.001038725691,coho,hatch_tag,2021-03-17,Nanaimo
989.001038725707,coho,hatch_tag,2021-03-17,Nanaimo
989.001038725765,coho,hatch_tag,2021-03-17,Nanaimo
989.001038725792,coho,hatch_tag,2021-03-17,Nanaimo
989.001038725812,coho,hatch_tag,2021-03-17,Nanaimo
989.001038725892,coho,hatch_tag,2021-03-17,Nanaimo
989.001038725919,coho,hatch_tag,2021-03-17,Nanaimo
989.001038725929,coho,hatch_tag,2021-03-17,Nanaimo
989.001038725931,coho,hatch_tag,2021-03-17,Nanaimo
989.001038726006,coho,hatch_tag,2021-03-17,Nanaimo
989.001038726031,coho,hatch_tag,2021-03-17,Nanaimo
989.001038726056,coho,hatch_tag,2021-03-17,Nanaimo
989.001038726100,coho,hatch_tag,2021-03-17,Nanaimo
989.001038726119,coho,hatch_tag,2021-03-17,Nanaimo
989.001038726124,coho,hatch_tag,2021-03-17,Nanaimo
989.001038726125,coho,hatch_tag,2021-03-17,Nanaimo
989.001038726151,coho,hatch_tag,2021-03-17,Nanaimo
989.001038726160,coho,hatch_tag,2021-03-17,Nanaimo
989.001038726227,coho,hatch_tag,2021-03-17,Nanaimo
989.001038726283,coho,hatch_tag,2021-03-17,Nanaimo
989.001038726315,coho,hatch_tag,2021-03-17,Nanaimo
989.001038726316,coho,hatch_tag,2021-03-17,Nanaimo
989.001038726331,coho,hatch_tag,2021-03-17,Nanaimo
989.001038726365,coho,hatch_tag,2021-03-17,Nanaimo
989.001038726392,coho,hatch_tag,2021-03-17,Nanaimo
989.001038726411,coho,hatch_tag,2021-03-17,Nanaimo
989.001038726524,coho,hatch_tag,2021-03-17,Nanaimo
989.001038726580,coho,hatch_tag,2021-03-17,Nanaimo
989.001038726620,coho,hatch_tag,2021-03-17,Nanaimo
989.001038726653,coho,hatch_tag,2021-03-17,Nanaimo
989.001038726665,coho,hatch_tag,2021-03-17,Nanaimo
989.001038726737,coho,hatch_tag,2021-03-17,Nanaimo
989.001038726906,coho,hatch_tag,2021-03-17,Nanaimo
989.001038726920,coho,hatch_tag,2021-03-17,Nanaimo
989.001038726973,coho,hatch_tag,2021-03-17,Nanaimo
989.001038727056,coho,hatch_tag,2021-03-17,Nanaimo
989.001038727133,coho,hatch_tag,2021-03-17,Nanaimo
989.001038727144,coho,hatch_tag,2021-03-17,Nanaimo
989.001038727169,coho,hatch_tag,2021-03-17,Nanaimo
989.001038727217,coho,hatch_tag,2021-03-17,Nanaimo
989.001038727227,coho,hatch_tag,2021-03-17,Nanaimo
989.001038727258,coho,hatch_tag,2021-03-17,Nanaimo
989.001038727259,coho,hatch_tag,2021-03-17,Nanaimo
989.001038727319,coho,hatch_tag,2021-03-17,Nanaimo
989.001038727343,coho,hatch_tag,2021-03-17,Nanaimo
989.001038727353,coho,hatch_tag,2021-03-17,Nanaimo
989.001038727359,coho,hatch_tag,2021-03-17,Nanaimo
989.001038727444,coho,hatch_tag,2021-03-17,Nanaimo
989.001038727496,coho,hatch_tag,2021-03-17,Nanaimo
989.001038727551,coho,hatch_tag,2021-03-17,Nanaimo
989.001038727579,coho,hatch_tag,2021-03-17,Nanaimo
989.001038727609,coho,hatch_tag,2021-03-17,Nanaimo
989.001038727617,coho,hatch_tag,2021-03-17,Nanaimo
989.001038727623,coho,hatch_tag,2021-03-17,Nanaimo
989.001038727634,coho,hatch_tag,2021-03-17,Nanaimo
989.001038727644,coho,hatch_tag,2021-03-17,Nanaimo
989.001038727752,coho,hatch_tag,2021-03-17,Nanaimo
989.001038727779,coho,hatch_tag,2021-03-17,Nanaimo
989.001038727799,coho,hatch_tag,2021-03-17,Nanaimo
989.001038727883,coho,hatch_tag,2021-03-17,Nanaimo
989.001038727945,coho,hatch_tag,2021-03-17,Nanaimo
989.001038727974,coho,hatch_tag,2021-03-17,Nanaimo
989.001038727976,coho,hatch_tag,2021-03-17,Nanaimo
989.001038728021,coho,hatch_tag,2021-03-17,Nanaimo
989.001038728278,coho,hatch_tag,2021-03-17,Nanaimo
989.001038728372,coho,hatch_tag,2021-03-17,Nanaimo
989.001038728393,coho,hatch_tag,2021-03-17,Nanaimo
989.001038728407,coho,hatch_tag,2021-03-17,Nanaimo
989.001038728464,coho,hatch_tag,2021-03-17,Nanaimo
989.001038728477,coho,hatch_tag,2021-03-17,Nanaimo
989.001038729365,chinook,hatch_tag,2021-04-01,Quinsam
989.001038730028,chinook,hatch_tag,2021-04-01,Quinsam
989.001038730425,chinook,hatch_tag,2021-04-01,Quinsam
989.001038730446,chinook,hatch_tag,2021-04-01,Quinsam
989.001038730786,chinook,hatch_tag,2021-04-01,Quinsam
989.001038730938,chinook,hatch_tag,2021-04-01,Quinsam
989.001038731312,chinook,hatch_tag,2021-04-01,Quinsam
989.001038731733,chinook,hatch_tag,2021-04-01,Quinsam
989.001038733129,chinook,hatch_tag,2021-04-01,Quinsam
989.001038733358,chinook,hatch_tag,2021-04-01,Quinsam
989.001038733648,chinook,river,2021-05-18,Cowichan
989.001038733656,chinook,river,2021-05-18,Cowichan
989.001038733661,coho,river,2021-05-18,Cowichan
989.001038733699,chinook,river,2021-05-18,Cowichan
989.001038733716,coho,river,2021-05-18,Cowichan
989.001038733802,coho,river,2021-05-19,Cowichan
989.001038733816,coho,river,2021-05-19,Cowichan
989.001038733830,coho,river,2021-05-19,Cowichan
989.001038733847,coho,river,2021-05-19,Cowichan
989.001038733861,chinook,river,2021-05-20,Cowichan
989.001038733886,chinook,river,2021-05-20,Cowichan
989.001038733896,chinook,river,2021-05-20,Cowichan
989.001038733954,coho,river,2021-05-20,Cowichan
989.001038733968,chinook,river,2021-05-20,Cowichan
989.001038734040,chinook,river,2021-05-20,Cowichan
989.001038734042,coho,river,2021-05-20,Cowichan
989.001038734095,chinook,river,2021-05-27,Cowichan
989.001038734109,chinook,river,2021-05-27,Cowichan
989.001038734141,chinook,river,2021-05-27,Cowichan
989.001038734182,coho,river,2021-05-17,Cowichan
989.001038734245,coho,river,2021-05-17,Cowichan
989.001038734398,chinook,river,2021-05-20,Cowichan
989.001038734432,chinook,estuary,2021-06-01,Cowichan
989.001038734441,coho,river,2021-05-20,Cowichan
989.001038734467,chinook,river,2021-05-20,Cowichan
989.001038734510,coho,river,2021-05-20,Cowichan
989.001038734533,coho,river,2021-05-20,Cowichan
989.001038734544,coho,river,2021-05-20,Cowichan
989.001038734551,coho,river,2021-05-20,Cowichan
989.001038734556,chinook,river,2021-05-20,Cowichan
989.001038734588,chinook,estuary,2021-06-01,Cowichan
989.001038734597,chinook,estuary,2021-06-01,Cowichan
989.001038734604,chinook,estuary,2021-06-01,Cowichan
989.001038734684,chinook,river,2021-05-19,Cowichan
989.001038734741,chinook,river,2021-05-19,Cowichan
989.001038734814,chinook,river,2021-05-20,Cowichan
989.001038734835,coho,river,2021-05-20,Cowichan
989.001038734858,chinook,river,2021-05-20,Cowichan
989.001038734978,chinook,river,2021-05-20,Cowichan
989.001038735019,coho,river,2021-05-20,Cowichan
989.001038735025,chinook,river,2021-05-20,Cowichan
989.001038735040,chinook,river,2021-05-20,Cowichan
989.001038735046,chinook,river,2021-05-20,Cowichan
989.001038735093,chinook,estuary,2021-06-08,Cowichan
989.001038735148,chinook,estuary,2021-06-08,Cowichan
989.001038735209,chinook,river,2021-05-20,Cowichan
989.001038735226,chinook,river,2021-05-20,Cowichan
989.001038735256,chinook,river,2021-05-20,Cowichan
989.001038735287,coho,river,2021-05-19,Cowichan
989.001038735301,chinook,river,2021-05-19,Cowichan
989.001038735315,coho,river,2021-05-19,Cowichan
989.001038735364,chinook,river,2021-05-19,Cowichan
989.001038735409,coho,river,2021-05-20,Cowichan
989.001038735414,chinook,river,2021-05-20,Cowichan
989.001038735425,chinook,river,2021-05-20,Cowichan
989.001038735427,chinook,river,2021-05-20,Cowichan
989.001038735443,chinook,river,2021-05-20,Cowichan
989.001038735471,chinook,river,2021-05-20,Cowichan
989.001038735501,chinook,river,2021-05-20,Cowichan
989.001038735519,coho,river,2021-05-20,Cowichan
989.001038735584,chinook,estuary,2021-06-17,Cowichan
989.001038735615,chinook,estuary,2021-06-17,Cowichan
989.001038735630,chinook,estuary,2021-06-17,Cowichan
989.001038735633,coho,river,2022-05-09,Englishman
989.001038735797,chinook,river,2021-05-19,Cowichan
989.001038735818,chinook,river,2021-05-19,Cowichan
989.001038735864,chinook,river,2021-05-19,Cowichan
989.001038735920,chinook,estuary,2021-06-01,Cowichan
989.001038735924,chinook,estuary,2021-06-01,Cowichan
989.001038735925,chinook,estuary,2021-06-01,Cowichan
989.001038735930,chinook,estuary,2021-06-01,Cowichan
989.001038735957,chinook,estuary,2021-06-01,Cowichan
989.001038735973,chinook,estuary,2021-06-01,Cowichan
989.001038736025,chinook,estuary,2021-06-17,Cowichan
989.001038736099,chinook,estuary,2021-06-01,Cowichan
989.001038736128,chinook,estuary,2021-06-01,Cowichan
989.001038736158,chinook,estuary,2021-06-01,Cowichan
989.001038736303,coho,river,2021-05-19,Cowichan
989.001038736364,coho,river,2021-05-19,Cowichan
989.001038736387,chinook,river,2021-05-19,Cowichan
989.001038736423,chinook,estuary,2021-06-01,Cowichan
989.001038736460,chinook,estuary,2021-06-01,Cowichan
989.001038736480,chinook,estuary,2021-06-01,Cowichan
989.001038736494,chinook,estuary,2021-06-01,Cowichan
989.001038736503,chinook,estuary,2021-06-01,Cowichan
989.001038736505,chinook,estuary,2021-06-01,Cowichan
989.001038736553,chinook,estuary,2021-06-01,Cowichan
989.001038736623,chinook,river,2021-05-28,Cowichan
989.001038736644,chinook,river,2021-05-28,Cowichan
989.001038736713,chinook,estuary,2021-06-01,Cowichan
989.001038736773,chinook,estuary,2021-06-01,Cowichan
989.001038736800,chinook,estuary,2021-06-01,Cowichan
989.001038736843,chinook,estuary,2021-06-01,Cowichan
989.001038736891,chinook,estuary,2021-06-01,Cowichan
989.001038736911,chinook,estuary,2021-06-03,Cowichan
989.001038736963,chinook,estuary,2021-06-03,Cowichan
989.001038736969,chinook,estuary,2021-06-03,Cowichan
989.001038736975,chinook,estuary,2021-06-03,Cowichan
989.001038737049,chinook,estuary,2021-06-03,Cowichan
989.001038737274,chinook,estuary,2021-06-03,Cowichan
989.001038737324,steelhead,estuary,2021-06-08,Cowichan
989.001038737382,chinook,estuary,2021-06-08,Cowichan
989.001038737395,chinook,estuary,2021-06-08,Cowichan
989.001038737399,chinook,estuary,2021-06-03,Cowichan
989.001038737599,chinook,estuary,2021-06-03,Cowichan
989.001038737615,chinook,estuary,2021-06-03,Cowichan
989.001038737691,chinook,estuary,2021-06-03,Cowichan
989.001038737795,chinook,estuary,2021-06-03,Cowichan
989.001038737836,chinook,estuary,2021-06-15,Cowichan
989.001038737877,chinook,estuary,2021-06-15,Cowichan
989.001038737883,chinook,estuary,2021-06-15,Cowichan
989.001038737913,chinook,estuary,2021-06-10,Cowichan
989.001038737941,chinook,estuary,2021-06-10,Cowichan
989.001038737966,chinook,estuary,2021-06-10,Cowichan
989.001038738037,chinook,estuary,2021-06-08,Cowichan
989.001038738067,chinook,estuary,2021-06-08,Cowichan
989.001038738077,chinook,estuary,2021-06-08,Cowichan
989.001038738091,chinook,estuary,2021-06-08,Cowichan
989.001038738108,chinook,estuary,2021-06-15,Cowichan
989.001038738124,chinook,estuary,2021-06-15,Cowichan
989.001038738144,chinook,estuary,2021-06-15,Cowichan
989.001038738166,chinook,estuary,2021-06-15,Cowichan
989.001038738173,chinook,estuary,2021-06-15,Cowichan
989.001038738176,chinook,estuary,2021-06-15,Cowichan
989.001038738179,chinook,estuary,2021-06-15,Cowichan
989.001038738229,chinook,estuary,2021-06-03,Cowichan
989.001038738293,chinook,estuary,2021-06-03,Cowichan
989.001038738306,chinook,estuary,2021-06-03,Cowichan
989.001038738371,chinook,estuary,2021-06-10,Cowichan
989.001038738425,chinook,estuary,2021-06-08,Cowichan
989.001038738432,chinook,estuary,2021-06-08,Cowichan
989.001038738465,chinook,estuary,2021-06-08,Cowichan
989.001038738531,chinook,estuary,2021-06-15,Cowichan
989.001038738755,chinook,hatch_tag,2021-04-21,Puntledge fall
989.001038739012,chinook,hatch_tag,2021-04-21,Puntledge fall
989.001038739094,chinook,hatch_tag,2021-04-21,Puntledge fall
989.001038739151,chinook,hatch_tag,2021-04-21,Puntledge fall
989.001038739228,chinook,hatch_tag,2021-04-21,Puntledge fall
989.001038739298,chinook,hatch_tag,2021-04-21,Puntledge fall
989.001038739821,chinook,hatch_tag,2021-04-21,Puntledge fall
989.001038739848,chinook,hatch_tag,2021-04-21,Puntledge fall
989.001038739983,chinook,hatch_tag,2021-04-21,Puntledge fall
989.001038740325,chinook,hatch_tag,2021-04-21,Puntledge fall
989.001038740762,chinook,hatch_tag,2021-04-21,Puntledge fall
989.001038740893,chinook,hatch_tag,2021-04-21,Puntledge fall
989.001038741117,chinook,hatch_tag,2021-04-21,Puntledge fall
989.001038741372,chinook,hatch_tag,2021-04-21,Puntledge fall
989.001038741622,chinook,hatch_tag,2021-04-21,Puntledge fall
989.001038741629,chinook,hatch_tag,2021-04-21,Puntledge fall
989.001038741833,chinook,hatch_tag,2021-04-21,Puntledge fall
989.001038741950,chinook,hatch_tag,2021-04-21,Puntledge fall
989.001038742185,chinook,hatch_tag,2021-04-21,Puntledge fall
989.001038742495,chinook,hatch_tag,2021-04-21,Puntledge fall
989.001038742652,chinook,hatch_tag,2021-04-21,Puntledge fall
989.001038743092,chinook,hatch_tag,2021-04-21,Puntledge fall
989.001038743738,chinook,hatch_tag,2021-04-21,Puntledge fall
989.001038743780,coho,river,2021-04-30,Englishman
989.001038743787,coho,river,2021-04-30,Englishman
989.001038743819,coho,river,2021-04-30,Englishman
989.001038743820,coho,river,2021-04-30,Englishman
989.001038743828,coho,river,2021-04-30,Englishman
989.001038743991,coho,river,2021-05-19,Englishman
989.001038744044,coho,river,2021-05-19,Englishman
989.001038744079,chinook,estuary,2021-06-07,Nanaimo summer
989.001038744204,chinook,estuary,2021-06-09,Nanaimo fall
989.001038744237,none,estuary,2021-06-09,Nanaimo fall
989.001038744271,none,estuary,2021-06-09,Nanaimo fall
989.001038744295,coho,river,2021-04-20,Englishman
989.001038744371,coho,river,2021-04-20,Englishman
989.001038744494,coho,river,2021-04-30,Englishman
989.001038744500,coho,river,2021-04-30,Englishman
989.001038744631,coho,river,2021-05-05,Englishman
989.001038744672,coho,river,2021-05-05,Englishman
989.001038744747,coho,river,2021-05-13,Englishman
989.001038744837,coho,river,2021-04-27,Englishman
989.001038744993,coho,river,2021-05-03,Englishman
989.001038745002,coho,river,2021-04-30,Englishman
989.001038745024,coho,river,2021-04-30,Englishman
989.001038745121,coho,river,2021-05-05,Englishman
989.001038745242,none,estuary,2021-06-07,Nanaimo fall
989.001038745258,chinook,estuary,2021-06-07,Nanaimo fall
989.001038745296,coho,river,2021-04-16,Englishman
989.001038745454,coho,river,2021-04-22,Englishman
989.001038745459,coho,river,2021-04-22,Englishman
989.001038745512,coho,river,2021-04-30,Englishman
989.001038745527,coho,river,2021-04-30,Englishman
989.001038745529,coho,river,2021-04-30,Englishman
989.001038745589,coho,river,2021-04-30,Englishman
989.001038745613,coho,river,2021-04-26,Englishman
989.001038745643,coho,river,2021-04-26,Englishman
989.001038745682,coho,river,2021-04-26,Englishman
989.001038745706,coho,river,2021-04-23,Englishman
989.001038745713,coho,river,2021-04-23,Englishman
989.001038745763,coho,river,2021-04-23,Englishman
989.001038746037,coho,river,2021-05-13,Englishman
989.001038746054,coho,river,2021-05-14,Englishman
989.001038746164,coho,river,2021-05-19,Englishman
989.001038746234,coho,river,2022-05-04,Englishman
989.001038746270,coho,river,2022-05-04,Englishman
989.001038746272,coho,river,2022-05-04,Englishman
989.001038746327,coho,river,2021-04-18,Englishman
989.001038746436,coho,river,2021-04-26,Englishman
989.001038746447,coho,river,2021-04-26,Englishman
989.001038746457,coho,river,2021-04-26,Englishman
989.001038746465,coho,river,2021-04-26,Englishman
989.001038746574,coho,river,2021-05-05,Englishman
989.001038746589,coho,river,2021-05-03,Englishman
989.001038746877,coho,river,2021-05-10,Englishman
989.001038746967,coho,river,2021-05-12,Englishman
989.001038746976,coho,river,2021-05-12,Englishman
989.001038747025,coho,river,2021-05-14,Englishman
989.001038747313,chinook,estuary,2021-06-14,Cowichan
989.001038747369,chinook,estuary,2021-06-14,Little Qualicum
989.001038747383,chinook,estuary,2021-06-14,Nanaimo fall
989.001038747468,coho,river,2021-05-10,Englishman
989.001038747598,coho,river,2021-05-12,Englishman
989.001038747609,coho,river,2021-05-19,Englishman
989.001038747611,coho,river,2021-05-19,Englishman
989.001038747645,coho,river,2021-05-19,Englishman
989.001038747744,coho,river,2021-05-28,Englishman
989.001038747771,coho,river,2021-05-28,Englishman
989.001038747823,coho,river,2021-05-17,Englishman
989.001038747919,coho,river,2021-05-21,Englishman
989.001038747927,coho,river,2021-05-21,Englishman
989.001038747963,coho,river,2021-05-19,Englishman
989.001038748033,chinook,river,2021-06-02,Nanaimo fall
989.001038748051,chinook,river,2021-06-04,Nanaimo fall
989.001038748160,chinook,river,2021-06-11,Nanaimo fall
989.001038748415,coho,river,2021-05-13,Englishman
989.001038748423,coho,river,2021-05-13,Englishman
989.001038748469,coho,river,2021-05-13,Englishman
989.001038748480,coho,river,2021-05-13,Englishman
989.001038748516,coho,river,2021-05-14,Englishman
989.001038748532,coho,river,2021-05-14,Englishman
989.001038748543,coho,river,2021-05-14,Englishman
989.001038849300,coho,hatch_tag,2021-04-14,Big Qualicum
989.001038849319,coho,hatch_tag,2021-04-14,Big Qualicum
989.001038849335,coho,hatch_tag,2021-04-14,Big Qualicum
989.001038849365,coho,hatch_tag,2021-04-14,Big Qualicum
989.001038849547,coho,hatch_tag,2021-04-14,Big Qualicum
989.001038849649,coho,hatch_tag,2021-04-14,Big Qualicum
989.001038849672,coho,hatch_tag,2021-04-14,Big Qualicum
989.001038849771,coho,hatch_tag,2021-04-14,Big Qualicum
989.001038849792,coho,hatch_tag,2021-04-14,Big Qualicum
989.001038849887,coho,hatch_tag,2021-04-14,Big Qualicum
989.001038849926,coho,hatch_tag,2021-04-14,Big Qualicum
989.001038849986,coho,hatch_tag,2021-04-14,Big Qualicum
989.001038850059,coho,hatch_tag,2021-04-14,Big Qualicum
989.001038850128,coho,hatch_tag,2021-04-14,Big Qualicum
989.001038850131,coho,hatch_tag,2021-04-14,Big Qualicum
989.001038850181,coho,hatch_tag,2021-04-14,Big Qualicum
989.001038850212,coho,hatch_tag,2021-04-14,Big Qualicum
989.001038850222,coho,hatch_tag,2021-04-14,Big Qualicum
989.001038850285,coho,hatch_tag,2021-04-14,Big Qualicum
989.001038850305,coho,hatch_tag,2021-04-14,Big Qualicum
989.001038850429,coho,hatch_tag,2021-04-14,Big Qualicum
989.001038850477,coho,hatch_tag,2021-04-14,Big Qualicum
989.001038850483,coho,hatch_tag,2021-04-14,Big Qualicum
989.001038850560,coho,hatch_tag,2021-04-14,Big Qualicum
989.001038850823,coho,hatch_tag,2021-04-14,Big Qualicum
989.001038850838,coho,hatch_tag,2021-04-14,Big Qualicum
989.001038850916,coho,hatch_tag,2021-04-14,Big Qualicum
989.001038850956,coho,hatch_tag,2021-04-14,Big Qualicum
989.001038851011,coho,hatch_tag,2021-04-14,Big Qualicum
989.001038851179,coho,hatch_tag,2021-04-14,Big Qualicum
989.001038851327,coho,hatch_tag,2021-04-14,Big Qualicum
989.001038851378,coho,hatch_tag,2021-04-14,Big Qualicum
989.001038851440,coho,hatch_tag,2021-04-14,Big Qualicum
989.001038851455,coho,hatch_tag,2021-04-14,Big Qualicum
989.001038851538,coho,hatch_tag,2021-04-14,Big Qualicum
989.001038851580,coho,hatch_tag,2021-04-14,Big Qualicum
989.001038851704,coho,hatch_tag,2021-04-14,Big Qualicum
989.001038851834,coho,hatch_tag,2021-04-14,Big Qualicum
989.001038851857,coho,hatch_tag,2021-04-14,Big Qualicum
989.001038851860,coho,hatch_tag,2021-04-14,Big Qualicum
989.001038851979,coho,hatch_tag,2021-04-14,Big Qualicum
989.001038851980,coho,hatch_tag,2021-04-14,Big Qualicum
989.001038852020,coho,hatch_tag,2021-04-14,Big Qualicum
989.001038852023,coho,hatch_tag,2021-04-14,Big Qualicum
989.001038852048,coho,hatch_tag,2021-04-14,Big Qualicum
989.001038852125,coho,hatch_tag,2021-04-14,Big Qualicum
989.001038852211,coho,hatch_tag,2021-04-14,Big Qualicum
989.001038852298,coho,hatch_tag,2021-04-14,Big Qualicum
989.001038852379,coho,hatch_tag,2021-04-14,Big Qualicum
989.001038852408,coho,hatch_tag,2021-04-14,Big Qualicum
989.001038852480,coho,hatch_tag,2021-04-14,Big Qualicum
989.001038852586,coho,hatch_tag,2021-04-14,Big Qualicum
989.001038852711,coho,hatch_tag,2021-04-14,Big Qualicum
989.001038852838,coho,hatch_tag,2021-04-14,Big Qualicum
989.001038852851,coho,hatch_tag,2021-04-14,Big Qualicum
989.001038852853,coho,hatch_tag,2021-04-14,Big Qualicum
989.001038852869,coho,hatch_tag,2021-04-14,Big Qualicum
989.001038852889,coho,hatch_tag,2021-04-14,Big Qualicum
989.001038852914,coho,hatch_tag,2021-04-14,Big Qualicum
989.001038852919,coho,hatch_tag,2021-04-14,Big Qualicum
989.001038853094,coho,hatch_tag,2021-04-14,Big Qualicum
989.001038853106,coho,hatch_tag,2021-04-14,Big Qualicum
989.001038853144,coho,hatch_tag,2021-04-14,Big Qualicum
989.001038853207,coho,hatch_tag,2021-04-14,Big Qualicum
989.001038853209,coho,hatch_tag,2021-04-14,Big Qualicum
989.001038853283,coho,hatch_tag,2021-04-14,Big Qualicum
989.001038853306,coho,hatch_tag,2021-04-14,Big Qualicum
989.001038853332,coho,hatch_tag,2021-04-14,Big Qualicum
989.001038853395,coho,hatch_tag,2021-04-14,Big Qualicum
989.001038853405,coho,hatch_tag,2021-04-14,Big Qualicum
989.001038853441,coho,hatch_tag,2021-04-14,Big Qualicum
989.001038853456,coho,hatch_tag,2021-04-14,Big Qualicum
989.001038853466,coho,hatch_tag,2021-04-14,Big Qualicum
989.001038853467,coho,hatch_tag,2021-04-14,Big Qualicum
989.001038853600,coho,hatch_tag,2021-04-14,Big Qualicum
989.001038854042,coho,hatch_tag,2021-04-14,Big Qualicum
989.001038854049,coho,hatch_tag,2021-04-14,Big Qualicum
989.001038854131,coho,hatch_tag,2021-04-14,Big Qualicum
989.001038854231,coho,hatch_tag,2021-04-14,Big Qualicum
989.001038854314,coho,river,2021-05-12,Cowichan
989.001038854338,coho,river,2021-05-12,Cowichan
989.001038854343,coho,river,2021-05-12,Cowichan
989.001038854365,coho,river,2021-05-12,Cowichan
989.001038854405,coho,river,2021-05-10,Cowichan
989.001038854430,coho,river,2021-05-10,Cowichan
989.001038854439,coho,river,2021-05-10,Cowichan
989.001038854450,coho,river,2021-05-10,Cowichan
989.001038854481,chinook,river,2021-05-10,Cowichan
989.001038854482,chinook,river,2021-05-10,Cowichan
989.001038854492,coho,river,2021-05-10,Cowichan
989.001038854495,coho,river,2021-05-10,Cowichan
989.001038854514,coho,river,2021-05-14,Cowichan
989.001038854519,chinook,river,2021-05-14,Cowichan
989.001038854522,coho,river,2021-05-14,Cowichan
989.001038854523,chinook,river,2021-05-14,Cowichan
989.001038854539,coho,river,2021-05-14,Cowichan
989.001038854555,coho,river,2021-05-14,Cowichan
989.001038854561,coho,river,2021-05-14,Cowichan
989.001038854576,coho,river,2021-05-14,Cowichan
989.001038854626,coho,river,2021-05-14,Cowichan
989.001038854633,coho,river,2021-05-14,Cowichan
989.001038854637,coho,river,2021-05-14,Cowichan
989.001038854641,coho,river,2021-05-14,Cowichan
989.001038854646,coho,river,2021-05-14,Cowichan
989.001038854654,coho,river,2021-05-14,Cowichan
989.001038854676,coho,river,2021-05-14,Cowichan
989.001038854680,coho,river,2021-05-14,Cowichan
989.001038854688,coho,river,2021-05-14,Cowichan
989.001038854700,coho,river,2021-05-18,Cowichan
989.001038854711,chinook,river,2021-05-18,Cowichan
989.001038854765,coho,river,2021-05-18,Cowichan
989.001038854806,coho,river,2021-05-14,Cowichan
989.001038854844,coho,river,2021-05-12,Cowichan
989.001038854847,coho,river,2021-05-12,Cowichan
989.001038854881,coho,river,2021-05-12,Cowichan
989.001038854895,coho,river,2021-05-14,Cowichan
989.001038854903,coho,river,2021-05-10,Cowichan
989.001038854907,coho,river,2021-05-10,Cowichan
989.001038854920,coho,river,2021-05-10,Cowichan
989.001038854960,coho,river,2021-05-10,Cowichan
989.001038854970,coho,river,2021-05-10,Cowichan
989.001038854974,coho,river,2021-05-10,Cowichan
989.001038854980,coho,river,2021-05-10,Cowichan
989.001038854994,coho,river,2021-05-10,Cowichan
989.001038855018,coho,river,2021-05-14,Cowichan
989.001038855027,chinook,river,2021-05-14,Cowichan
989.001038855063,coho,river,2021-05-14,Cowichan
989.001038855076,coho,river,2021-05-14,Cowichan
989.001038855105,chinook,river,2021-05-14,Cowichan
989.001038855106,chinook,river,2021-05-14,Cowichan
989.001038855142,chinook,river,2021-05-14,Cowichan
989.001038855163,chinook,river,2021-05-14,Cowichan
989.001038855180,chinook,river,2021-05-14,Cowichan
989.001038855213,coho,river,2021-05-17,Cowichan
989.001038855235,chinook,river,2021-05-17,Cowichan
989.001038855243,coho,river,2021-05-17,Cowichan
989.001038855258,coho,river,2021-05-17,Cowichan
989.001038855262,coho,river,2021-05-17,Cowichan
989.001038855266,coho,river,2021-05-17,Cowichan
989.001038855282,chinook,river,2021-05-17,Cowichan
989.001038855291,coho,river,2021-05-17,Cowichan
989.001038855323,coho,river,2021-05-10,Cowichan
989.001038855338,coho,river,2021-05-10,Cowichan
989.001038855359,coho,river,2021-05-10,Cowichan
989.001038855408,coho,river,2021-05-10,Cowichan
989.001038855419,coho,river,2021-05-10,Cowichan
989.001038855427,coho,river,2021-05-10,Cowichan
989.001038855490,chinook,river,2021-05-10,Cowichan
989.001038855508,chinook,river,2021-05-14,Cowichan
989.001038855512,coho,river,2021-05-14,Cowichan
989.001038855515,coho,river,2021-05-14,Cowichan
989.001038855527,coho,river,2021-05-14,Cowichan
989.001038855530,coho,river,2021-05-14,Cowichan
989.001038855535,chinook,river,2021-05-14,Cowichan
989.001038855599,coho,river,2021-05-14,Cowichan
989.001038855625,coho,river,2021-05-13,Cowichan
989.001038855628,coho,river,2021-05-13,Cowichan
989.001038855639,coho,river,2021-05-13,Cowichan
989.001038855645,chinook,river,2021-05-13,Cowichan
989.001038855677,coho,river,2021-05-13,Cowichan
989.001038855685,chinook,river,2021-05-13,Cowichan
989.001038855706,coho,river,2021-05-18,Cowichan
989.001038855708,coho,river,2021-05-18,Cowichan
989.001038855718,chinook,river,2021-05-18,Cowichan
989.001038855722,chinook,river,2021-05-18,Cowichan
989.001038855780,chinook,river,2021-05-18,Cowichan
989.001038855821,coho,river,2021-04-29,Cowichan
989.001038855832,coho,river,2021-04-29,Cowichan
989.001038855897,coho,river,2021-04-29,Cowichan
989.001038855934,coho,river,2021-05-10,Cowichan
989.001038855938,coho,river,2021-05-10,Cowichan
989.001038855947,coho,river,2021-05-10,Cowichan
989.001038855948,coho,river,2021-05-10,Cowichan
989.001038855949,coho,river,2021-05-10,Cowichan
989.001038855951,coho,river,2021-05-10,Cowichan
989.001038855966,chinook,river,2021-05-10,Cowichan
989.001038855967,coho,river,2021-05-10,Cowichan
989.001038855986,coho,river,2021-05-10,Cowichan
989.001038855996,coho,river,2021-05-10,Cowichan
989.001038855998,coho,river,2021-05-10,Cowichan
989.001038856006,coho,river,2021-05-12,Cowichan
989.001038856045,coho,river,2021-05-12,Cowichan
989.001038856055,coho,river,2021-05-12,Cowichan
989.001038856087,coho,river,2021-05-12,Cowichan
989.001038856097,coho,river,2021-05-12,Cowichan
989.001038856122,coho,river,2021-05-13,Cowichan
989.001038856124,chinook,river,2021-05-13,Cowichan
989.001038856135,coho,river,2021-05-13,Cowichan
989.001038856148,coho,river,2021-05-13,Cowichan
989.001038856240,coho,river,2021-05-17,Cowichan
989.001038856318,coho,river,2021-05-10,Cowichan
989.001038856322,coho,river,2021-05-10,Cowichan
989.001038856323,chinook,river,2021-05-10,Cowichan
989.001038856327,coho,river,2021-05-10,Cowichan
989.001038856332,coho,river,2021-05-10,Cowichan
989.001038856344,coho,river,2021-05-10,Cowichan
989.001038856373,coho,river,2021-05-10,Cowichan
989.001038856395,coho,river,2021-05-10,Cowichan
989.001038856410,coho,river,2021-05-10,Cowichan
989.001038856421,coho,river,2021-05-10,Cowichan
989.001038856436,coho,river,2021-05-10,Cowichan
989.001038856452,coho,river,2021-05-10,Cowichan
989.001038856496,chinook,river,2021-05-10,Cowichan
989.001038856508,coho,river,2021-05-12,Cowichan
989.001038856521,coho,river,2021-05-12,Cowichan
989.001038856533,coho,river,2021-05-12,Cowichan
989.001038856659,coho,river,2021-05-13,Cowichan
989.001038856660,chinook,river,2021-05-13,Cowichan
989.001038856675,coho,river,2021-05-13,Cowichan
989.001038856725,coho,river,2021-05-18,Cowichan
989.001038856737,coho,river,2021-05-18,Cowichan
989.001038856770,coho,river,2021-05-18,Cowichan
989.001038856783,chinook,river,2021-05-18,Cowichan
989.001038856849,chinook,estuary,2021-06-15,Cowichan
989.001038856884,chinook,estuary,2021-06-15,Cowichan
989.001038856925,chinook,river,2021-05-10,Cowichan
989.001038857070,coho,river,2021-05-14,Cowichan
989.001038857101,chinook,river,2021-05-14,Cowichan
989.001038857102,chinook,river,2021-05-14,Cowichan
989.001038857138,chinook,river,2021-05-13,Cowichan
989.001038857141,chinook,river,2021-05-13,Cowichan
989.001038857154,coho,river,2021-05-13,Cowichan
989.001038857159,coho,river,2021-05-13,Cowichan
989.001038857165,coho,river,2021-05-13,Cowichan
989.001038857184,coho,river,2021-05-13,Cowichan
989.001038857185,chinook,river,2021-05-13,Cowichan
989.001038857205,chinook,river,2021-05-18,Cowichan
989.001038857224,coho,river,2021-05-18,Cowichan
989.001038857238,coho,river,2021-05-17,Cowichan
989.001038857288,chinook,river,2021-05-17,Cowichan
989.001038857318,coho,river,2021-05-07,Cowichan
989.001038857322,coho,river,2021-05-07,Cowichan
989.001038857336,coho,river,2021-05-07,Cowichan
989.001038857341,coho,river,2021-05-07,Cowichan
989.001038857346,coho,river,2021-05-07,Cowichan
989.001038857347,coho,river,2021-05-07,Cowichan
989.001038857348,coho,river,2021-05-07,Cowichan
989.001038857359,coho,river,2021-05-07,Cowichan
989.001038857360,coho,river,2021-05-07,Cowichan
989.001038857377,coho,river,2021-05-07,Cowichan
989.001038857416,chinook,river,2021-05-11,Cowichan
989.001038857447,chinook,river,2021-05-11,Cowichan
989.001038857470,chinook,river,2021-05-11,Cowichan
989.001038857477,chinook,river,2021-05-11,Cowichan
989.001038857532,chinook,river,2021-05-13,Cowichan
989.001038857540,coho,river,2021-05-13,Cowichan
989.001038857543,coho,river,2021-05-13,Cowichan
989.001038857570,coho,river,2021-05-13,Cowichan
989.001038857575,chinook,river,2021-05-13,Cowichan
989.001038857583,coho,river,2021-05-13,Cowichan
989.001038857611,coho,river,2021-05-13,Cowichan
989.001038857613,coho,river,2021-05-13,Cowichan
989.001038857684,coho,river,2021-05-13,Cowichan
989.001038857712,chinook,river,2021-05-18,Cowichan
989.001038857777,chinook,river,2021-05-18,Cowichan
989.001038857802,chinook,river,2021-05-18,Cowichan
989.001038857853,coho,river,2021-05-03,Cowichan
989.001038857887,chinook,river,2021-04-29,Cowichan
989.001038857891,coho,river,2021-05-03,Cowichan
989.001038857911,coho,river,2021-05-10,Cowichan
989.001038857951,coho,river,2021-05-07,Cowichan
989.001038857953,coho,river,2021-05-07,Cowichan
989.001038857973,coho,river,2021-05-07,Cowichan
989.001038858003,coho,river,2021-05-07,Cowichan
989.001038858025,coho,river,2021-05-19,Cowichan
989.001038858064,chinook,river,2021-05-19,Cowichan
989.001038858066,chinook,river,2021-05-19,Cowichan
989.001038858070,coho,river,2021-05-19,Cowichan
989.001038858091,coho,river,2021-05-19,Cowichan
989.001038858106,chinook,river,2021-05-19,Cowichan
989.001038858168,coho,river,2021-05-19,Cowichan
989.001038858246,coho,river,2021-05-17,Cowichan
989.001038858258,coho,river,2021-05-17,Cowichan
989.001038858292,coho,river,2021-05-17,Cowichan
989.001038858301,coho,river,2021-05-17,Cowichan
989.001038858322,coho,river,2021-05-05,Cowichan
989.001038858345,coho,river,2021-05-05,Cowichan
989.001038858354,coho,river,2021-05-05,Cowichan
989.001038858376,coho,river,2021-05-05,Cowichan
989.001038858402,coho,river,2021-05-05,Cowichan
989.001038858406,coho,river,2021-05-05,Cowichan
989.001038858461,coho,river,2021-05-10,Cowichan
989.001038858482,coho,river,2021-05-10,Cowichan
989.001038858491,chinook,river,2021-05-12,Cowichan
989.001038858495,chinook,river,2021-05-12,Cowichan
989.001038858519,coho,river,2021-05-13,Cowichan
989.001038858520,coho,river,2021-05-13,Cowichan
989.001038858540,coho,river,2021-05-13,Cowichan
989.001038858581,coho,river,2021-05-13,Cowichan
989.001038858585,chinook,river,2021-05-13,Cowichan
989.001038858603,coho,river,2021-05-13,Cowichan
989.001038858628,chinook,river,2021-05-13,Cowichan
989.001038858639,chinook,river,2021-05-13,Cowichan
989.001038858647,coho,river,2021-05-13,Cowichan
989.001038858745,chinook,river,2021-05-18,Cowichan
989.001038858748,coho,river,2021-05-18,Cowichan
989.001038858822,coho,river,2021-05-07,Cowichan
989.001038858865,coho,river,2021-05-07,Cowichan
989.001038858907,coho,river,2021-05-07,Cowichan
989.001038858911,coho,river,2021-05-07,Cowichan
989.001038858920,coho,river,2021-05-07,Cowichan
989.001038858937,coho,river,2021-05-07,Cowichan
989.001038858940,coho,river,2021-05-07,Cowichan
989.001038858942,coho,river,2021-05-07,Cowichan
989.001038858967,coho,river,2021-05-07,Cowichan
989.001038858990,coho,river,2021-05-07,Cowichan
989.001038858992,coho,river,2021-05-07,Cowichan
989.001038858994,coho,river,2021-05-07,Cowichan
989.001038859007,coho,river,2021-05-07,Cowichan
989.001038859015,coho,river,2021-05-17,Cowichan
989.001038859025,chinook,river,2021-05-17,Cowichan
989.001038859069,coho,river,2021-05-17,Cowichan
989.001038859076,coho,river,2021-05-17,Cowichan
989.001038859100,coho,river,2021-05-17,Cowichan
989.001038859108,chinook,river,2021-05-17,Cowichan
989.001038859180,coho,river,2021-05-17,Cowichan
989.001038859184,coho,river,2021-05-17,Cowichan
989.001038859190,coho,river,2021-05-17,Cowichan
989.001038859241,chinook,river,2021-05-18,Cowichan
989.001038859280,chinook,river,2021-05-18,Cowichan
989.001038859297,chinook,river,2021-05-18,Cowichan
989.001038859315,coho,hatch_tag,2021-04-12,Puntledge
989.001038859341,coho,hatch_tag,2021-04-12,Puntledge
989.001038859351,coho,hatch_tag,2021-04-12,Puntledge
989.001038859365,coho,hatch_tag,2021-04-12,Puntledge
989.001038859378,coho,hatch_tag,2021-04-12,Puntledge
989.001038859385,coho,hatch_tag,2021-04-12,Puntledge
989.001038859388,coho,hatch_tag,2021-04-12,Puntledge
989.001038859400,coho,hatch_tag,2021-04-12,Puntledge
989.001038859418,coho,hatch_tag,2021-04-12,Puntledge
989.001038859419,coho,hatch_tag,2021-04-12,Puntledge
989.001038859420,coho,hatch_tag,2021-04-12,Puntledge
989.001038859432,coho,hatch_tag,2021-04-12,Puntledge
989.001038859437,coho,hatch_tag,2021-04-12,Puntledge
989.001038859455,coho,hatch_tag,2021-04-12,Puntledge
989.001038859463,coho,hatch_tag,2021-04-12,Puntledge
989.001038859474,coho,hatch_tag,2021-04-12,Puntledge
989.001038859482,coho,hatch_tag,2021-04-12,Puntledge
989.001038859483,coho,hatch_tag,2021-04-12,Puntledge
989.001038859491,coho,hatch_tag,2021-04-12,Puntledge
989.001038859515,coho,hatch_tag,2021-04-12,Puntledge
989.001038859516,coho,hatch_tag,2021-04-12,Puntledge
989.001038859518,coho,hatch_tag,2021-04-12,Puntledge
989.001038859554,coho,hatch_tag,2021-04-12,Puntledge
989.001038859590,coho,hatch_tag,2021-04-12,Puntledge
989.001038859616,coho,hatch_tag,2021-04-12,Puntledge
989.001038859649,coho,hatch_tag,2021-04-12,Puntledge
989.001038859653,coho,hatch_tag,2021-04-12,Puntledge
989.001038859662,coho,hatch_tag,2021-04-12,Puntledge
989.001038859663,coho,hatch_tag,2021-04-12,Puntledge
989.001038859677,coho,hatch_tag,2021-04-12,Puntledge
989.001038859706,coho,hatch_tag,2021-04-12,Puntledge
989.001038859716,coho,hatch_tag,2021-04-12,Puntledge
989.001038859724,coho,hatch_tag,2021-04-12,Puntledge
989.001038859766,coho,hatch_tag,2021-04-12,Puntledge
989.001038859771,coho,hatch_tag,2021-04-12,Puntledge
989.001038859808,coho,hatch_tag,2021-04-12,Puntledge
989.001038859810,coho,hatch_tag,2021-04-12,Puntledge
989.001038859828,coho,hatch_tag,2021-04-12,Puntledge
989.001038859835,coho,hatch_tag,2021-04-12,Puntledge
989.001038859843,coho,hatch_tag,2021-04-12,Puntledge
989.001038859851,coho,hatch_tag,2021-04-12,Puntledge
989.001038859875,coho,hatch_tag,2021-04-12,Puntledge
989.001038859880,coho,hatch_tag,2021-04-12,Puntledge
989.001038859896,coho,hatch_tag,2021-04-12,Puntledge
989.001038859910,coho,hatch_tag,2021-04-12,Puntledge
989.001038859923,coho,hatch_tag,2021-04-12,Puntledge
989.001038859930,coho,hatch_tag,2021-04-12,Puntledge
989.001038859975,coho,hatch_tag,2021-04-12,Puntledge
989.001038859980,coho,hatch_tag,2021-04-12,Puntledge
989.001038859985,coho,hatch_tag,2021-04-12,Puntledge
989.001038859992,coho,hatch_tag,2021-04-12,Puntledge
989.001038860008,coho,hatch_tag,2021-04-12,Puntledge
989.001038860025,coho,hatch_tag,2021-04-12,Puntledge
989.001038860035,coho,hatch_tag,2021-04-12,Puntledge
989.001038860039,coho,hatch_tag,2021-04-12,Puntledge
989.001038860052,coho,hatch_tag,2021-04-12,Puntledge
989.001038860066,coho,hatch_tag,2021-04-12,Puntledge
989.001038860071,coho,hatch_tag,2021-04-12,Puntledge
989.001038860083,coho,hatch_tag,2021-04-12,Puntledge
989.001038860088,coho,hatch_tag,2021-04-12,Puntledge
989.001038860102,coho,hatch_tag,2021-04-12,Puntledge
989.001038860107,coho,hatch_tag,2021-04-12,Puntledge
989.001038860108,coho,hatch_tag,2021-04-12,Puntledge
989.001038860121,coho,hatch_tag,2021-04-12,Puntledge
989.001038860123,coho,hatch_tag,2021-04-12,Puntledge
989.001038860140,coho,hatch_tag,2021-04-12,Puntledge
989.001038860147,coho,hatch_tag,2021-04-12,Puntledge
989.001038860178,coho,hatch_tag,2021-04-12,Puntledge
989.001038860199,coho,hatch_tag,2021-04-12,Puntledge
989.001038860210,coho,hatch_tag,2021-04-12,Puntledge
989.001038860233,coho,hatch_tag,2021-04-12,Puntledge
989.001038860236,coho,hatch_tag,2021-04-12,Puntledge
989.001038860268,coho,hatch_tag,2021-04-12,Puntledge
989.001038860270,coho,hatch_tag,2021-04-12,Puntledge
989.001038860287,coho,hatch_tag,2021-04-12,Puntledge
989.001038860312,coho,hatch_tag,2021-04-12,Puntledge
989.001038860315,coho,hatch_tag,2021-04-12,Puntledge
989.001038860320,coho,hatch_tag,2021-04-12,Puntledge
989.001038860322,coho,hatch_tag,2021-04-12,Puntledge
989.001038860334,coho,hatch_tag,2021-04-12,Puntledge
989.001038860352,coho,hatch_tag,2021-04-12,Puntledge
989.001038860360,coho,hatch_tag,2021-04-12,Puntledge
989.001038860370,coho,hatch_tag,2021-04-12,Puntledge
989.001038860373,coho,hatch_tag,2021-04-12,Puntledge
989.001038860375,coho,hatch_tag,2021-04-12,Puntledge
989.001038860383,coho,hatch_tag,2021-04-12,Puntledge
989.001038860384,coho,hatch_tag,2021-04-12,Puntledge
989.001038860403,coho,hatch_tag,2021-04-12,Puntledge
989.001038860404,coho,hatch_tag,2021-04-12,Puntledge
989.001038860408,coho,hatch_tag,2021-04-12,Puntledge
989.001038860454,coho,hatch_tag,2021-04-12,Puntledge
989.001038860502,coho,hatch_tag,2021-04-12,Puntledge
989.001038860518,coho,hatch_tag,2021-04-12,Puntledge
989.001038860568,coho,hatch_tag,2021-04-12,Puntledge
989.001038860585,coho,hatch_tag,2021-04-12,Puntledge
989.001038860594,coho,hatch_tag,2021-04-12,Puntledge
989.001038860614,coho,hatch_tag,2021-04-12,Puntledge
989.001038860631,coho,hatch_tag,2021-04-12,Puntledge
989.001038860638,coho,hatch_tag,2021-04-12,Puntledge
989.001038860639,coho,hatch_tag,2021-04-12,Puntledge
989.001038860640,coho,hatch_tag,2021-04-12,Puntledge
989.001038860663,coho,hatch_tag,2021-04-12,Puntledge
989.001038860669,coho,hatch_tag,2021-04-12,Puntledge
989.001038860673,coho,hatch_tag,2021-04-12,Puntledge
989.001038860684,coho,hatch_tag,2021-04-12,Puntledge
989.001038860814,coho,hatch_tag,2021-04-12,Puntledge
989.001038860819,coho,hatch_tag,2021-04-12,Puntledge
989.001038860849,coho,hatch_tag,2021-04-12,Puntledge
989.001038860880,coho,hatch_tag,2021-04-12,Puntledge
989.001038860894,coho,hatch_tag,2021-04-12,Puntledge
989.001038860919,coho,hatch_tag,2021-04-12,Puntledge
989.001038860923,coho,hatch_tag,2021-04-12,Puntledge
989.001038860973,coho,hatch_tag,2021-04-12,Puntledge
989.001038860980,coho,hatch_tag,2021-04-12,Puntledge
989.001038861002,coho,hatch_tag,2021-04-12,Puntledge
989.001038861023,coho,hatch_tag,2021-04-12,Puntledge
989.001038861052,coho,hatch_tag,2021-04-12,Puntledge
989.001038861055,coho,hatch_tag,2021-04-12,Puntledge
989.001038861079,coho,hatch_tag,2021-04-12,Puntledge
989.001038861101,coho,hatch_tag,2021-04-12,Puntledge
989.001038861112,coho,hatch_tag,2021-04-12,Puntledge
989.001038861115,coho,hatch_tag,2021-04-12,Puntledge
989.001038861125,coho,hatch_tag,2021-04-12,Puntledge
989.001038861134,coho,hatch_tag,2021-04-12,Puntledge
989.001038861138,coho,hatch_tag,2021-04-12,Puntledge
989.001038861172,coho,hatch_tag,2021-04-12,Puntledge
989.001038861177,coho,hatch_tag,2021-04-12,Puntledge
989.001038861207,coho,hatch_tag,2021-04-12,Puntledge
989.001038861320,coho,hatch_tag,2021-04-12,Puntledge
989.001038861391,coho,hatch_tag,2021-04-12,Puntledge
989.001038861400,coho,hatch_tag,2021-04-12,Puntledge
989.001038861415,coho,hatch_tag,2021-04-12,Puntledge
989.001038861432,coho,hatch_tag,2021-04-12,Puntledge
989.001038861472,coho,hatch_tag,2021-04-12,Puntledge
989.001038861514,coho,hatch_tag,2021-04-12,Puntledge
989.001038861520,coho,hatch_tag,2021-04-12,Puntledge
989.001038861547,coho,hatch_tag,2021-04-12,Puntledge
989.001038861556,coho,hatch_tag,2021-04-12,Puntledge
989.001038861562,coho,hatch_tag,2021-04-12,Puntledge
989.001038861584,coho,hatch_tag,2021-04-12,Puntledge
989.001038861609,coho,hatch_tag,2021-04-12,Puntledge
989.001038861649,coho,hatch_tag,2021-04-12,Puntledge
989.001038861656,coho,hatch_tag,2021-04-12,Puntledge
989.001038861657,coho,hatch_tag,2021-04-12,Puntledge
989.001038861676,coho,hatch_tag,2021-04-12,Puntledge
989.001038861680,coho,hatch_tag,2021-04-12,Puntledge
989.001038861697,coho,hatch_tag,2021-04-12,Puntledge
989.001038861709,coho,hatch_tag,2021-04-12,Puntledge
989.001038861710,coho,hatch_tag,2021-04-12,Puntledge
989.001038861736,coho,hatch_tag,2021-04-12,Puntledge
989.001038861738,coho,hatch_tag,2021-04-12,Puntledge
989.001038861745,coho,hatch_tag,2021-04-12,Puntledge
989.001038861768,coho,hatch_tag,2021-04-12,Puntledge
989.001038861810,coho,hatch_tag,2021-04-12,Puntledge
989.001038861817,coho,hatch_tag,2021-04-12,Puntledge
989.001038861818,coho,hatch_tag,2021-04-12,Puntledge
989.001038861850,coho,hatch_tag,2021-04-12,Puntledge
989.001038861858,coho,hatch_tag,2021-04-12,Puntledge
989.001038861880,coho,hatch_tag,2021-04-12,Puntledge
989.001038861909,coho,hatch_tag,2021-04-12,Puntledge
989.001038861911,coho,hatch_tag,2021-04-12,Puntledge
989.001038861930,coho,hatch_tag,2021-04-12,Puntledge
989.001038861946,coho,hatch_tag,2021-04-12,Puntledge
989.001038861965,coho,hatch_tag,2021-04-12,Puntledge
989.001038861967,coho,hatch_tag,2021-04-12,Puntledge
989.001038861988,coho,hatch_tag,2021-04-12,Puntledge
989.001038861990,coho,hatch_tag,2021-04-12,Puntledge
989.001038861993,coho,hatch_tag,2021-04-12,Puntledge
989.001038862003,coho,hatch_tag,2021-04-12,Puntledge
989.001038862021,coho,hatch_tag,2021-04-12,Puntledge
989.001038862055,coho,hatch_tag,2021-04-12,Puntledge
989.001038862066,coho,hatch_tag,2021-04-12,Puntledge
989.001038862073,coho,hatch_tag,2021-04-12,Puntledge
989.001038862074,coho,hatch_tag,2021-04-12,Puntledge
989.001038862132,coho,hatch_tag,2021-04-12,Puntledge
989.001038862139,coho,hatch_tag,2021-04-12,Puntledge
989.001038862144,coho,hatch_tag,2021-04-12,Puntledge
989.001038862167,coho,hatch_tag,2021-04-12,Puntledge
989.001038862191,coho,hatch_tag,2021-04-12,Puntledge
989.001038862192,coho,hatch_tag,2021-04-12,Puntledge
989.001038862198,coho,hatch_tag,2021-04-12,Puntledge
989.001038862216,coho,hatch_tag,2021-04-12,Puntledge
989.001038862245,coho,hatch_tag,2021-04-12,Puntledge
989.001038862256,coho,hatch_tag,2021-04-12,Puntledge
989.001038862277,coho,hatch_tag,2021-04-12,Puntledge
989.001038862283,coho,hatch_tag,2021-04-12,Puntledge
989.001038862301,coho,hatch_tag,2021-04-12,Puntledge
989.001038862339,coho,hatch_tag,2021-04-12,Puntledge
989.001038862344,coho,hatch_tag,2021-04-12,Puntledge
989.001038862406,coho,hatch_tag,2021-04-12,Puntledge
989.001038862412,coho,hatch_tag,2021-04-12,Puntledge
989.001038862431,coho,hatch_tag,2021-04-12,Puntledge
989.001038862432,coho,hatch_tag,2021-04-12,Puntledge
989.001038862435,coho,hatch_tag,2021-04-12,Puntledge
989.001038862457,coho,hatch_tag,2021-04-12,Puntledge
989.001038862483,coho,hatch_tag,2021-04-12,Puntledge
989.001038862509,coho,hatch_tag,2021-04-12,Puntledge
989.001038862540,coho,hatch_tag,2021-04-12,Puntledge
989.001038862549,coho,hatch_tag,2021-04-12,Puntledge
989.001038862552,coho,hatch_tag,2021-04-12,Puntledge
989.001038862567,coho,hatch_tag,2021-04-12,Puntledge
989.001038862576,coho,hatch_tag,2021-04-12,Puntledge
989.001038862589,coho,hatch_tag,2021-04-12,Puntledge
989.001038862591,coho,hatch_tag,2021-04-12,Puntledge
989.001038862600,coho,hatch_tag,2021-04-12,Puntledge
989.001038862633,coho,hatch_tag,2021-04-12,Puntledge
989.001038862639,coho,hatch_tag,2021-04-12,Puntledge
989.001038862642,coho,hatch_tag,2021-04-12,Puntledge
989.001038862655,coho,hatch_tag,2021-04-12,Puntledge
989.001038862660,coho,hatch_tag,2021-04-12,Puntledge
989.001038862662,coho,hatch_tag,2021-04-12,Puntledge
989.001038862667,coho,hatch_tag,2021-04-12,Puntledge
989.001038862673,coho,hatch_tag,2021-04-12,Puntledge
989.001038862694,coho,hatch_tag,2021-04-12,Puntledge
989.001038862758,coho,hatch_tag,2021-04-12,Puntledge
989.001038862788,coho,hatch_tag,2021-04-12,Puntledge
989.001038862793,coho,hatch_tag,2021-04-12,Puntledge
989.001038862818,coho,hatch_tag,2021-04-12,Puntledge
989.001038862828,coho,hatch_tag,2021-04-12,Puntledge
989.001038862830,coho,hatch_tag,2021-04-12,Puntledge
989.001038862844,coho,hatch_tag,2021-04-12,Puntledge
989.001038862883,coho,hatch_tag,2021-04-12,Puntledge
989.001038862892,coho,hatch_tag,2021-04-12,Puntledge
989.001038862896,coho,hatch_tag,2021-04-12,Puntledge
989.001038862904,coho,hatch_tag,2021-04-12,Puntledge
989.001038862912,coho,hatch_tag,2021-04-12,Puntledge
989.001038862917,coho,hatch_tag,2021-04-12,Puntledge
989.001038862920,coho,hatch_tag,2021-04-12,Puntledge
989.001038862932,coho,hatch_tag,2021-04-12,Puntledge
989.001038862943,coho,hatch_tag,2021-04-12,Puntledge
989.001038862946,coho,hatch_tag,2021-04-12,Puntledge
989.001038862959,coho,hatch_tag,2021-04-12,Puntledge
989.001038862961,coho,hatch_tag,2021-04-12,Puntledge
989.001038862972,coho,hatch_tag,2021-04-12,Puntledge
989.001038862976,coho,hatch_tag,2021-04-12,Puntledge
989.001038862980,coho,hatch_tag,2021-04-12,Puntledge
989.001038862981,coho,hatch_tag,2021-04-12,Puntledge
989.001038862988,coho,hatch_tag,2021-04-12,Puntledge
989.001038862993,coho,hatch_tag,2021-04-12,Puntledge
989.001038862997,coho,hatch_tag,2021-04-12,Puntledge
989.001038863032,coho,hatch_tag,2021-04-12,Puntledge
989.001038863038,coho,hatch_tag,2021-04-12,Puntledge
989.001038863051,coho,hatch_tag,2021-04-12,Puntledge
989.001038863053,coho,hatch_tag,2021-04-12,Puntledge
989.001038863067,coho,hatch_tag,2021-04-12,Puntledge
989.001038863070,coho,hatch_tag,2021-04-12,Puntledge
989.001038863079,coho,hatch_tag,2021-04-12,Puntledge
989.001038863087,coho,hatch_tag,2021-04-12,Puntledge
989.001038863089,coho,hatch_tag,2021-04-12,Puntledge
989.001038863095,coho,hatch_tag,2021-04-12,Puntledge
989.001038863114,coho,hatch_tag,2021-04-12,Puntledge
989.001038863120,coho,hatch_tag,2021-04-12,Puntledge
989.001038863141,coho,hatch_tag,2021-04-12,Puntledge
989.001038863145,coho,hatch_tag,2021-04-12,Puntledge
989.001038863150,coho,hatch_tag,2021-04-12,Puntledge
989.001038863156,coho,hatch_tag,2021-04-12,Puntledge
989.001038863166,coho,hatch_tag,2021-04-12,Puntledge
989.001038863174,coho,hatch_tag,2021-04-12,Puntledge
989.001038863176,coho,hatch_tag,2021-04-12,Puntledge
989.001038863211,coho,hatch_tag,2021-04-12,Puntledge
989.001038863331,coho,hatch_tag,2021-04-12,Puntledge
989.001038863344,coho,hatch_tag,2021-04-12,Puntledge
989.001038863347,coho,hatch_tag,2021-04-12,Puntledge
989.001038863370,coho,hatch_tag,2021-04-12,Puntledge
989.001038863375,coho,hatch_tag,2021-04-12,Puntledge
989.001038863376,coho,hatch_tag,2021-04-12,Puntledge
989.001038863388,coho,hatch_tag,2021-04-12,Puntledge
989.001038863406,coho,hatch_tag,2021-04-12,Puntledge
989.001038863407,coho,hatch_tag,2021-04-12,Puntledge
989.001038863413,coho,hatch_tag,2021-04-12,Puntledge
989.001038863427,coho,hatch_tag,2021-04-12,Puntledge
989.001038863435,coho,hatch_tag,2021-04-12,Puntledge
989.001038863440,coho,hatch_tag,2021-04-12,Puntledge
989.001038863446,coho,hatch_tag,2021-04-12,Puntledge
989.001038863459,coho,hatch_tag,2021-04-12,Puntledge
989.001038863463,coho,hatch_tag,2021-04-12,Puntledge
989.001038863519,coho,hatch_tag,2021-04-12,Puntledge
989.001038863534,coho,hatch_tag,2021-04-12,Puntledge
989.001038863536,coho,hatch_tag,2021-04-12,Puntledge
989.001038863551,coho,hatch_tag,2021-04-12,Puntledge
989.001038863552,coho,hatch_tag,2021-04-12,Puntledge
989.001038863568,coho,hatch_tag,2021-04-12,Puntledge
989.001038863592,coho,hatch_tag,2021-04-12,Puntledge
989.001038863596,coho,hatch_tag,2021-04-12,Puntledge
989.001038863619,coho,hatch_tag,2021-04-12,Puntledge
989.001038863643,coho,hatch_tag,2021-04-12,Puntledge
989.001038863650,coho,hatch_tag,2021-04-12,Puntledge
989.001038863665,coho,hatch_tag,2021-04-12,Puntledge
989.001038863670,coho,hatch_tag,2021-04-12,Puntledge
989.001038863685,coho,hatch_tag,2021-04-12,Puntledge
989.001038863694,coho,hatch_tag,2021-04-12,Puntledge
989.001038863705,coho,hatch_tag,2021-04-12,Puntledge
989.001038863709,coho,hatch_tag,2021-04-12,Puntledge
989.001038863847,coho,hatch_tag,2021-04-12,Puntledge
989.001038863857,coho,hatch_tag,2021-04-12,Puntledge
989.001038863887,coho,hatch_tag,2021-04-12,Puntledge
989.001038863938,coho,hatch_tag,2021-04-12,Puntledge
989.001038863939,coho,hatch_tag,2021-04-12,Puntledge
989.001038863948,coho,hatch_tag,2021-04-12,Puntledge
989.001038863992,coho,hatch_tag,2021-04-12,Puntledge
989.001038864006,coho,hatch_tag,2021-04-12,Puntledge
989.001038864031,coho,hatch_tag,2021-04-12,Puntledge
989.001038864035,coho,hatch_tag,2021-04-12,Puntledge
989.001038864036,coho,hatch_tag,2021-04-12,Puntledge
989.001038864040,coho,hatch_tag,2021-04-12,Puntledge
989.001038864050,coho,hatch_tag,2021-04-12,Puntledge
989.001038864054,coho,hatch_tag,2021-04-12,Puntledge
989.001038864066,coho,hatch_tag,2021-04-12,Puntledge
989.001038864086,coho,hatch_tag,2021-04-12,Puntledge
989.001038864100,coho,hatch_tag,2021-04-12,Puntledge
989.001038864102,coho,hatch_tag,2021-04-12,Puntledge
989.001038864115,coho,hatch_tag,2021-04-12,Puntledge
989.001038864116,coho,hatch_tag,2021-04-12,Puntledge
989.001038864118,coho,hatch_tag,2021-04-12,Puntledge
989.001038864130,coho,hatch_tag,2021-04-12,Puntledge
989.001038864133,coho,hatch_tag,2021-04-12,Puntledge
989.001038864143,coho,hatch_tag,2021-04-12,Puntledge
989.001038864148,coho,hatch_tag,2021-04-12,Puntledge
989.001038864151,coho,hatch_tag,2021-04-12,Puntledge
989.001038864196,coho,hatch_tag,2021-04-12,Puntledge
989.001038864205,coho,hatch_tag,2021-04-12,Puntledge
989.001038864207,coho,hatch_tag,2021-04-12,Puntledge
989.001038864210,coho,hatch_tag,2021-04-12,Puntledge
989.001038864219,coho,hatch_tag,2021-04-12,Puntledge
989.001038864237,coho,hatch_tag,2021-04-12,Puntledge
989.001038864245,coho,hatch_tag,2021-04-12,Puntledge
989.001038864252,coho,hatch_tag,2021-04-12,Puntledge
989.001038864256,coho,hatch_tag,2021-04-12,Puntledge
989.001038864274,coho,hatch_tag,2021-04-12,Puntledge
989.001038864275,coho,hatch_tag,2021-04-12,Puntledge
989.001038864281,coho,hatch_tag,2021-04-12,Puntledge
989.001038864283,coho,hatch_tag,2021-04-12,Puntledge
989.001038864310,coho,hatch_tag,2021-04-12,Puntledge
989.001038864349,chinook,estuary,2021-06-02,Puntledge fall
989.001038864417,coho,estuary,2021-06-10,Puntledge
989.001038864498,coho,estuary,2021-06-10,Puntledge
989.001038864505,coho,estuary,2021-06-10,Puntledge
989.001038864574,coho,estuary,2021-06-16,Puntledge
989.001038864586,coho,estuary,2021-06-16,Puntledge
989.001038864709,coho,estuary,2021-06-23,Puntledge
989.001038864740,coho,river,2022-05-09,black creek
989.001038864770,coho,river,2022-05-09,black creek
989.001038864777,coho,river,2022-05-09,black creek
989.001038864786,coho,river,2022-05-09,black creek
989.001038864792,coho,river,2022-05-09,black creek
989.001038864834,chinook,estuary,2021-06-02,Puntledge fall
989.001038864912,chinook,estuary,2021-06-02,Puntledge fall
989.001038865015,coho,estuary,2021-06-10,Puntledge
989.001038865060,coho,estuary,2021-06-10,Puntledge
989.001038865134,none,microtroll,2021-10-19,
989.001038865139,coho,estuary,2021-06-08,Puntledge
989.001038865147,coho,estuary,2021-06-08,Puntledge
989.001038865164,coho,estuary,2021-06-08,Puntledge
989.001038865192,coho,estuary,2021-06-08,Puntledge
989.001038865210,coho,estuary,2021-06-08,Puntledge
989.001038865225,chinook,microtroll,2023-11-17,Cowichan
989.001038865235,chinook,microtroll,2023-11-17,Cowichan
989.001038865242,coho,microtroll,2023-10-31,
989.001038865558,coho,river,2022-05-04,Cowichan
989.001038865565,coho,river,2022-05-04,Cowichan
989.001038865566,coho,river,2022-05-05,Cowichan
989.001038865578,coho,river,2022-05-04,Cowichan
989.001038865592,coho,river,2022-05-04,Cowichan
989.001038865610,coho,river,2022-05-05,Cowichan
989.001038865622,chinook,microtroll,2022-02-17,Cowichan
989.001038865681,chinook,microtroll,2022-02-18,Nanaimo fall
989.001038865704,chinook,microtroll,2022-02-09,
989.001038865997,chinook,microtroll,2021-11-16,Cowichan
989.001038866112,chinook,estuary,2021-06-04,Puntledge fall
989.001038866119,coho,hatch_tag,2022-03-02,Goldstream
989.001038866160,coho,hatch_tag,2022-03-02,Goldstream
989.001038866173,coho,hatch_tag,2022-03-02,Goldstream
989.001038866258,coho,river,2022-05-04,Englishman
989.001038866280,coho,river,2022-05-04,Englishman
989.001038866311,coho,river,2022-05-04,Englishman
989.001038866322,coho,hatch_tag,2022-03-02,Goldstream
989.001038866333,coho,hatch_tag,2022-03-02,Goldstream
989.001038866340,coho,hatch_tag,2022-03-02,Goldstream
989.001038866366,coho,hatch_tag,2022-03-02,Goldstream
989.001038866369,coho,hatch_tag,2022-03-02,Goldstream
989.001038866388,coho,hatch_tag,2022-03-02,Goldstream
989.001038866400,coho,hatch_tag,2022-03-02,Goldstream
989.001038866403,coho,hatch_tag,2022-03-02,Goldstream
989.001038866406,coho,hatch_tag,2022-03-02,Goldstream
989.001038866413,coho,hatch_tag,2022-03-02,Goldstream
989.001038866442,coho,river,2022-05-09,black creek
989.001038866471,coho,river,2022-05-09,black creek
989.001038866485,coho,river,2022-05-09,black creek
989.001038866503,coho,river,2022-05-09,black creek
989.001038866554,coho,river,2022-05-19,black creek
989.001038866577,coho,river,2022-05-19,black creek
989.001038866582,coho,river,2022-05-19,black creek
989.001038866584,coho,river,2022-05-19,black creek
989.001038866611,coho,river,2022-05-19,black creek
989.001038866612,coho,river,2022-05-19,black creek
989.001038866653,coho,hatch_tag,2022-03-02,Goldstream
989.001038866691,coho,hatch_tag,2022-03-02,Goldstream
989.001038866705,coho,hatch_tag,2022-03-02,Goldstream
989.001038866753,coho,river,2022-05-02,Englishman
989.001038866767,coho,river,2022-05-02,Englishman
989.001038866783,coho,river,2022-05-02,Englishman
989.001038866801,coho,river,2022-05-02,Englishman
989.001038866837,coho,estuary,2021-06-10,Puntledge
989.001038866845,coho,estuary,2021-06-10,Puntledge
989.001038866873,steelhead,estuary,2021-06-10,Puntledge
989.001038866908,coho,estuary,2021-06-10,Roy_Cr
989.001038867027,coho,river,2022-05-05,Englishman
989.001038867083,coho,river,2022-05-05,Englishman
989.001038867242,chinook,estuary,2022-06-06,Nanaimo fall
989.001038867270,chinook,estuary,2022-06-06,Nanaimo fall
989.001038867284,chinook,estuary,2022-06-06,Nanaimo fall
989.001038867320,coho,hatch_tag,2022-03-02,Goldstream
989.001038867350,coho,hatch_tag,2022-03-02,Goldstream
989.001038867542,coho,river,2022-05-11,Englishman
989.001038867559,coho,river,2022-05-11,Englishman
989.001038867578,coho,river,2022-05-11,Englishman
989.001038867581,coho,river,2022-05-11,Englishman
989.001038867604,coho,river,2022-05-11,Englishman
989.001038867629,coho,river,2022-05-09,black creek
989.001038867648,coho,river,2022-05-09,black creek
989.001038867651,coho,river,2022-05-09,black creek
989.001038867665,coho,river,2022-05-09,black creek
989.001038867668,coho,river,2022-05-09,black creek
989.001038867683,coho,river,2022-05-09,black creek
989.001038867690,coho,river,2022-05-09,black creek
989.001038867704,coho,river,2022-05-09,black creek
989.001038867822,coho,hatch_tag,2022-03-02,Goldstream
989.001038867837,coho,hatch_tag,2022-03-02,Goldstream
989.001038867890,coho,hatch_tag,2022-03-02,Goldstream
989.001038867932,coho,hatch_tag,2022-03-02,Goldstream
989.001038868028,coho,river,2022-05-04,Englishman
989.001038868155,coho,river,2022-05-06,Englishman
989.001038868166,coho,river,2022-05-06,Englishman
989.001038868181,coho,river,2022-05-06,Englishman
989.001038868188,coho,river,2022-05-06,Englishman
989.001038868559,coho,river,2022-05-09,black creek
989.001038868603,coho,river,2022-05-09,black creek
989.001038868637,none,microtroll,2022-09-20,Cowichan
989.001038868716,coho,microtroll,2022-09-20,
989.001038868721,coho,microtroll,2022-09-20,
989.001038868876,coho,hatch_tag,2022-03-02,Goldstream
989.001038868880,coho,hatch_tag,2022-03-02,Goldstream
989.001038868892,coho,hatch_tag,2022-03-02,Goldstream
989.001038869045,coho,river,2022-04-28,Englishman
989.001038869067,coho,river,2022-04-28,Englishman
989.001038869122,coho,river,2022-04-28,Englishman
989.001038869126,chinook,microtroll,2023-01-22,Little Qualicum
989.001038869165,chinook,microtroll,2023-01-30,Cowichan
989.001038869192,chinook,microtroll,2023-01-15,Big Qualicum
989.001038869199,chinook,microtroll,2023-01-30,Nanaimo fall
989.001038869202,chinook,microtroll,2023-01-22,Big Qualicum
989.001038869363,coho,river,2021-04-26,black creek
989.001038869399,coho,river,2021-04-26,black creek
989.001038869413,coho,river,2021-04-26,black creek
989.001038869423,coho,river,2021-04-26,black creek
989.001038869450,coho,river,2021-05-11,black creek
989.001038869465,coho,river,2021-05-11,black creek
989.001038869593,chinook,microtroll,2022-10-20,Cowichan
989.001038869826,chinook,microtroll,2021-11-17,Puntledge fall
989.001038869832,coho,river,2021-04-26,black creek
989.001038869847,coho,river,2021-04-26,black creek
989.001038869851,coho,river,2021-04-26,black creek
989.001038869877,coho,river,2021-04-26,black creek
989.001038869944,coho,river,2021-05-11,black creek
989.001038870044,coho,river,2021-05-27,black creek
989.001038870325,chinook,hatch_tag,2022-05-17,Big Qualicum
989.001038870360,coho,river,2021-04-26,black creek
989.001038870404,coho,river,2021-04-26,black creek
989.001038870418,coho,river,2021-04-26,black creek
989.001038870493,coho,river,2021-05-27,black creek
989.001038870859,coho,river,2021-05-11,black creek
989.001038871063,chinook,hatch_tag,2022-05-17,Big Qualicum
989.001038871545,chinook,hatch_tag,2022-05-17,Big Qualicum
989.001038871906,coho,river,2021-05-27,black creek
989.001038871911,coho,river,2021-05-27,black creek
989.001038872117,chinook,hatch_tag,2022-05-17,Big Qualicum
989.001038872330,chinook,hatch_tag,2022-05-17,Big Qualicum
989.001038872372,chinook,hatch_tag,2022-05-17,Big Qualicum
989.001038874332,chinook,hatch_tag,2022-05-17,Big Qualicum
989.001038874447,chinook,hatch_tag,2023-05-30,Nanaimo summer
989.001038876172,chinook,hatch_tag,2023-05-30,Nanaimo summer
989.001038876360,chinook,hatch_tag,2023-05-30,Nanaimo summer
989.001038876503,chinook,hatch_tag,2023-05-30,Nanaimo summer
989.001038876902,chinook,hatch_tag,2023-05-30,Nanaimo summer
989.001038877760,chinook,hatch_tag,2023-05-30,Nanaimo summer
989.001038879006,chinook,hatch_tag,2023-05-30,Nanaimo summer
989.001038884415,chinook,estuary,2021-06-14,Nanaimo fall
989.001038884442,chinook,estuary,2022-06-06,Nanaimo fall
989.001038884503,chinook,estuary,2022-06-06,Nanaimo fall
989.001038884529,chinook,estuary,2022-06-06,Nanaimo fall
989.001038884559,coho,river,2022-06-03,Englishman
989.001038884582,coho,river,2022-06-02,Englishman
989.001038884609,coho,river,2022-06-02,Englishman
989.001038884624,coho,river,2022-06-02,Englishman
989.001038884640,coho,river,2022-06-03,Englishman
989.001038884650,chinook,estuary,2022-06-21,Nanaimo summer
989.001038884674,chinook,estuary,2022-06-21,Big Qualicum
989.001038884681,chinook,estuary,2022-06-21,Nanaimo fall
989.001038884691,chinook,estuary,2022-06-21,Nanaimo fall
989.001038884749,coho,estuary,2022-06-06,Puntledge
989.001038884842,coho,estuary,2022-06-08,Puntledge
989.001038884991,cutthroat trout,estuary,2022-06-15,Puntledge
989.001038885226,coho,estuary,2022-06-15,Puntledge
989.001038885366,chinook,estuary,2021-06-14,Nanaimo fall
989.001038885371,chinook,estuary,2021-06-14,Nanaimo fall
989.001038885445,coho,estuary,2022-06-01,Puntledge
989.001038885446,coho,estuary,2022-06-01,Puntledge
989.001038885472,coho,estuary,2022-06-01,Puntledge
989.001038885488,coho,estuary,2022-06-01,Puntledge
989.001038885493,coho,estuary,2022-06-01,Puntledge
989.001038885518,coho,estuary,2022-06-01,Puntledge
989.001038885520,coho,estuary,2022-06-01,Puntledge
989.001038885689,chinook,estuary,2022-06-01,Nanaimo fall
989.001038885724,chinook,estuary,2022-06-01,Nanaimo fall
989.001038885745,coho,estuary,2022-06-15,Puntledge
989.001038885877,chinook,estuary,2021-06-14,Nanaimo summer
989.001038885993,coho,river,2022-05-27,Englishman
989.001038886073,coho,estuary,2022-06-01,Nanaimo
989.001038886354,coho,estuary,2022-06-06,Puntledge
989.001038886371,coho,estuary,2022-06-06,Puntledge
989.001038886372,cutthroat trout,estuary,2022-06-06,Puntledge
989.001038886374,coho,estuary,2022-06-06,Puntledge
989.001038886387,coho,estuary,2022-06-06,Puntledge
989.001038886408,coho,estuary,2022-06-06,Puntledge
989.001038886415,coho,river,2022-06-02,black creek
989.001038886418,coho,estuary,2022-06-06,Puntledge
989.001038886452,coho,estuary,2022-06-01,Puntledge
989.001038886470,coho,estuary,2022-05-30,Puntledge
989.001038886471,coho,estuary,2022-06-01,Puntledge
989.001038886485,coho,estuary,2022-05-30,Puntledge
989.001038886489,coho,estuary,2022-06-01,Puntledge
989.001038886508,coho,estuary,2022-06-01,Puntledge
989.001038886544,coho,estuary,2022-06-01,Puntledge
989.001038886573,coho,estuary,2022-06-01,Puntledge
989.001038886599,coho,estuary,2022-06-01,Puntledge
989.001038886615,cutthroat trout,estuary,2022-06-01,Puntledge
989.001038886955,coho,estuary,2022-06-01,Puntledge
989.001038886974,coho,estuary,2022-06-01,Puntledge
989.001038886975,coho,estuary,2022-06-01,Puntledge
989.001038887008,coho,estuary,2022-06-01,Puntledge
989.001038887016,coho,estuary,2022-06-01,Puntledge
989.001038887026,coho,estuary,2022-06-01,Puntledge
989.001038887036,coho,estuary,2022-06-01,Puntledge
989.001038887196,coho,estuary,2022-06-20,Puntledge
989.001038887304,coho,estuary,2022-06-15,Puntledge
989.001038887344,coho,river,2022-05-20,Englishman
989.001038887356,coho,river,2022-05-24,Englishman
989.001038887404,coho,river,2022-05-24,Englishman
989.001038887407,coho,river,2022-05-22,Englishman
989.001038887464,coho,estuary,2022-06-01,Nanaimo
989.001038887543,chinook,estuary,2022-06-01,Nanaimo fall
989.001038887545,cutthroat trout,estuary,2022-06-13,Puntledge
989.001038887836,chinook,estuary,2022-06-17,Puntledge fall
989.001038887841,cutthroat trout,estuary,2022-06-17,Puntledge
989.001038887858,coho,river,2022-05-27,Englishman
989.001038887881,coho,river,2022-05-27,Englishman
989.001038887903,coho,river,2022-05-27,Englishman
989.001038887905,coho,river,2022-05-27,Englishman
989.001038887937,coho,river,2022-05-27,Englishman
989.001038887969,coho,river,2022-05-29,Englishman
989.001038887971,coho,river,2022-05-29,Englishman
989.001038887972,coho,river,2022-05-29,Englishman
989.001038887995,coho,river,2022-05-29,Englishman
989.001038888031,coho,river,2022-05-29,Englishman
989.001038888044,coho,river,2022-06-02,black creek
989.001038888069,coho,river,2022-06-02,black creek
989.001038888078,coho,river,2022-06-02,black creek
989.001038888110,coho,river,2022-06-02,black creek
989.001038888129,coho,river,2022-06-02,black creek
989.001038888135,coho,river,2022-06-02,black creek
989.001038888141,coho,river,2022-06-02,black creek
989.001038888369,coho,river,2022-05-31,Englishman
989.001038888400,coho,river,2022-05-31,Englishman
989.001038888404,coho,river,2022-05-31,Englishman
989.001038888419,coho,river,2022-05-31,Englishman
989.001038888430,coho,river,2022-05-31,Englishman
989.001038888521,chinook,estuary,2022-06-01,Nanaimo fall
989.001038888528,chinook,estuary,2022-06-01,Nanaimo fall
989.001038888654,coho,estuary,2022-06-06,Puntledge
989.001038888660,coho,estuary,2022-06-06,Puntledge
989.001038888701,coho,estuary,2022-06-06,Puntledge
989.001038888725,coho,estuary,2022-06-06,Puntledge
989.001038888859,coho,estuary,2022-06-01,Nanaimo
989.001038888946,chinook,estuary,2022-06-06,Nanaimo fall
989.001038888978,chinook,estuary,2022-06-06,Nanaimo fall
989.001038888982,chinook,estuary,2022-06-06,Nanaimo fall
989.001038889083,coho,river,2022-06-02,black creek
989.001038889092,coho,river,2022-06-02,black creek
989.001038889148,coho,estuary,2022-06-06,Puntledge
989.001038889150,coho,estuary,2022-06-06,Puntledge
989.001038889154,coho,estuary,2022-06-06,Puntledge
989.001038889165,coho,estuary,2022-06-06,Puntledge
989.001038889171,cutthroat trout,estuary,2022-06-06,Puntledge
989.001038889183,coho,estuary,2022-06-06,Puntledge
989.001038889200,coho,estuary,2022-06-06,Puntledge
989.001038890398,coho,estuary,2023-06-05,Puntledge
989.001038890422,coho,estuary,2023-06-05,Puntledge
989.001038890427,coho,estuary,2023-06-05,Puntledge
989.001038890687,chinook,microtroll,2024-03-05,Cowichan
989.001038890724,chinook,microtroll,2024-03-05,Nanaimo fall
989.001038891228,chinook,microtroll,2024-02-22,Big Qualicum
989.001038891242,chinook,microtroll,2024-02-20,Big Qualicum
989.001038891410,chinook,estuary,2023-06-07,Puntledge fall
989.001038891545,chinook,estuary,2023-06-08,Puntledge fall
989.001038891564,none,microtroll,2023-12-20,Little Qualicum
989.001038891595,chinook,microtroll,2023-10-29,
989.001038892195,chinook,estuary,2023-06-15,Nanaimo fall
989.001038892832,chinook,microtroll,2024-03-06,Little Qualicum
989.001038892872,cutthroat trout,estuary,2023-06-07,Puntledge
989.001038892901,cutthroat trout,estuary,2023-06-07,Puntledge
989.001038892946,cutthroat trout,estuary,2023-06-08,Puntledge
989.001038894171,chinook,river,2023-06-13,Cowichan
989.001038900741,chinook,hatch_tag,2023-05-29,Puntledge fall
989.001038901085,chinook,hatch_tag,2023-05-29,Puntledge fall
989.001038901127,chinook,hatch_tag,2023-05-29,Puntledge fall
989.001038901490,chinook,hatch_tag,2023-05-29,Puntledge fall
989.001038901985,chinook,hatch_tag,2023-05-29,Puntledge fall
989.001038902395,chinook,hatch_tag,2023-05-29,Puntledge fall
989.001038902560,chinook,hatch_tag,2023-05-29,Puntledge fall
989.001038903257,chinook,hatch_tag,2023-05-29,Puntledge fall
989.001038904412,chinook,microtroll,2021-11-26,Big Qualicum
989.001038904570,chinook,microtroll,2021-11-17,Cowichan
989.001038904575,chinook,microtroll,2021-11-19,
989.001038904621,chinook,microtroll,2021-11-26,Cowichan
989.001038904625,chinook,microtroll,2021-11-26,Cowichan
989.001038904632,chinook,microtroll,2021-11-19,Big Qualicum
989.001038904637,chinook,microtroll,2021-11-01,Cowichan
989.001039378537,none,microtroll,2021-10-07,
989.001039378563,chinook,microtroll,2021-10-07,Cowichan
989.001039378575,coho,river,2022-05-06,Englishman
989.001039378612,chinook,microtroll,2021-10-07,Cowichan
989.001039378625,chinook,microtroll,2021-10-07,Cowichan
989.001039378637,chinook,microtroll,2022-09-13,Cowichan
989.001039378704,chinook,microtroll,2022-09-13,Cowichan
989.001039378727,chinook,microtroll,2022-09-13,Nanaimo fall
989.001039378752,chinook,microtroll,2022-11-02,Big Qualicum
989.001039378758,chinook,microtroll,2022-11-02,Puntledge fall
989.001039378767,chinook,microtroll,2022-09-11,Big Qualicum
989.001039378796,chinook,microtroll,2022-03-27,Little Qualicum
989.001039378819,chinook,microtroll,2022-03-28,Big Qualicum
989.001039379103,chinook,microtroll,2021-11-29,Cowichan
989.001039379130,chinook,microtroll,2022-03-24,Big Qualicum
989.001039379141,chinook,microtroll,2022-02-06,Big Qualicum
989.001039379169,chinook,microtroll,2022-01-24,Puntledge fall
989.001039379178,chinook,microtroll,2022-01-24,Little Qualicum
989.001039379197,chinook,microtroll,2022-02-06,Little Qualicum
989.001039379225,chinook,microtroll,2022-01-23,Big Qualicum
989.001039381131,coho,hatch_tag,2021-12-01,Big Qualicum
989.001039381132,coho,hatch_tag,2021-12-01,Big Qualicum
989.001039381334,coho,hatch_tag,2021-12-01,Big Qualicum
989.001039381436,coho,hatch_tag,2021-12-01,Big Qualicum
989.001039381631,coho,hatch_tag,2021-12-01,Big Qualicum
989.001039381640,coho,hatch_tag,2021-12-01,Big Qualicum
989.001039381650,coho,hatch_tag,2021-12-01,Big Qualicum
989.001039381673,coho,hatch_tag,2021-12-01,Big Qualicum
989.001039381678,coho,hatch_tag,2021-12-01,Big Qualicum
989.001039381704,coho,hatch_tag,2021-12-01,Big Qualicum
989.001039381742,coho,hatch_tag,2021-12-01,Big Qualicum
989.001039381763,coho,hatch_tag,2021-12-01,Big Qualicum
989.001039381799,coho,hatch_tag,2021-12-01,Big Qualicum
989.001039381812,coho,hatch_tag,2021-12-01,Big Qualicum
989.001039381824,coho,hatch_tag,2021-12-01,Big Qualicum
989.001039381842,coho,hatch_tag,2021-12-01,Big Qualicum
989.001039381901,coho,hatch_tag,2021-12-01,Big Qualicum
989.001039381920,coho,hatch_tag,2021-12-01,Big Qualicum
989.001039381942,coho,hatch_tag,2021-12-01,Big Qualicum
989.001039382003,coho,hatch_tag,2021-12-01,Big Qualicum
989.001039382152,coho,hatch_tag,2021-12-01,Big Qualicum
989.001039382171,coho,hatch_tag,2021-12-01,Big Qualicum
989.001039382255,coho,hatch_tag,2021-12-01,Big Qualicum
989.001039382305,coho,hatch_tag,2021-12-01,Big Qualicum
989.001039382377,coho,hatch_tag,2021-12-01,Big Qualicum
989.001039382396,coho,hatch_tag,2021-12-01,Big Qualicum
989.001039382505,coho,hatch_tag,2021-12-01,Big Qualicum
989.001039382654,coho,hatch_tag,2021-12-01,Big Qualicum
989.001039382707,coho,hatch_tag,2021-12-01,Big Qualicum
989.001039382710,coho,hatch_tag,2021-12-01,Big Qualicum
989.001039382718,coho,hatch_tag,2021-12-01,Big Qualicum
989.001039382840,coho,hatch_tag,2021-12-01,Big Qualicum
989.001039382864,coho,hatch_tag,2021-12-01,Big Qualicum
989.001039382872,coho,hatch_tag,2021-12-01,Big Qualicum
989.001039382902,coho,hatch_tag,2021-12-01,Big Qualicum
989.001039382912,coho,hatch_tag,2021-12-01,Big Qualicum
989.001039382959,coho,hatch_tag,2021-12-01,Big Qualicum
989.001039382971,coho,hatch_tag,2021-12-01,Big Qualicum
989.001039383148,coho,hatch_tag,2021-12-01,Big Qualicum
989.001039383308,coho,hatch_tag,2021-12-01,Big Qualicum
989.001039383337,coho,hatch_tag,2021-12-01,Big Qualicum
989.001039383404,coho,hatch_tag,2021-12-01,Big Qualicum
989.001039383470,coho,hatch_tag,2021-12-01,Big Qualicum
989.001039383479,coho,hatch_tag,2021-12-01,Big Qualicum
989.001039383496,coho,hatch_tag,2021-12-01,Big Qualicum
989.001039383701,coho,hatch_tag,2021-12-01,Big Qualicum
989.001039383743,coho,hatch_tag,2021-12-01,Big Qualicum
989.001039383756,coho,hatch_tag,2021-12-01,Big Qualicum
989.001039383762,coho,hatch_tag,2021-12-01,Big Qualicum
989.001039383902,coho,hatch_tag,2021-12-01,Big Qualicum
989.001039384149,coho,hatch_tag,2021-12-01,Big Qualicum
989.001039384186,coho,hatch_tag,2021-12-01,Big Qualicum
989.001039384204,coho,hatch_tag,2021-12-01,Big Qualicum
989.001039384256,coho,hatch_tag,2021-12-01,Big Qualicum
989.001039384429,coho,hatch_tag,2021-12-01,Big Qualicum
989.001039384636,coho,hatch_tag,2021-12-01,Big Qualicum
989.001039384648,coho,hatch_tag,2021-12-01,Big Qualicum
989.001039384649,coho,hatch_tag,2021-12-01,Big Qualicum
989.001039384653,coho,hatch_tag,2021-12-01,Big Qualicum
989.001039384701,coho,hatch_tag,2021-12-01,Big Qualicum
989.001039384706,coho,hatch_tag,2021-12-01,Big Qualicum
989.001039384756,coho,hatch_tag,2021-12-01,Big Qualicum
989.001039384784,coho,hatch_tag,2021-12-01,Big Qualicum
989.001039384790,coho,hatch_tag,2021-12-01,Big Qualicum
989.001039384825,coho,hatch_tag,2021-12-01,Big Qualicum
989.001039384888,coho,hatch_tag,2021-12-01,Big Qualicum
989.001039384903,coho,hatch_tag,2021-12-01,Big Qualicum
989.001039384905,coho,hatch_tag,2021-12-01,Big Qualicum
989.001039384916,coho,hatch_tag,2021-12-01,Big Qualicum
989.001039384976,coho,hatch_tag,2021-12-01,Big Qualicum
989.001039385315,coho,hatch_tag,2021-12-01,Big Qualicum
989.001039385334,coho,hatch_tag,2021-12-01,Big Qualicum
989.001039385340,coho,hatch_tag,2021-12-01,Big Qualicum
989.001039385360,coho,hatch_tag,2021-12-01,Big Qualicum
989.001039385690,coho,hatch_tag,2021-12-01,Big Qualicum
989.001039385698,coho,hatch_tag,2021-12-01,Big Qualicum
989.001039385754,coho,hatch_tag,2021-12-01,Big Qualicum
989.001039385776,coho,hatch_tag,2021-12-01,Big Qualicum
989.001039385853,coho,hatch_tag,2021-12-01,Big Qualicum
989.001039386020,coho,hatch_tag,2021-12-01,Big Qualicum
989.001039386143,chinook,hatch_tag,2021-05-04,Big Qualicum
989.001039386155,chinook,hatch_tag,2021-05-04,Big Qualicum
989.001039386256,chinook,hatch_tag,2021-05-04,Big Qualicum
989.001039386298,chinook,hatch_tag,2021-05-04,Big Qualicum
989.001039386577,chinook,hatch_tag,2021-05-04,Big Qualicum
989.001039386671,chinook,hatch_tag,2021-05-04,Big Qualicum
989.001039386704,chinook,hatch_tag,2021-05-04,Big Qualicum
989.001039386732,chinook,hatch_tag,2021-05-04,Big Qualicum
989.001039386742,chinook,hatch_tag,2021-05-04,Big Qualicum
989.001039386764,chinook,hatch_tag,2021-05-04,Big Qualicum
989.001039386829,chinook,hatch_tag,2021-05-04,Big Qualicum
989.001039386865,chinook,hatch_tag,2021-05-04,Big Qualicum
989.001039386934,chinook,hatch_tag,2021-05-04,Big Qualicum
989.001039387050,chinook,hatch_tag,2021-05-04,Big Qualicum
989.001039387058,chinook,hatch_tag,2021-05-04,Big Qualicum
989.001039387064,chinook,hatch_tag,2021-05-04,Big Qualicum
989.001039387152,chinook,hatch_tag,2021-05-04,Big Qualicum
989.001039388043,chinook,hatch_tag,2021-05-04,Big Qualicum
989.001039388075,chinook,hatch_tag,2021-05-04,Big Qualicum
989.001039388093,chinook,hatch_tag,2021-05-04,Big Qualicum
989.001039388328,chinook,hatch_tag,2021-05-04,Big Qualicum
989.001039388452,chinook,hatch_tag,2021-05-04,Big Qualicum
989.001039388491,chinook,hatch_tag,2021-05-04,Big Qualicum
989.001039388578,chinook,hatch_tag,2021-05-04,Big Qualicum
989.001039388584,chinook,hatch_tag,2021-05-04,Big Qualicum
989.001039388638,chinook,hatch_tag,2021-05-04,Big Qualicum
989.001039388642,chinook,hatch_tag,2021-05-04,Big Qualicum
989.001039388713,chinook,hatch_tag,2021-05-04,Big Qualicum
989.001039388905,chinook,hatch_tag,2021-05-04,Big Qualicum
989.001039388963,chinook,hatch_tag,2021-05-04,Big Qualicum
989.001039388983,chinook,hatch_tag,2021-05-04,Big Qualicum
989.001039389017,chinook,hatch_tag,2021-05-04,Big Qualicum
989.001039389082,chinook,hatch_tag,2021-05-04,Big Qualicum
989.001039389155,chinook,hatch_tag,2021-05-04,Big Qualicum
989.001039389222,chinook,hatch_tag,2021-05-04,Big Qualicum
989.001039389296,chinook,hatch_tag,2021-05-04,Big Qualicum
989.001039389313,chinook,hatch_tag,2021-05-04,Big Qualicum
989.001039389405,chinook,hatch_tag,2021-05-04,Big Qualicum
989.001039389458,chinook,hatch_tag,2021-05-04,Big Qualicum
989.001039389580,chinook,hatch_tag,2021-05-04,Big Qualicum
989.001039389587,chinook,hatch_tag,2021-05-04,Big Qualicum
989.001039389885,chinook,hatch_tag,2021-05-04,Big Qualicum
989.001039390002,chinook,hatch_tag,2021-05-04,Big Qualicum
989.001039390036,chinook,hatch_tag,2021-05-04,Big Qualicum
989.001039390090,chinook,hatch_tag,2021-05-04,Big Qualicum
989.001039390578,chinook,hatch_tag,2021-05-04,Big Qualicum
989.001039390631,chinook,hatch_tag,2021-05-04,Big Qualicum
989.001039390784,chinook,hatch_tag,2021-05-04,Big Qualicum
989.001039390896,chinook,hatch_tag,2021-05-04,Big Qualicum
989.001039390904,chinook,hatch_tag,2021-05-04,Big Qualicum
989.001039390977,chinook,hatch_tag,2021-05-04,Big Qualicum
989.001039391093,chinook,hatch_tag,2021-05-04,Big Qualicum
989.001039391096,chinook,hatch_tag,2021-05-04,Big Qualicum
989.001039391175,chinook,hatch_tag,2021-04-22,Nanaimo fall
989.001039391239,chinook,hatch_tag,2021-04-22,Nanaimo fall
989.001039391343,chinook,hatch_tag,2021-04-22,Nanaimo fall
989.001039391393,chinook,hatch_tag,2021-04-22,Nanaimo fall
989.001039391425,chinook,hatch_tag,2021-04-22,Nanaimo fall
989.001039391456,chinook,hatch_tag,2021-04-22,Nanaimo fall
989.001039391509,chinook,hatch_tag,2021-04-22,Nanaimo fall
989.001039391563,chinook,hatch_tag,2021-04-22,Nanaimo fall
989.001039391612,chinook,hatch_tag,2021-04-22,Nanaimo fall
989.001039391658,chinook,hatch_tag,2021-04-22,Nanaimo fall
989.001039391717,chinook,hatch_tag,2021-04-22,Nanaimo fall
989.001039391760,chinook,hatch_tag,2021-04-22,Nanaimo fall
989.001039391805,chinook,hatch_tag,2021-04-22,Nanaimo fall
989.001039391952,chinook,hatch_tag,2021-04-22,Nanaimo fall
989.001039392007,chinook,hatch_tag,2021-04-22,Nanaimo fall
989.001039392047,chinook,hatch_tag,2021-04-22,Nanaimo fall
989.001039392048,chinook,hatch_tag,2021-04-22,Nanaimo fall
989.001039392062,chinook,hatch_tag,2021-04-22,Nanaimo fall
989.001039392064,chinook,hatch_tag,2021-04-22,Nanaimo fall
989.001039392090,chinook,hatch_tag,2021-04-22,Nanaimo fall
989.001039392170,chinook,hatch_tag,2021-04-22,Nanaimo fall
989.001039392187,chinook,hatch_tag,2021-04-22,Nanaimo fall
989.001039392207,chinook,hatch_tag,2021-04-22,Nanaimo fall
989.001039392300,chinook,hatch_tag,2021-04-22,Nanaimo fall
989.001039392454,chinook,hatch_tag,2021-04-22,Nanaimo fall
989.001039392549,chinook,hatch_tag,2021-04-22,Nanaimo fall
989.001039392572,chinook,hatch_tag,2021-04-22,Nanaimo fall
989.001039392600,chinook,hatch_tag,2021-04-22,Nanaimo fall
989.001039392625,chinook,hatch_tag,2021-04-22,Nanaimo fall
989.001039392675,chinook,hatch_tag,2021-04-22,Nanaimo fall
989.001039392718,chinook,hatch_tag,2021-04-22,Nanaimo fall
989.001039392771,chinook,hatch_tag,2021-04-22,Nanaimo fall
989.001039392909,chinook,hatch_tag,2021-04-22,Nanaimo fall
989.001039392930,chinook,hatch_tag,2021-04-22,Nanaimo fall
989.001039393033,chinook,hatch_tag,2021-04-22,Nanaimo fall
989.001039393099,chinook,hatch_tag,2021-04-22,Nanaimo fall
989.001039393122,chinook,hatch_tag,2021-04-22,Nanaimo fall
989.001039393154,chinook,hatch_tag,2021-04-22,Nanaimo fall
989.001039393181,chinook,hatch_tag,2021-04-22,Nanaimo fall
989.001039393309,chinook,hatch_tag,2021-04-22,Nanaimo fall
989.001039393388,chinook,hatch_tag,2021-04-22,Nanaimo fall
989.001039393516,chinook,hatch_tag,2021-04-22,Nanaimo fall
989.001039393528,chinook,hatch_tag,2021-04-22,Nanaimo fall
989.001039393537,chinook,hatch_tag,2021-04-22,Nanaimo fall
989.001039393588,chinook,hatch_tag,2021-04-22,Nanaimo fall
989.001039393599,chinook,hatch_tag,2021-04-22,Nanaimo fall
989.001039393682,chinook,hatch_tag,2021-04-22,Nanaimo fall
989.001039393730,chinook,hatch_tag,2021-04-22,Nanaimo fall
989.001039393761,chinook,hatch_tag,2021-04-22,Nanaimo fall
989.001039393768,chinook,hatch_tag,2021-04-22,Nanaimo fall
989.001039393775,chinook,hatch_tag,2021-04-22,Nanaimo fall
989.001039393800,chinook,hatch_tag,2021-04-22,Nanaimo fall
989.001039394001,chinook,hatch_tag,2021-04-22,Nanaimo fall
989.001039394020,chinook,hatch_tag,2021-04-22,Nanaimo fall
989.001039394025,chinook,hatch_tag,2021-04-22,Nanaimo fall
989.001039394044,chinook,hatch_tag,2021-04-22,Nanaimo fall
989.001039394132,chinook,hatch_tag,2021-04-22,Nanaimo fall
989.001039394224,chinook,hatch_tag,2021-04-22,Nanaimo fall
989.001039394242,chinook,hatch_tag,2021-04-22,Nanaimo fall
989.001039394260,chinook,hatch_tag,2021-04-22,Nanaimo fall
989.001039394395,chinook,hatch_tag,2021-04-22,Nanaimo fall
989.001039394410,chinook,hatch_tag,2021-04-22,Nanaimo fall
989.001039394563,chinook,hatch_tag,2021-04-22,Nanaimo fall
989.001039394615,chinook,hatch_tag,2021-04-22,Nanaimo fall
989.001039394682,chinook,hatch_tag,2021-04-22,Nanaimo fall
989.001039394695,chinook,hatch_tag,2021-04-22,Nanaimo fall
989.001039394880,chinook,hatch_tag,2021-04-22,Nanaimo fall
989.001039394945,chinook,hatch_tag,2021-04-22,Nanaimo fall
989.001039394994,chinook,hatch_tag,2021-04-22,Nanaimo fall
989.001039395000,chinook,hatch_tag,2021-04-22,Nanaimo fall
989.001039395118,chinook,hatch_tag,2021-04-22,Nanaimo fall
989.001039395123,chinook,hatch_tag,2021-04-22,Nanaimo fall
989.001039395131,chinook,hatch_tag,2021-04-22,Nanaimo fall
989.001039395282,chinook,hatch_tag,2021-04-22,Nanaimo fall
989.001039395333,chinook,hatch_tag,2021-04-22,Nanaimo fall
989.001039395359,chinook,hatch_tag,2021-04-22,Nanaimo fall
989.001039395370,chinook,hatch_tag,2021-04-22,Nanaimo fall
989.001039395393,chinook,hatch_tag,2021-04-22,Nanaimo fall
989.001039395396,chinook,hatch_tag,2021-04-22,Nanaimo fall
989.001039395439,chinook,hatch_tag,2021-04-22,Nanaimo fall
989.001039395559,chinook,hatch_tag,2021-04-22,Nanaimo fall
989.001039395565,chinook,hatch_tag,2021-04-22,Nanaimo fall
989.001039395675,chinook,hatch_tag,2021-04-22,Nanaimo fall
989.001039395715,chinook,hatch_tag,2021-04-22,Nanaimo fall
989.001039395717,chinook,hatch_tag,2021-04-22,Nanaimo fall
989.001039395855,chinook,hatch_tag,2021-04-22,Nanaimo fall
989.001039395967,chinook,hatch_tag,2021-04-22,Nanaimo fall
989.001039396106,chinook,hatch_tag,2021-04-22,Nanaimo fall
989.001039396137,chinook,hatch_tag,2021-04-22,Nanaimo fall
989.001039396291,chinook,hatch_tag,2021-04-23,Nanaimo summer
989.001039397017,chinook,hatch_tag,2021-04-23,Nanaimo summer
989.001039397036,chinook,hatch_tag,2021-04-23,Nanaimo summer
989.001039397433,chinook,hatch_tag,2021-04-23,Nanaimo summer
989.001039397675,chinook,hatch_tag,2021-04-23,Nanaimo summer
989.001039397762,chinook,hatch_tag,2021-04-23,Nanaimo summer
989.001039397874,chinook,hatch_tag,2021-04-23,Nanaimo summer
989.001039397990,chinook,hatch_tag,2021-04-23,Nanaimo summer
989.001039398019,chinook,hatch_tag,2021-04-23,Nanaimo summer
989.001039398350,chinook,hatch_tag,2021-04-23,Nanaimo summer
989.001039398633,chinook,hatch_tag,2021-04-23,Nanaimo summer
989.001039399438,chinook,hatch_tag,2021-04-23,Nanaimo summer
989.001039400000,chinook,hatch_tag,2021-04-23,Nanaimo summer
989.001039400398,chinook,hatch_tag,2021-04-23,Nanaimo summer
989.001039400974,chinook,hatch_tag,2021-04-23,Nanaimo summer
989.001039401150,coho,hatch_tag,2021-12-02,Puntledge
989.001039401155,coho,hatch_tag,2021-12-02,Puntledge
989.001039401213,coho,hatch_tag,2021-12-02,Puntledge
989.001039401224,coho,hatch_tag,2021-12-02,Puntledge
989.001039401252,coho,hatch_tag,2021-12-02,Puntledge
989.001039401298,coho,hatch_tag,2021-12-02,Puntledge
989.001039401301,coho,hatch_tag,2021-12-02,Puntledge
989.001039401303,coho,hatch_tag,2021-12-02,Puntledge
989.001039401307,coho,hatch_tag,2021-12-02,Puntledge
989.001039401310,coho,hatch_tag,2021-12-02,Puntledge
989.001039401313,coho,hatch_tag,2021-12-02,Puntledge
989.001039401319,coho,hatch_tag,2021-12-02,Puntledge
989.001039401333,coho,hatch_tag,2021-12-02,Puntledge
989.001039401369,coho,hatch_tag,2021-12-02,Puntledge
989.001039401391,coho,hatch_tag,2021-12-02,Puntledge
989.001039401397,coho,hatch_tag,2021-12-02,Puntledge
989.001039401409,coho,hatch_tag,2021-12-02,Puntledge
989.001039401446,coho,hatch_tag,2021-12-02,Puntledge
989.001039401450,coho,hatch_tag,2021-12-02,Puntledge
989.001039401484,coho,hatch_tag,2021-12-02,Puntledge
989.001039401488,coho,hatch_tag,2021-12-02,Puntledge
989.001039401494,coho,hatch_tag,2021-12-02,Puntledge
989.001039401504,coho,hatch_tag,2021-12-02,Puntledge
989.001039401506,coho,hatch_tag,2021-12-02,Puntledge
989.001039401531,coho,hatch_tag,2021-12-02,Puntledge
989.001039401533,coho,hatch_tag,2021-12-02,Puntledge
989.001039401542,coho,hatch_tag,2021-12-02,Puntledge
989.001039401575,coho,hatch_tag,2021-12-02,Puntledge
989.001039401603,coho,hatch_tag,2021-12-02,Puntledge
989.001039401637,coho,hatch_tag,2021-12-02,Puntledge
989.001039401664,coho,hatch_tag,2021-12-02,Puntledge
989.001039401665,coho,hatch_tag,2021-12-02,Puntledge
989.001039401681,coho,hatch_tag,2021-12-02,Puntledge
989.001039401686,coho,hatch_tag,2021-12-02,Puntledge
989.001039401692,coho,hatch_tag,2021-12-02,Puntledge
989.001039401711,coho,hatch_tag,2021-12-02,Puntledge
989.001039401729,coho,hatch_tag,2021-12-02,Puntledge
989.001039401744,coho,hatch_tag,2021-12-02,Puntledge
989.001039401770,coho,hatch_tag,2021-12-02,Puntledge
989.001039401780,coho,hatch_tag,2021-12-02,Puntledge
989.001039401810,coho,hatch_tag,2021-12-02,Puntledge
989.001039401845,coho,hatch_tag,2021-12-02,Puntledge
989.001039401924,coho,hatch_tag,2021-12-02,Puntledge
989.001039401958,coho,hatch_tag,2021-12-02,Puntledge
989.001039401959,coho,hatch_tag,2021-12-02,Puntledge
989.001039401970,coho,hatch_tag,2021-12-02,Puntledge
989.001039401977,coho,hatch_tag,2021-12-02,Puntledge
989.001039401981,coho,hatch_tag,2021-12-02,Puntledge
989.001039401988,coho,hatch_tag,2021-12-02,Puntledge
989.001039402004,coho,hatch_tag,2021-12-02,Puntledge
989.001039402023,coho,hatch_tag,2021-12-02,Puntledge
989.001039402033,coho,hatch_tag,2021-12-02,Puntledge
989.001039402048,coho,hatch_tag,2021-12-02,Puntledge
989.001039402071,coho,hatch_tag,2021-12-02,Puntledge
989.001039402088,coho,hatch_tag,2021-12-02,Puntledge
989.001039402104,coho,hatch_tag,2021-12-02,Puntledge
989.001039402108,coho,hatch_tag,2021-12-02,Puntledge
989.001039402114,coho,hatch_tag,2021-12-02,Puntledge
989.001039402118,coho,hatch_tag,2021-12-02,Puntledge
989.001039402156,coho,hatch_tag,2021-12-02,Puntledge
989.001039402174,coho,hatch_tag,2021-12-02,Puntledge
989.001039402195,coho,hatch_tag,2021-12-02,Puntledge
989.001039402237,coho,hatch_tag,2021-12-02,Puntledge
989.001039402307,coho,hatch_tag,2021-12-02,Puntledge
989.001039402347,coho,hatch_tag,2021-12-02,Puntledge
989.001039402352,coho,hatch_tag,2021-12-02,Puntledge
989.001039402365,coho,hatch_tag,2021-12-02,Puntledge
989.001039402375,coho,hatch_tag,2021-12-02,Puntledge
989.001039402406,coho,hatch_tag,2021-12-02,Puntledge
989.001039402414,coho,hatch_tag,2021-12-02,Puntledge
989.001039402425,coho,hatch_tag,2021-12-02,Puntledge
989.001039402432,coho,hatch_tag,2021-12-02,Puntledge
989.001039402458,coho,hatch_tag,2021-12-02,Puntledge
989.001039402477,coho,hatch_tag,2021-12-02,Puntledge
989.001039402504,coho,hatch_tag,2021-12-02,Puntledge
989.001039402507,coho,hatch_tag,2021-12-02,Puntledge
989.001039402511,coho,hatch_tag,2021-12-02,Puntledge
989.001039402528,coho,hatch_tag,2021-12-02,Puntledge
989.001039402545,coho,hatch_tag,2021-12-02,Puntledge
989.001039402556,coho,hatch_tag,2021-12-02,Puntledge
989.001039402559,coho,hatch_tag,2021-12-02,Puntledge
989.001039402568,coho,hatch_tag,2021-12-02,Puntledge
989.001039402575,coho,hatch_tag,2021-12-02,Puntledge
989.001039402585,coho,hatch_tag,2021-12-02,Puntledge
989.001039402655,coho,hatch_tag,2021-12-02,Puntledge
989.001039402664,coho,hatch_tag,2021-12-02,Puntledge
989.001039402684,coho,hatch_tag,2021-12-02,Puntledge
989.001039402688,coho,hatch_tag,2021-12-02,Puntledge
989.001039402701,coho,hatch_tag,2021-12-02,Puntledge
989.001039402705,coho,hatch_tag,2021-12-02,Puntledge
989.001039402733,coho,hatch_tag,2021-12-02,Puntledge
989.001039402767,coho,hatch_tag,2021-12-02,Puntledge
989.001039402797,coho,hatch_tag,2021-12-02,Puntledge
989.001039402811,coho,hatch_tag,2021-12-02,Puntledge
989.001039402835,coho,hatch_tag,2021-12-02,Puntledge
989.001039402848,coho,hatch_tag,2021-12-02,Puntledge
989.001039402850,coho,hatch_tag,2021-12-02,Puntledge
989.001039402920,coho,hatch_tag,2021-12-02,Puntledge
989.001039402928,coho,hatch_tag,2021-12-02,Puntledge
989.001039402935,coho,hatch_tag,2021-12-02,Puntledge
989.001039402951,coho,hatch_tag,2021-12-02,Puntledge
989.001039402963,coho,hatch_tag,2021-12-02,Puntledge
989.001039402966,coho,hatch_tag,2021-12-02,Puntledge
989.001039403016,coho,hatch_tag,2021-12-02,Puntledge
989.001039403037,coho,hatch_tag,2021-12-02,Puntledge
989.001039403056,coho,hatch_tag,2021-12-02,Puntledge
989.001039403117,coho,hatch_tag,2021-12-02,Puntledge
989.001039403140,coho,hatch_tag,2021-12-02,Puntledge
989.001039403165,coho,hatch_tag,2021-12-02,Puntledge
989.001039403173,coho,hatch_tag,2021-12-02,Puntledge
989.001039403209,coho,hatch_tag,2021-12-02,Puntledge
989.001039403215,coho,hatch_tag,2021-12-02,Puntledge
989.001039403239,coho,hatch_tag,2021-12-02,Puntledge
989.001039403249,coho,hatch_tag,2021-12-02,Puntledge
989.001039403252,coho,hatch_tag,2021-12-02,Puntledge
989.001039403265,coho,hatch_tag,2021-12-02,Puntledge
989.001039403280,coho,hatch_tag,2021-12-02,Puntledge
989.001039403291,coho,hatch_tag,2021-12-02,Puntledge
989.001039403323,coho,hatch_tag,2021-12-02,Puntledge
989.001039403334,coho,hatch_tag,2021-12-02,Puntledge
989.001039403336,coho,hatch_tag,2021-12-02,Puntledge
989.001039403343,coho,hatch_tag,2021-12-02,Puntledge
989.001039403360,coho,hatch_tag,2021-12-02,Puntledge
989.001039403363,coho,hatch_tag,2021-12-02,Puntledge
989.001039403370,coho,hatch_tag,2021-12-02,Puntledge
989.001039403409,coho,hatch_tag,2021-12-02,Puntledge
989.001039403420,coho,hatch_tag,2021-12-02,Puntledge
989.001039403437,coho,hatch_tag,2021-12-02,Puntledge
989.001039403438,coho,hatch_tag,2021-12-02,Puntledge
989.001039403451,coho,hatch_tag,2021-12-02,Puntledge
989.001039403460,coho,hatch_tag,2021-12-02,Puntledge
989.001039403462,coho,hatch_tag,2021-12-02,Puntledge
989.001039403474,coho,hatch_tag,2021-12-02,Puntledge
989.001039403482,coho,hatch_tag,2021-12-02,Puntledge
989.001039403517,coho,hatch_tag,2021-12-02,Puntledge
989.001039403607,coho,hatch_tag,2021-12-02,Puntledge
989.001039403608,coho,hatch_tag,2021-12-02,Puntledge
989.001039403632,coho,hatch_tag,2021-12-02,Puntledge
989.001039403639,coho,hatch_tag,2021-12-02,Puntledge
989.001039403687,coho,hatch_tag,2021-12-02,Puntledge
989.001039403698,coho,hatch_tag,2021-12-02,Puntledge
989.001039403718,coho,hatch_tag,2021-12-02,Puntledge
989.001039403731,coho,hatch_tag,2021-12-02,Puntledge
989.001039403744,coho,hatch_tag,2021-12-02,Puntledge
989.001039403765,coho,hatch_tag,2021-12-02,Puntledge
989.001039403766,coho,hatch_tag,2021-12-02,Puntledge
989.001039403773,coho,hatch_tag,2021-12-02,Puntledge
989.001039403784,coho,hatch_tag,2021-12-02,Puntledge
989.001039403813,coho,hatch_tag,2021-12-02,Puntledge
989.001039403826,coho,hatch_tag,2021-12-02,Puntledge
989.001039403829,coho,hatch_tag,2021-12-02,Puntledge
989.001039403852,coho,hatch_tag,2021-12-02,Puntledge
989.001039403882,coho,hatch_tag,2021-12-02,Puntledge
989.001039403916,coho,hatch_tag,2021-12-02,Puntledge
989.001039403929,coho,hatch_tag,2021-12-02,Puntledge
989.001039403951,coho,hatch_tag,2021-12-02,Puntledge
989.001039403959,coho,hatch_tag,2021-12-02,Puntledge
989.001039403975,coho,hatch_tag,2021-12-02,Puntledge
989.001039403979,coho,hatch_tag,2021-12-02,Puntledge
989.001039403987,coho,hatch_tag,2021-12-02,Puntledge
989.001039404059,coho,hatch_tag,2021-12-02,Puntledge
989.001039404083,coho,hatch_tag,2021-12-02,Puntledge
989.001039404110,coho,hatch_tag,2021-12-02,Puntledge
989.001039404111,coho,hatch_tag,2021-12-02,Puntledge
989.001039404115,coho,hatch_tag,2021-12-02,Puntledge
989.001039404126,coho,hatch_tag,2021-12-02,Puntledge
989.001039404161,coho,hatch_tag,2021-12-02,Puntledge
989.001039404164,coho,hatch_tag,2021-12-02,Puntledge
989.001039404179,coho,hatch_tag,2021-12-02,Puntledge
989.001039404230,coho,hatch_tag,2021-12-02,Puntledge
989.001039404231,coho,hatch_tag,2021-12-02,Puntledge
989.001039404253,coho,hatch_tag,2021-12-02,Puntledge
989.001039404254,coho,hatch_tag,2021-12-02,Puntledge
989.001039404255,coho,hatch_tag,2021-12-02,Puntledge
989.001039404257,coho,hatch_tag,2021-12-02,Puntledge
989.001039404258,coho,hatch_tag,2021-12-02,Puntledge
989.001039404265,coho,hatch_tag,2021-12-02,Puntledge
989.001039404293,coho,hatch_tag,2021-12-02,Puntledge
989.001039404337,coho,hatch_tag,2021-12-02,Puntledge
989.001039404368,coho,hatch_tag,2021-12-02,Puntledge
989.001039404374,coho,hatch_tag,2021-12-02,Puntledge
989.001039404380,coho,hatch_tag,2021-12-02,Puntledge
989.001039404405,coho,hatch_tag,2021-12-02,Puntledge
989.001039404408,coho,hatch_tag,2021-12-02,Puntledge
989.001039404411,coho,hatch_tag,2021-12-02,Puntledge
989.001039404420,coho,hatch_tag,2021-12-02,Puntledge
989.001039404426,coho,hatch_tag,2021-12-02,Puntledge
989.001039404435,coho,hatch_tag,2021-12-02,Puntledge
989.001039404439,coho,hatch_tag,2021-12-02,Puntledge
989.001039404456,coho,hatch_tag,2021-12-02,Puntledge
989.001039404483,coho,hatch_tag,2021-12-02,Puntledge
989.001039404495,coho,hatch_tag,2021-12-02,Puntledge
989.001039404523,coho,hatch_tag,2021-12-02,Puntledge
989.001039404542,coho,hatch_tag,2021-12-02,Puntledge
989.001039404561,coho,hatch_tag,2021-12-02,Puntledge
989.001039404573,coho,hatch_tag,2021-12-02,Puntledge
989.001039404580,coho,hatch_tag,2021-12-02,Puntledge
989.001039404609,coho,hatch_tag,2021-12-02,Puntledge
989.001039404616,coho,hatch_tag,2021-12-02,Puntledge
989.001039404672,coho,hatch_tag,2021-12-02,Puntledge
989.001039404679,coho,hatch_tag,2021-12-02,Puntledge
989.001039404683,coho,hatch_tag,2021-12-02,Puntledge
989.001039404699,coho,hatch_tag,2021-12-02,Puntledge
989.001039404771,coho,hatch_tag,2021-12-02,Puntledge
989.001039404787,coho,hatch_tag,2021-12-02,Puntledge
989.001039404792,coho,hatch_tag,2021-12-02,Puntledge
989.001039404821,coho,hatch_tag,2021-12-02,Puntledge
989.001039404874,coho,hatch_tag,2021-12-02,Puntledge
989.001039404889,coho,hatch_tag,2021-12-02,Puntledge
989.001039404897,coho,hatch_tag,2021-12-02,Puntledge
989.001039404921,coho,hatch_tag,2021-12-02,Puntledge
989.001039404944,coho,hatch_tag,2021-12-02,Puntledge
989.001039404978,coho,hatch_tag,2021-12-02,Puntledge
989.001039404984,coho,hatch_tag,2021-12-02,Puntledge
989.001039404993,coho,hatch_tag,2021-12-02,Puntledge
989.001039404996,coho,hatch_tag,2021-12-02,Puntledge
989.001039405013,coho,hatch_tag,2021-12-02,Puntledge
989.001039405055,coho,hatch_tag,2021-12-02,Puntledge
989.001039405113,coho,hatch_tag,2021-12-02,Puntledge
989.001039405135,coho,hatch_tag,2021-12-02,Puntledge
989.001039405142,coho,hatch_tag,2021-12-02,Puntledge
989.001039405150,coho,hatch_tag,2021-12-02,Puntledge
989.001039405174,coho,hatch_tag,2021-12-02,Puntledge
989.001039405181,coho,hatch_tag,2021-12-02,Puntledge
989.001039405224,coho,hatch_tag,2021-12-02,Puntledge
989.001039405225,coho,hatch_tag,2021-12-02,Puntledge
989.001039405250,coho,hatch_tag,2021-12-02,Puntledge
989.001039405304,coho,hatch_tag,2021-12-02,Puntledge
989.001039405389,coho,hatch_tag,2021-12-02,Puntledge
989.001039405409,coho,hatch_tag,2021-12-02,Puntledge
989.001039405410,coho,hatch_tag,2021-12-02,Puntledge
989.001039405442,coho,hatch_tag,2021-12-02,Puntledge
989.001039405446,coho,hatch_tag,2021-12-02,Puntledge
989.001039405454,coho,hatch_tag,2021-12-02,Puntledge
989.001039405487,coho,hatch_tag,2021-12-02,Puntledge
989.001039405503,coho,hatch_tag,2021-12-02,Puntledge
989.001039405554,coho,hatch_tag,2021-12-02,Puntledge
989.001039405561,coho,hatch_tag,2021-12-02,Puntledge
989.001039405565,coho,hatch_tag,2021-12-02,Puntledge
989.001039405604,coho,hatch_tag,2021-12-02,Puntledge
989.001039405620,coho,hatch_tag,2021-12-02,Puntledge
989.001039405622,coho,hatch_tag,2021-12-02,Puntledge
989.001039405635,coho,hatch_tag,2021-12-02,Puntledge
989.001039405641,coho,hatch_tag,2021-12-02,Puntledge
989.001039405653,coho,hatch_tag,2021-12-02,Puntledge
989.001039405703,coho,hatch_tag,2021-12-02,Puntledge
989.001039405704,coho,hatch_tag,2021-12-02,Puntledge
989.001039405713,coho,hatch_tag,2021-12-02,Puntledge
989.001039405714,coho,hatch_tag,2021-12-02,Puntledge
989.001039405724,coho,hatch_tag,2021-12-02,Puntledge
989.001039405727,coho,hatch_tag,2021-12-02,Puntledge
989.001039405748,coho,hatch_tag,2021-12-02,Puntledge
989.001039405805,coho,hatch_tag,2021-12-02,Puntledge
989.001039405832,coho,hatch_tag,2021-12-02,Puntledge
989.001039405845,coho,hatch_tag,2021-12-02,Puntledge
989.001039405861,coho,hatch_tag,2021-12-02,Puntledge
989.001039405872,coho,hatch_tag,2021-12-02,Puntledge
989.001039405879,coho,hatch_tag,2021-12-02,Puntledge
989.001039405919,coho,hatch_tag,2021-12-02,Puntledge
989.001039406004,coho,hatch_tag,2021-12-02,Puntledge
989.001039406006,coho,hatch_tag,2021-12-02,Puntledge
989.001039406007,coho,hatch_tag,2021-12-02,Puntledge
989.001039406017,coho,hatch_tag,2021-12-02,Puntledge
989.001039406044,coho,hatch_tag,2021-12-02,Puntledge
989.001039406045,coho,hatch_tag,2021-12-02,Puntledge
989.001039406063,coho,hatch_tag,2021-12-02,Puntledge
989.001039406070,coho,hatch_tag,2021-12-02,Puntledge
989.001039406122,coho,hatch_tag,2021-12-02,Puntledge
989.001039406144,coho,hatch_tag,2021-12-02,Puntledge
989.001039406361,chinook,hatch_tag,2021-05-11,Little Qualicum
989.001039406458,chinook,hatch_tag,2021-05-11,Little Qualicum
989.001039406631,chinook,hatch_tag,2021-05-11,Little Qualicum
989.001039406661,chinook,hatch_tag,2021-05-11,Little Qualicum
989.001039406823,chinook,hatch_tag,2021-05-11,Little Qualicum
989.001039406835,chinook,hatch_tag,2021-05-11,Little Qualicum
989.001039406836,chinook,hatch_tag,2021-05-11,Little Qualicum
989.001039407017,chinook,hatch_tag,2021-05-11,Little Qualicum
989.001039407024,chinook,hatch_tag,2021-05-11,Little Qualicum
989.001039407161,chinook,hatch_tag,2021-05-11,Little Qualicum
989.001039407399,chinook,hatch_tag,2021-05-11,Little Qualicum
989.001039407438,chinook,hatch_tag,2021-05-11,Little Qualicum
989.001039407495,chinook,hatch_tag,2021-05-11,Little Qualicum
989.001039407539,chinook,hatch_tag,2021-05-11,Little Qualicum
989.001039407804,chinook,hatch_tag,2021-05-11,Little Qualicum
989.001039407877,chinook,hatch_tag,2021-05-11,Little Qualicum
989.001039408039,chinook,hatch_tag,2021-05-11,Little Qualicum
989.001039408084,chinook,hatch_tag,2021-05-11,Little Qualicum
989.001039408214,chinook,hatch_tag,2021-05-11,Little Qualicum
989.001039408342,chinook,hatch_tag,2021-05-11,Little Qualicum
989.001039408377,chinook,hatch_tag,2021-05-11,Little Qualicum
989.001039408542,chinook,hatch_tag,2021-05-11,Little Qualicum
989.001039408592,chinook,hatch_tag,2021-05-11,Little Qualicum
989.001039408865,chinook,hatch_tag,2021-05-11,Little Qualicum
989.001039408979,chinook,hatch_tag,2021-05-11,Little Qualicum
989.001039409050,chinook,hatch_tag,2021-05-11,Little Qualicum
989.001039409052,chinook,hatch_tag,2021-05-11,Little Qualicum
989.001039409171,chinook,hatch_tag,2021-05-11,Little Qualicum
989.001039409192,chinook,hatch_tag,2021-05-11,Little Qualicum
989.001039409461,chinook,hatch_tag,2021-05-11,Little Qualicum
989.001039409579,chinook,hatch_tag,2021-05-11,Little Qualicum
989.001039409692,chinook,hatch_tag,2021-05-11,Little Qualicum
989.001039409996,chinook,hatch_tag,2021-05-11,Little Qualicum
989.001039410013,chinook,hatch_tag,2021-05-11,Little Qualicum
989.001039410059,chinook,hatch_tag,2021-05-11,Little Qualicum
989.001039410285,chinook,hatch_tag,2021-05-11,Little Qualicum
989.001039410386,chinook,hatch_tag,2021-05-11,Little Qualicum
989.001039410559,chinook,hatch_tag,2021-05-11,Little Qualicum
989.001039410720,chinook,hatch_tag,2021-05-11,Little Qualicum
989.001039410798,chinook,hatch_tag,2021-05-11,Little Qualicum
989.001039410942,chinook,hatch_tag,2021-05-11,Little Qualicum
989.001039411088,chinook,hatch_tag,2021-05-11,Little Qualicum
989.001039411143,chinook,hatch_tag,2021-05-11,Little Qualicum
989.001039612486,coho,hatch_tag,2022-01-25,Nanaimo
989.001039613727,coho,hatch_tag,2022-01-25,Nanaimo
989.001039614616,coho,hatch_tag,2022-01-25,Nanaimo
989.001039615335,coho,hatch_tag,2022-01-25,Nanaimo
989.001039615930,coho,hatch_tag,2022-01-25,Nanaimo
989.001039616143,coho,hatch_tag,2022-01-25,Nanaimo
989.001039617538,chinook,hatch_tag,2022-05-24,Puntledge fall
989.001039617559,chinook,hatch_tag,2022-05-24,Puntledge fall
989.001039617688,chinook,hatch_tag,2022-05-24,Puntledge fall
989.001039617745,chinook,hatch_tag,2022-05-24,Puntledge fall
989.001039617848,chinook,hatch_tag,2022-05-24,Puntledge fall
989.001039617974,chinook,hatch_tag,2022-05-24,Puntledge fall
989.001039618044,chinook,hatch_tag,2022-05-24,Puntledge fall
989.001039618284,chinook,hatch_tag,2022-05-24,Puntledge fall
989.001039618970,chinook,hatch_tag,2022-05-24,Puntledge fall
989.001039619137,chinook,hatch_tag,2022-05-24,Puntledge fall
989.001039619359,chinook,hatch_tag,2022-05-24,Puntledge fall
989.001039620023,chinook,hatch_tag,2022-05-24,Puntledge fall
989.001039712393,coho,hatch_tag,2022-03-02,Goldstream
989.001039712431,coho,hatch_tag,2022-03-02,Goldstream
989.001039712466,coho,hatch_tag,2022-03-02,Goldstream
989.001039712496,coho,hatch_tag,2022-03-02,Goldstream
989.001039712522,coho,hatch_tag,2022-03-02,Goldstream
989.001039712531,coho,hatch_tag,2022-03-02,Goldstream
989.001039712567,coho,hatch_tag,2022-03-02,Goldstream
989.001039712570,coho,hatch_tag,2022-03-02,Goldstream
989.001039712579,coho,hatch_tag,2022-03-02,Goldstream
989.001039712653,coho,hatch_tag,2022-03-02,Goldstream
989.001039712725,coho,hatch_tag,2022-03-02,Goldstream
989.001039712755,coho,hatch_tag,2022-03-02,Goldstream
989.001039712794,coho,hatch_tag,2022-03-02,Goldstream
989.001039712804,coho,hatch_tag,2022-03-02,Goldstream
989.001039712847,coho,hatch_tag,2022-03-02,Goldstream
989.001039712876,coho,hatch_tag,2022-03-02,Goldstream
989.001039712895,coho,hatch_tag,2022-03-02,Goldstream
989.001039712907,coho,hatch_tag,2022-03-02,Goldstream
989.001039712916,coho,hatch_tag,2022-03-02,Goldstream
989.001039712993,coho,hatch_tag,2022-03-02,Goldstream
989.001039713109,coho,hatch_tag,2022-03-02,Goldstream
989.001039713202,coho,hatch_tag,2022-03-02,Goldstream
989.001039713331,coho,hatch_tag,2022-03-02,Goldstream
989.001039713401,coho,hatch_tag,2022-03-02,Goldstream
989.001039713444,coho,hatch_tag,2022-03-02,Goldstream
989.001039713474,coho,hatch_tag,2022-03-02,Goldstream
989.001039713549,coho,hatch_tag,2022-03-02,Goldstream
989.001039713578,coho,hatch_tag,2022-03-02,Goldstream
989.001039713583,coho,hatch_tag,2022-03-02,Goldstream
989.001039713593,coho,hatch_tag,2022-03-02,Goldstream
989.001039713646,coho,hatch_tag,2022-03-02,Goldstream
989.001039713677,coho,hatch_tag,2022-03-02,Goldstream
989.001039713723,coho,hatch_tag,2022-03-02,Goldstream
989.001039713780,coho,hatch_tag,2022-03-02,Goldstream
989.001039713848,coho,hatch_tag,2022-03-02,Goldstream
989.001039713899,coho,hatch_tag,2022-03-02,Goldstream
989.001039713929,coho,hatch_tag,2022-03-02,Goldstream
989.001039713996,coho,hatch_tag,2022-03-02,Goldstream
989.001039714012,coho,hatch_tag,2022-03-02,Goldstream
989.001039714017,coho,hatch_tag,2022-03-02,Goldstream
989.001039714033,coho,hatch_tag,2022-03-02,Goldstream
989.001039714061,coho,hatch_tag,2022-03-02,Goldstream
989.001039714064,coho,hatch_tag,2022-03-02,Goldstream
989.001039714099,coho,hatch_tag,2022-03-02,Goldstream
989.001039714109,coho,hatch_tag,2022-03-02,Goldstream
989.001039714152,coho,hatch_tag,2022-03-02,Goldstream
989.001039714172,coho,hatch_tag,2022-03-02,Goldstream
989.001039714211,coho,hatch_tag,2022-03-02,Goldstream
989.001039714214,coho,hatch_tag,2022-03-02,Goldstream
989.001039714222,coho,hatch_tag,2022-03-02,Goldstream
989.001039714331,coho,hatch_tag,2022-03-02,Goldstream
989.001039714337,coho,hatch_tag,2022-03-02,Goldstream
989.001039714400,coho,hatch_tag,2022-03-02,Goldstream
989.001039714419,coho,hatch_tag,2022-03-02,Goldstream
989.001039714433,coho,hatch_tag,2022-03-02,Goldstream
989.001039714505,coho,hatch_tag,2022-03-02,Goldstream
989.001039714506,coho,hatch_tag,2022-03-02,Goldstream
989.001039714521,coho,hatch_tag,2022-03-02,Goldstream
989.001039714530,coho,hatch_tag,2022-03-02,Goldstream
989.001039714573,coho,hatch_tag,2022-03-02,Goldstream
989.001039714611,coho,hatch_tag,2022-03-02,Goldstream
989.001039714625,coho,hatch_tag,2022-03-02,Goldstream
989.001039714630,coho,hatch_tag,2022-03-02,Goldstream
989.001039714676,coho,hatch_tag,2022-03-02,Goldstream
989.001039714730,coho,hatch_tag,2022-03-02,Goldstream
989.001039714763,coho,hatch_tag,2022-03-02,Goldstream
989.001039714769,coho,hatch_tag,2022-03-02,Goldstream
989.001039714800,coho,hatch_tag,2022-03-02,Goldstream
989.001039714852,coho,hatch_tag,2022-03-02,Goldstream
989.001039714882,coho,hatch_tag,2022-03-02,Goldstream
989.001039714951,coho,hatch_tag,2022-03-02,Goldstream
989.001039714955,coho,hatch_tag,2022-03-02,Goldstream
989.001039714984,coho,hatch_tag,2022-03-02,Goldstream
989.001039715072,coho,hatch_tag,2022-03-02,Goldstream
989.001039715113,coho,hatch_tag,2022-03-02,Goldstream
989.001039715134,coho,hatch_tag,2022-03-02,Goldstream
989.001039715171,coho,hatch_tag,2022-03-02,Goldstream
989.001039715192,coho,hatch_tag,2022-03-02,Goldstream
989.001039715198,coho,hatch_tag,2022-03-02,Goldstream
989.001039715207,coho,hatch_tag,2022-03-02,Goldstream
989.001039715244,coho,hatch_tag,2022-03-02,Goldstream
989.001039715336,coho,hatch_tag,2022-03-02,Goldstream
989.001039715345,coho,hatch_tag,2022-03-02,Goldstream
989.001039715389,coho,hatch_tag,2022-03-02,Goldstream
989.001039715415,coho,hatch_tag,2022-03-02,Goldstream
989.001039715420,coho,hatch_tag,2022-03-02,Goldstream
989.001039715450,coho,hatch_tag,2022-03-02,Goldstream
989.001039715456,coho,hatch_tag,2022-03-02,Goldstream
989.001039715475,coho,hatch_tag,2022-03-02,Goldstream
989.001039715515,coho,hatch_tag,2022-03-02,Goldstream
989.001039715543,coho,hatch_tag,2022-03-02,Goldstream
989.001039715547,coho,hatch_tag,2022-03-02,Goldstream
989.001039715579,coho,hatch_tag,2022-03-02,Goldstream
989.001039715601,coho,hatch_tag,2022-03-02,Goldstream
989.001039715712,coho,hatch_tag,2022-03-02,Goldstream
989.001039715728,coho,hatch_tag,2022-03-02,Goldstream
989.001039715752,coho,hatch_tag,2022-03-02,Goldstream
989.001039715772,coho,hatch_tag,2022-03-02,Goldstream
989.001039715780,coho,hatch_tag,2022-03-02,Goldstream
989.001039715790,coho,hatch_tag,2022-03-02,Goldstream
989.001039715791,coho,hatch_tag,2022-03-02,Goldstream
989.001039715842,coho,hatch_tag,2022-03-02,Goldstream
989.001039715902,coho,hatch_tag,2022-03-02,Goldstream
989.001039715903,coho,hatch_tag,2022-03-02,Goldstream
989.001039715960,coho,hatch_tag,2022-03-02,Goldstream
989.001039716006,coho,hatch_tag,2022-03-02,Goldstream
989.001039716133,coho,hatch_tag,2022-03-02,Goldstream
989.001039716138,coho,hatch_tag,2022-03-02,Goldstream
989.001039716156,coho,hatch_tag,2022-03-02,Goldstream
989.001039716176,coho,hatch_tag,2022-03-02,Goldstream
989.001039716183,coho,hatch_tag,2022-03-02,Goldstream
989.001039716202,coho,hatch_tag,2022-03-02,Goldstream
989.001039716203,coho,hatch_tag,2022-03-02,Goldstream
989.001039716229,coho,hatch_tag,2022-03-02,Goldstream
989.001039716253,coho,hatch_tag,2022-03-02,Goldstream
989.001039716256,coho,hatch_tag,2022-03-02,Goldstream
989.001039716262,coho,hatch_tag,2022-03-02,Goldstream
989.001039716285,coho,hatch_tag,2022-03-02,Goldstream
989.001039716295,coho,hatch_tag,2022-03-02,Goldstream
989.001039716321,coho,hatch_tag,2022-03-02,Goldstream
989.001039716344,coho,hatch_tag,2022-03-02,Goldstream
989.001039716349,coho,hatch_tag,2022-03-02,Goldstream
989.001039716364,coho,hatch_tag,2022-03-02,Goldstream
989.001039716365,coho,hatch_tag,2022-03-02,Goldstream
989.001039716382,coho,hatch_tag,2022-03-02,Goldstream
989.001039716415,coho,hatch_tag,2022-03-02,Goldstream
989.001039716442,coho,hatch_tag,2022-03-02,Goldstream
989.001039716491,coho,hatch_tag,2022-03-02,Goldstream
989.001039716506,coho,hatch_tag,2022-03-02,Goldstream
989.001039716550,coho,hatch_tag,2022-03-02,Goldstream
989.001039716601,coho,hatch_tag,2022-03-02,Goldstream
989.001039716669,coho,hatch_tag,2022-03-02,Goldstream
989.001039716757,coho,hatch_tag,2022-03-02,Goldstream
989.001039716789,coho,hatch_tag,2022-03-02,Goldstream
989.001039716802,coho,hatch_tag,2022-03-02,Goldstream
989.001039716814,coho,hatch_tag,2022-03-02,Goldstream
989.001039716818,coho,hatch_tag,2022-03-02,Goldstream
989.001039716825,coho,hatch_tag,2022-03-02,Goldstream
989.001039716975,coho,hatch_tag,2022-03-02,Goldstream
989.001039717078,coho,hatch_tag,2022-03-02,Goldstream
989.001039717088,coho,hatch_tag,2022-03-02,Goldstream
989.001039717121,coho,hatch_tag,2022-03-02,Goldstream
989.001039717134,coho,hatch_tag,2022-03-02,Goldstream
989.001039717181,coho,hatch_tag,2022-03-02,Goldstream
989.001039717232,coho,hatch_tag,2022-03-02,Goldstream
989.001039717472,chinook,hatch_tag,2021-05-05,Cowichan
989.001039717524,chinook,river,2021-05-08,Cowichan
989.001039717569,chinook,river,2021-05-08,Cowichan
989.001039717573,chinook,river,2021-05-08,Cowichan
989.001039717583,coho,river,2021-05-08,Cowichan
989.001039717616,coho,river,2021-05-08,Cowichan
989.001039717620,coho,river,2021-05-08,Cowichan
989.001039717631,coho,river,2021-05-11,Cowichan
989.001039717652,coho,river,2021-05-08,Cowichan
989.001039717680,chinook,river,2021-05-11,Cowichan
989.001039717876,coho,river,2021-05-08,Cowichan
989.001039717902,coho,river,2021-05-08,Cowichan
989.001039717907,coho,river,2021-05-08,Cowichan
989.001039717910,coho,river,2021-05-08,Cowichan
989.001039717915,coho,river,2021-05-08,Cowichan
989.001039717949,coho,river,2021-05-08,Cowichan
989.001039717989,chinook,river,2021-05-08,Cowichan
989.001039718076,chinook,river,2021-05-08,Cowichan
989.001039718100,chinook,river,2021-05-08,Cowichan
989.001039718177,coho,river,2021-05-14,Cowichan
989.001039718178,coho,river,2021-05-14,Cowichan
989.001039718192,chinook,river,2021-05-10,Cowichan
989.001039718194,coho,river,2021-05-14,Cowichan
989.001039718201,coho,river,2021-05-14,Cowichan
989.001039718214,coho,river,2021-05-10,Cowichan
989.001039718232,coho,river,2021-05-10,Cowichan
989.001039718268,coho,river,2021-05-14,Cowichan
989.001039718380,coho,river,2021-05-15,Cowichan
989.001039718402,coho,river,2021-05-15,Cowichan
989.001039718451,coho,river,2021-05-15,Cowichan
989.001039718464,coho,river,2021-05-15,Cowichan
989.001039718567,coho,river,2021-05-20,Cowichan
989.001039718584,coho,river,2021-05-19,Cowichan
989.001039718604,chinook,river,2021-05-19,Cowichan
989.001039718660,coho,river,2021-05-19,Cowichan
989.001039718693,chinook,river,2021-05-20,Cowichan
989.001039718750,coho,river,2021-05-20,Cowichan
989.001039718878,coho,river,2021-05-08,Cowichan
989.001039718907,coho,river,2021-05-08,Cowichan
989.001039718918,coho,river,2021-05-08,Cowichan
989.001039718920,coho,river,2021-05-08,Cowichan
989.001039718922,coho,river,2021-05-08,Cowichan
989.001039718924,coho,river,2021-05-08,Cowichan
989.001039718926,coho,river,2021-05-08,Cowichan
989.001039718928,coho,river,2021-05-08,Cowichan
989.001039718929,coho,river,2021-05-08,Cowichan
989.001039718933,coho,river,2021-05-08,Cowichan
989.001039718938,coho,river,2021-05-08,Cowichan
989.001039718943,coho,river,2021-05-08,Cowichan
989.001039718945,coho,river,2021-05-08,Cowichan
989.001039718976,coho,river,2021-05-08,Cowichan
989.001039718979,coho,river,2021-05-08,Cowichan
989.001039718984,coho,river,2021-05-08,Cowichan
989.001039718997,coho,river,2021-05-08,Cowichan
989.001039719009,coho,river,2021-05-08,Cowichan
989.001039719013,coho,river,2021-05-08,Cowichan
989.001039719014,coho,river,2021-05-08,Cowichan
989.001039719016,coho,river,2021-05-08,Cowichan
989.001039719031,coho,river,2021-05-08,Cowichan
989.001039719032,coho,river,2021-05-08,Cowichan
989.001039719039,coho,river,2021-05-08,Cowichan
989.001039719065,coho,river,2021-05-08,Cowichan
989.001039719071,coho,river,2021-05-08,Cowichan
989.001039719089,coho,river,2021-05-08,Cowichan
989.001039719118,coho,river,2021-05-08,Cowichan
989.001039719138,coho,river,2021-05-08,Cowichan
989.001039719160,coho,river,2021-05-08,Cowichan
989.001039719163,coho,river,2021-05-08,Cowichan
989.001039719170,coho,river,2021-05-08,Cowichan
989.001039719183,chinook,river,2021-05-14,Cowichan
989.001039719193,chinook,river,2021-05-14,Cowichan
989.001039719240,chinook,river,2021-05-14,Cowichan
989.001039719250,chinook,river,2021-05-14,Cowichan
989.001039719273,coho,river,2021-05-14,Cowichan
989.001039719284,coho,river,2021-05-11,Cowichan
989.001039719297,coho,river,2021-05-11,Cowichan
989.001039719302,coho,river,2021-05-11,Cowichan
989.001039719306,coho,river,2021-05-11,Cowichan
989.001039719320,coho,river,2021-05-11,Cowichan
989.001039719328,coho,river,2021-05-11,Cowichan
989.001039719334,coho,river,2021-05-11,Cowichan
989.001039719342,coho,river,2021-05-11,Cowichan
989.001039719349,coho,river,2021-05-11,Cowichan
989.001039719367,coho,river,2021-05-11,Cowichan
989.001039719374,coho,river,2021-05-11,Cowichan
989.001039719391,coho,river,2021-05-11,Cowichan
989.001039719418,coho,river,2021-05-11,Cowichan
989.001039719432,coho,river,2021-05-11,Cowichan
989.001039719456,coho,river,2021-05-11,Cowichan
989.001039719458,coho,river,2021-05-11,Cowichan
989.001039719467,coho,river,2021-05-11,Cowichan
989.001039719519,chinook,river,2021-05-19,Cowichan
989.001039719521,chinook,river,2021-05-19,Cowichan
989.001039719564,coho,river,2021-05-19,Cowichan
989.001039719568,coho,river,2021-05-19,Cowichan
989.001039719795,coho,river,2021-05-11,Cowichan
989.001039719815,coho,river,2021-05-11,Cowichan
989.001039719827,coho,river,2021-05-11,Cowichan
989.001039719836,coho,river,2021-05-11,Cowichan
989.001039719837,coho,river,2021-05-11,Cowichan
989.001039719853,coho,river,2021-05-11,Cowichan
989.001039719867,coho,river,2021-05-11,Cowichan
989.001039719929,chinook,river,2021-05-11,Cowichan
989.001039720087,coho,river,2021-05-18,Cowichan
989.001039720094,chinook,river,2021-05-18,Cowichan
989.001039720132,coho,river,2021-05-18,Cowichan
989.001039720139,chinook,river,2021-05-20,Cowichan
989.001039720171,coho,river,2021-05-18,Cowichan
989.001039720173,coho,river,2021-05-18,Cowichan
989.001039720213,chinook,river,2021-05-28,Cowichan
989.001039720231,chinook,river,2021-05-28,Cowichan
989.001039720249,chinook,river,2021-05-28,Cowichan
989.001039720263,chinook,river,2021-05-28,Cowichan
989.001039720283,coho,river,2021-05-11,Cowichan
989.001039720288,coho,river,2021-05-11,Cowichan
989.001039720292,coho,river,2021-05-11,Cowichan
989.001039720300,coho,river,2021-05-11,Cowichan
989.001039720309,coho,river,2021-05-11,Cowichan
989.001039720312,chinook,river,2021-05-20,Cowichan
989.001039720315,coho,river,2021-05-11,Cowichan
989.001039720317,chinook,river,2021-05-20,Cowichan
989.001039720334,coho,river,2021-05-11,Cowichan
989.001039720487,chinook,river,2021-05-27,Cowichan
989.001039720511,chinook,river,2021-05-27,Cowichan
989.001039720521,chinook,river,2021-05-27,Cowichan
989.001039720536,chinook,river,2021-05-27,Cowichan
989.001039720538,chinook,river,2021-05-27,Cowichan
989.001039720565,chinook,river,2021-05-27,Cowichan
989.001039720700,chinook,river,2021-05-20,Cowichan
989.001039720704,chinook,river,2021-05-20,Cowichan
989.001039720759,chinook,river,2021-05-20,Cowichan
989.001039720863,coho,river,2021-05-18,Cowichan
989.001039721194,coho,river,2021-05-18,Cowichan
989.001039721204,coho,river,2021-05-18,Cowichan
989.001039721210,chinook,river,2021-05-18,Cowichan
989.001039721212,coho,river,2021-05-18,Cowichan
989.001039721242,chinook,river,2021-05-18,Cowichan
989.001039721251,coho,river,2021-05-18,Cowichan
989.001039721252,chinook,river,2021-05-18,Cowichan
989.001039721295,coho,river,2021-05-14,Cowichan
989.001039721347,coho,river,2021-05-13,Cowichan
989.001039721368,chinook,river,2021-05-14,Cowichan
989.001039721376,coho,river,2021-05-13,Cowichan
989.001039721393,coho,river,2021-05-13,Cowichan
989.001039721404,coho,river,2021-05-13,Cowichan
989.001039721434,coho,river,2021-05-13,Cowichan
989.001039721527,coho,river,2021-05-13,Cowichan
989.001039721532,coho,river,2021-05-13,Cowichan
989.001039721599,coho,river,2021-05-15,Cowichan
989.001039721645,coho,river,2021-05-15,Cowichan
989.001039721764,coho,river,2022-06-05,Cowichan
989.001039721786,coho,river,2021-05-13,Cowichan
989.001039721803,coho,river,2021-05-13,Cowichan
989.001039721824,coho,river,2021-05-13,Cowichan
989.001039721833,coho,river,2021-05-13,Cowichan
989.001039721900,coho,river,2021-05-13,Cowichan
989.001039721925,chinook,river,2021-05-14,Cowichan
989.001039721960,coho,river,2021-05-13,Cowichan
989.001039722017,coho,river,2021-05-17,Cowichan
989.001039722068,coho,river,2021-05-17,Cowichan
989.001039722148,coho,river,2021-05-19,Cowichan
989.001039722154,coho,river,2021-05-19,Cowichan
989.001039722180,coho,river,2021-05-19,Cowichan
989.001039722194,coho,river,2021-05-18,Cowichan
989.001039722213,coho,river,2021-05-18,Cowichan
989.001039722234,coho,river,2021-05-18,Cowichan
989.001039722235,coho,river,2021-05-18,Cowichan
989.001039722255,coho,river,2021-05-18,Cowichan
989.001039722799,chinook,hatch_tag,2023-05-17,Big Qualicum
989.001039723067,chinook,hatch_tag,2023-05-17,Big Qualicum
989.001039723090,chinook,hatch_tag,2023-05-17,Big Qualicum
989.001039723167,chinook,hatch_tag,2023-05-17,Big Qualicum
989.001039723473,chinook,hatch_tag,2023-05-17,Big Qualicum
989.001039723592,chinook,hatch_tag,2023-05-17,Big Qualicum
989.001039724158,chinook,hatch_tag,2023-05-17,Big Qualicum
989.001039724798,chinook,hatch_tag,2023-05-17,Big Qualicum
989.001039724875,chinook,hatch_tag,2023-05-17,Big Qualicum
989.001039725022,chinook,hatch_tag,2023-05-17,Big Qualicum
989.001039726062,chinook,hatch_tag,2023-05-17,Big Qualicum
989.001039726242,chinook,hatch_tag,2023-05-17,Big Qualicum
989.001039726825,chinook,hatch_tag,2023-05-17,Big Qualicum
989.001039726938,chinook,hatch_tag,2023-05-17,Big Qualicum
989.001039727448,chinook,microtroll,2022-04-06,Quinsam
989.001039727738,coho,hatch_tag,2022-03-02,Goldstream
989.001039727758,coho,hatch_tag,2022-03-02,Goldstream
989.001039727838,chinook,microtroll,2022-04-27,Little Qualicum
989.001039728239,coho,hatch_tag,2022-03-02,Goldstream
989.001039728411,chinook,microtroll,2022-03-31,Puntledge fall
989.001039728596,coho,hatch_tag,2022-03-02,Goldstream
989.001039728612,coho,hatch_tag,2022-03-02,Goldstream
989.001039728643,coho,hatch_tag,2022-03-02,Goldstream
989.001039728684,coho,hatch_tag,2022-03-02,Goldstream
989.001039728753,coho,hatch_tag,2022-03-02,Goldstream
989.001039729181,coho,hatch_tag,2022-03-02,Goldstream
989.001039729236,coho,hatch_tag,2022-03-02,Goldstream
989.001039729238,coho,hatch_tag,2022-03-02,Goldstream
989.001039729272,coho,hatch_tag,2022-03-02,Goldstream
989.001039729604,coho,hatch_tag,2022-03-02,Goldstream
989.001039729638,coho,hatch_tag,2022-03-02,Goldstream
989.001039729677,coho,hatch_tag,2022-03-02,Goldstream
989.001039729681,coho,hatch_tag,2022-03-02,Goldstream
989.001039729707,coho,hatch_tag,2022-03-02,Goldstream
989.001039729724,coho,hatch_tag,2022-03-02,Goldstream
989.001039729751,coho,hatch_tag,2022-03-02,Goldstream
989.001039730082,coho,hatch_tag,2022-03-02,Goldstream
989.001039730101,coho,hatch_tag,2022-03-02,Goldstream
989.001039730135,coho,hatch_tag,2022-03-02,Goldstream
989.001039730162,coho,hatch_tag,2022-03-02,Goldstream
989.001039730196,coho,hatch_tag,2022-03-02,Goldstream
989.001039730225,coho,hatch_tag,2022-03-02,Goldstream
989.001039730613,coho,hatch_tag,2022-03-02,Goldstream
989.001039730627,coho,hatch_tag,2022-03-02,Goldstream
989.001039730724,coho,hatch_tag,2022-03-02,Goldstream
989.001039730766,coho,hatch_tag,2022-03-02,Goldstream
989.001039731084,coho,hatch_tag,2022-03-02,Goldstream
989.001039731123,coho,hatch_tag,2022-03-02,Goldstream
989.001039731179,coho,hatch_tag,2022-03-02,Goldstream
989.001039731181,coho,hatch_tag,2022-03-02,Goldstream
989.001039731214,coho,hatch_tag,2022-03-02,Goldstream
989.001039731237,coho,hatch_tag,2022-03-02,Goldstream
989.001039731244,coho,hatch_tag,2022-03-02,Goldstream
989.001039731275,coho,hatch_tag,2022-03-02,Goldstream
989.001039731592,coho,hatch_tag,2022-03-02,Goldstream
989.001039731615,coho,hatch_tag,2022-03-02,Goldstream
989.001039731630,coho,hatch_tag,2022-03-02,Goldstream
989.001039731655,coho,hatch_tag,2022-03-02,Goldstream
989.001039731672,coho,hatch_tag,2022-03-02,Goldstream
989.001039731685,coho,hatch_tag,2022-03-02,Goldstream
989.001039731705,coho,hatch_tag,2022-03-02,Goldstream
989.001039731844,coho,hatch_tag,2022-10-05,millstone
989.001039732086,coho,hatch_tag,2022-03-02,Goldstream
989.001039732103,coho,hatch_tag,2022-03-02,Goldstream
989.001039732120,coho,hatch_tag,2022-03-02,Goldstream
989.001039732134,coho,hatch_tag,2022-03-02,Goldstream
989.001039732139,coho,hatch_tag,2022-03-02,Goldstream
989.001039732141,coho,hatch_tag,2022-03-02,Goldstream
989.001039732174,coho,hatch_tag,2022-03-02,Goldstream
989.001039732189,coho,hatch_tag,2022-03-02,Goldstream
989.001039732197,coho,hatch_tag,2022-03-02,Goldstream
989.001039732204,coho,hatch_tag,2022-03-02,Goldstream
989.001039732219,coho,hatch_tag,2022-03-02,Goldstream
989.001039732223,coho,hatch_tag,2022-03-02,Goldstream
989.001039732233,coho,hatch_tag,2022-03-02,Goldstream
989.001039732243,coho,hatch_tag,2022-03-02,Goldstream
989.001039732353,coho,hatch_tag,2021-11-08,Quinsam
989.001039732536,coho,hatch_tag,2021-11-08,Quinsam
989.001039732554,coho,hatch_tag,2021-11-08,Quinsam
989.001039732662,coho,hatch_tag,2021-11-08,Quinsam
989.001039732681,coho,hatch_tag,2021-11-08,Quinsam
989.001039732718,coho,hatch_tag,2021-11-08,Quinsam
989.001039732724,coho,hatch_tag,2021-11-08,Quinsam
989.001039732899,coho,hatch_tag,2021-11-08,Quinsam
989.001039733003,coho,hatch_tag,2021-11-08,Quinsam
989.001039733013,coho,hatch_tag,2021-11-08,Quinsam
989.001039733088,coho,hatch_tag,2021-11-08,Quinsam
989.001039733561,coho,hatch_tag,2021-11-08,Quinsam
989.001039733655,coho,hatch_tag,2021-11-08,Quinsam
989.001039733657,coho,hatch_tag,2021-11-08,Quinsam
989.001039733687,coho,hatch_tag,2021-11-08,Quinsam
989.001039733724,coho,hatch_tag,2021-11-08,Quinsam
989.001039733769,coho,hatch_tag,2021-11-08,Quinsam
989.001039733784,coho,hatch_tag,2021-11-08,Quinsam
989.001039733838,coho,hatch_tag,2021-11-08,Quinsam
989.001039733907,coho,hatch_tag,2021-11-08,Quinsam
989.001039734018,coho,hatch_tag,2021-11-08,Quinsam
989.001039734019,coho,hatch_tag,2021-11-08,Quinsam
989.001039734037,coho,hatch_tag,2021-11-08,Quinsam
989.001039734067,coho,hatch_tag,2021-11-08,Quinsam
989.001039734189,coho,hatch_tag,2021-11-08,Quinsam
989.001039734220,coho,hatch_tag,2021-11-08,Quinsam
989.001039734333,coho,hatch_tag,2021-11-08,Quinsam
989.001039734387,coho,hatch_tag,2021-11-08,Quinsam
989.001039734503,coho,hatch_tag,2021-11-08,Quinsam
989.001039734524,coho,hatch_tag,2021-11-08,Quinsam
989.001039734577,coho,hatch_tag,2021-11-08,Quinsam
989.001039734581,coho,hatch_tag,2021-11-08,Quinsam
989.001039734583,coho,hatch_tag,2021-11-08,Quinsam
989.001039734628,coho,hatch_tag,2021-11-08,Quinsam
989.001039734630,coho,hatch_tag,2021-11-08,Quinsam
989.001039734678,coho,hatch_tag,2021-11-08,Quinsam
989.001039734759,coho,hatch_tag,2021-11-08,Quinsam
989.001039735031,coho,hatch_tag,2021-11-08,Quinsam
989.001039735175,coho,hatch_tag,2021-11-08,Quinsam
989.001039735208,coho,hatch_tag,2021-11-08,Quinsam
989.001039735218,coho,hatch_tag,2021-11-08,Quinsam
989.001039735360,coho,hatch_tag,2021-11-08,Quinsam
989.001039735800,coho,hatch_tag,2021-11-08,Quinsam
989.001039735809,coho,hatch_tag,2021-11-08,Quinsam
989.001039735836,coho,hatch_tag,2021-11-08,Quinsam
989.001039735862,coho,hatch_tag,2021-11-08,Quinsam
989.001039735962,coho,hatch_tag,2021-11-08,Quinsam
989.001039735982,coho,hatch_tag,2021-11-08,Quinsam
989.001039736018,coho,hatch_tag,2021-11-08,Quinsam
989.001039736062,coho,hatch_tag,2021-11-08,Quinsam
989.001039736128,coho,hatch_tag,2021-11-08,Quinsam
989.001039736165,coho,hatch_tag,2021-11-08,Quinsam
989.001039736189,coho,hatch_tag,2021-11-08,Quinsam
989.001039736200,coho,hatch_tag,2021-11-08,Quinsam
989.001039736238,coho,hatch_tag,2021-11-08,Quinsam
989.001039736286,coho,hatch_tag,2021-11-08,Quinsam
989.001039736319,coho,hatch_tag,2021-11-08,Quinsam
989.001039736343,coho,hatch_tag,2021-11-08,Quinsam
989.001039736349,coho,hatch_tag,2021-11-08,Quinsam
989.001039736562,coho,hatch_tag,2021-11-08,Quinsam
989.001039736566,coho,hatch_tag,2021-11-08,Quinsam
989.001039736633,coho,hatch_tag,2021-11-08,Quinsam
989.001039736697,coho,hatch_tag,2021-11-08,Quinsam
989.001039736827,coho,hatch_tag,2021-11-08,Quinsam
989.001039736980,coho,hatch_tag,2021-11-08,Quinsam
989.001039736985,coho,hatch_tag,2021-11-08,Quinsam
989.001039737053,coho,hatch_tag,2021-11-08,Quinsam
989.001039737058,coho,hatch_tag,2021-11-08,Quinsam
989.001039737178,coho,hatch_tag,2021-11-08,Quinsam
989.001039737222,coho,hatch_tag,2021-11-08,Quinsam
989.001039737225,coho,hatch_tag,2021-11-08,Quinsam
989.001039739019,chinook,hatch_tag,2023-04-18,Quinsam
989.001039739992,chinook,hatch_tag,2023-04-18,Quinsam
989.001039740561,chinook,hatch_tag,2023-04-18,Quinsam
989.001039740786,chinook,hatch_tag,2023-04-18,Quinsam
989.001039742207,chinook,hatch_tag,2023-04-18,Quinsam
989.001040479061,chinook,hatch_tag,2021-05-05,Cowichan
989.001040479512,chinook,hatch_tag,2021-05-05,Cowichan
989.001040479513,chinook,hatch_tag,2021-05-05,Cowichan
989.001040479595,chinook,hatch_tag,2021-05-05,Cowichan
989.001040480522,chinook,hatch_tag,2021-05-05,Cowichan
989.001040480539,chinook,hatch_tag,2021-05-05,Cowichan
989.001040480594,chinook,hatch_tag,2021-05-05,Cowichan
989.001040480622,chinook,hatch_tag,2021-05-05,Cowichan
989.001040480628,chinook,hatch_tag,2021-05-05,Cowichan
989.001040480663,chinook,hatch_tag,2021-05-05,Cowichan
989.001040480694,chinook,hatch_tag,2021-05-05,Cowichan
989.001040480696,chinook,hatch_tag,2021-05-05,Cowichan
989.001040481426,chinook,hatch_tag,2021-05-05,Cowichan
989.001040481558,chinook,hatch_tag,2021-05-05,Cowichan
989.001040481634,chinook,hatch_tag,2021-05-05,Cowichan
989.001040481729,chinook,hatch_tag,2021-05-05,Cowichan
989.001040481971,chinook,hatch_tag,2021-05-05,Cowichan
989.001040482210,chinook,hatch_tag,2021-05-05,Cowichan
989.001040482584,chinook,hatch_tag,2021-05-05,Cowichan
989.001040482894,chinook,hatch_tag,2021-05-05,Cowichan
989.001040482952,chinook,hatch_tag,2021-05-05,Cowichan
989.001040482979,chinook,hatch_tag,2021-05-05,Cowichan
989.001040483122,chinook,hatch_tag,2021-05-05,Cowichan
989.001040483199,chinook,hatch_tag,2021-05-05,Cowichan
989.001040483407,chinook,hatch_tag,2021-05-05,Cowichan
989.001040483417,chinook,hatch_tag,2021-05-05,Cowichan
989.001040483454,chinook,hatch_tag,2021-05-05,Cowichan
989.001040483482,chinook,hatch_tag,2021-05-05,Cowichan
989.001040483495,chinook,hatch_tag,2021-05-05,Cowichan
989.001040510230,chinook,hatch_tag,2022-05-31,Little Qualicum
989.001040510314,chinook,hatch_tag,2022-05-31,Little Qualicum
989.001040511065,chinook,hatch_tag,2022-05-31,Little Qualicum
989.001040511176,chinook,hatch_tag,2022-05-31,Little Qualicum
989.001040513306,chinook,hatch_tag,2022-05-31,Little Qualicum
989.001040513704,chinook,hatch_tag,2022-05-31,Little Qualicum
989.001040516081,chinook,hatch_tag,2022-05-31,Little Qualicum
989.001040913136,coho,hatch_tag,2023-08-17,Puntledge
989.001040913141,coho,hatch_tag,2023-08-17,Puntledge
989.001040913143,coho,hatch_tag,2023-08-17,Puntledge
989.001040913174,coho,hatch_tag,2023-08-17,Puntledge
989.001040913177,coho,hatch_tag,2023-08-17,Puntledge
989.001040913196,coho,hatch_tag,2023-08-17,Puntledge
989.001040913203,coho,hatch_tag,2023-08-17,Puntledge
989.001040913253,coho,hatch_tag,2023-08-17,Puntledge
989.001040913322,coho,river,2023-05-17,Quinsam
989.001040913324,coho,river,2023-05-17,Quinsam
989.001040913384,coho,river,2023-05-16,Quinsam
989.001040913402,coho,river,2023-05-16,Quinsam
989.001040913409,coho,river,2023-05-16,Quinsam
989.001040913429,coho,river,2023-05-16,Quinsam
989.001040913439,coho,river,2023-05-16,Quinsam
989.001040913490,coho,river,2023-05-15,Quinsam
989.001040913499,coho,river,2023-05-15,Quinsam
989.001040913533,coho,river,2023-05-15,Quinsam
989.001040913658,coho,river,2023-05-12,Quinsam
989.001040913682,coho,river,2023-05-12,Quinsam
989.001040913700,coho,river,2023-05-12,Quinsam
989.001040913742,coho,river,2023-05-12,Quinsam
989.001040913744,coho,river,2023-05-12,Quinsam
989.001040913799,coho,river,2023-05-13,Quinsam
989.001040913852,coho,river,2023-05-12,Quinsam
989.001040913868,coho,hatch_tag,2023-08-17,Puntledge
989.001040913916,coho,hatch_tag,2023-08-17,Puntledge
989.001040913927,coho,hatch_tag,2023-08-17,Puntledge
989.001040913937,coho,hatch_tag,2023-08-17,Puntledge
989.001040913999,coho,river,2023-05-19,Quinsam
989.001040914003,coho,river,2023-05-19,Quinsam
989.001040914005,coho,river,2023-05-19,Quinsam
989.001040914014,coho,river,2023-05-19,Quinsam
989.001040914301,coho,river,2023-05-11,Quinsam
989.001040914315,coho,river,2023-05-08,Quinsam
989.001040914317,coho,river,2023-05-11,Quinsam
989.001040914353,coho,river,2023-05-09,Quinsam
989.001040914622,coho,river,2023-05-18,Quinsam
989.001040914625,coho,river,2023-05-18,Quinsam
989.001040914639,coho,river,2023-05-18,Quinsam
989.001040914644,coho,river,2023-05-18,Quinsam
989.001040914645,coho,river,2023-05-17,Quinsam
989.001040914662,coho,river,2023-05-16,Quinsam
989.001040914679,coho,river,2023-05-16,Quinsam
989.001040914687,coho,river,2023-05-16,Quinsam
989.001040914726,coho,river,2023-05-16,Quinsam
989.001040914731,coho,river,2023-05-16,Quinsam
989.001040914738,coho,river,2023-05-16,Quinsam
989.001040914743,coho,river,2023-05-16,Quinsam
989.001040914753,coho,river,2023-05-16,Quinsam
989.001040914758,coho,hatch_tag,2023-08-17,Puntledge
989.001040914769,coho,hatch_tag,2023-08-17,Puntledge
989.001040914812,coho,hatch_tag,2023-08-17,Puntledge
989.001040914832,coho,hatch_tag,2023-08-17,Puntledge
989.001040914980,coho,hatch_tag,2023-08-17,Puntledge
989.001040914988,coho,hatch_tag,2023-08-17,Puntledge
989.001040914996,coho,hatch_tag,2023-08-17,Puntledge
989.001040915382,coho,hatch_tag,2023-08-17,Puntledge
989.001040915385,coho,hatch_tag,2023-08-17,Puntledge
989.001040915535,coho,hatch_tag,2023-08-17,Puntledge
989.001040915544,coho,hatch_tag,2023-08-17,Puntledge
989.001040915741,coho,river,2024-05-29,Quinsam
989.001040915948,coho,hatch_tag,2023-08-17,Puntledge
989.001040916085,coho,hatch_tag,2023-08-17,Puntledge
989.001040916089,coho,hatch_tag,2023-08-17,Puntledge
989.001040916193,coho,river,2023-05-15,Quinsam
989.001040916203,coho,river,2023-05-16,Quinsam
989.001040916205,coho,river,2023-05-15,Quinsam
989.001040916210,coho,river,2023-05-17,Quinsam
989.001040916212,coho,river,2023-05-15,Quinsam
989.001040916566,coho,hatch_tag,2023-08-17,Puntledge
989.001040916839,coho,river,2023-05-17,Quinsam
989.001040916849,coho,river,2023-05-17,Quinsam
989.001040916990,coho,hatch_tag,2023-08-17,Puntledge
989.001040916994,coho,hatch_tag,2023-08-17,Puntledge
989.001040917002,coho,hatch_tag,2023-08-17,Puntledge
989.001040917003,coho,hatch_tag,2023-08-17,Puntledge
989.001040917006,coho,hatch_tag,2023-08-17,Puntledge
989.001040917027,coho,hatch_tag,2023-08-17,Puntledge
989.001040917029,coho,hatch_tag,2023-08-17,Puntledge
989.001040917042,coho,hatch_tag,2023-08-17,Puntledge
989.001040917052,coho,hatch_tag,2023-08-17,Puntledge
989.001040917072,coho,hatch_tag,2023-08-17,Puntledge
989.001040917087,coho,hatch_tag,2023-08-17,Puntledge
989.001040917115,coho,hatch_tag,2023-08-17,Puntledge
989.001040917194,coho,hatch_tag,2023-08-17,Puntledge
989.001040917197,coho,hatch_tag,2023-08-17,Puntledge
989.001040917224,coho,hatch_tag,2023-08-17,Puntledge
989.001040917236,coho,hatch_tag,2023-08-17,Puntledge
989.001040917268,coho,river,2023-05-19,Quinsam
989.001040917299,coho,river,2023-05-19,Quinsam
989.001040917308,coho,river,2023-05-19,Quinsam
989.001040917335,coho,river,2023-05-19,Quinsam
989.001040917348,coho,river,2023-05-19,Quinsam
989.001040917474,coho,hatch_tag,2023-08-17,Puntledge
989.001040917545,coho,hatch_tag,2023-08-17,Puntledge
989.001040917565,coho,hatch_tag,2023-08-17,Puntledge
989.001040917625,coho,hatch_tag,2023-08-17,Puntledge
989.001040917632,coho,hatch_tag,2023-08-17,Puntledge
989.001040917657,coho,hatch_tag,2023-08-17,Puntledge
989.001040917742,coho,river,2023-05-18,Quinsam
989.001040917759,coho,river,2023-05-18,Quinsam
989.001040917770,coho,river,2023-05-18,Quinsam
989.001040917802,coho,river,2023-05-18,Quinsam
989.001040917829,coho,river,2024-05-16,Quinsam
989.001040917843,coho,river,2024-05-16,Quinsam
989.001040917870,coho,river,2024-05-16,Quinsam
989.001040917885,coho,river,2024-05-19,Quinsam
989.001040917971,coho,hatch_tag,2023-08-17,Puntledge
989.001040917989,coho,hatch_tag,2023-08-17,Puntledge
989.001040918079,coho,hatch_tag,2023-03-14,Goldstream
989.001040918105,coho,hatch_tag,2023-03-14,Goldstream
989.001040918107,coho,hatch_tag,2023-03-14,Goldstream
989.001040918129,coho,hatch_tag,2023-03-14,Goldstream
989.001040918171,coho,hatch_tag,2023-03-14,Goldstream
989.001040918182,coho,hatch_tag,2023-03-14,Goldstream
989.001040918198,coho,hatch_tag,2023-03-14,Goldstream
989.001040918199,coho,hatch_tag,2023-03-14,Goldstream
989.001040918201,coho,hatch_tag,2023-03-14,Goldstream
989.001040918205,coho,hatch_tag,2023-03-14,Goldstream
989.001040918220,coho,hatch_tag,2023-03-14,Goldstream
989.001040918250,coho,hatch_tag,2023-03-14,Goldstream
989.001040918254,coho,hatch_tag,2023-03-14,Goldstream
989.001040918282,coho,hatch_tag,2023-03-14,Goldstream
989.001040918287,coho,hatch_tag,2023-03-14,Goldstream
989.001040918334,coho,hatch_tag,2023-03-14,Goldstream
989.001040918344,coho,hatch_tag,2023-03-14,Goldstream
989.001040918362,coho,hatch_tag,2023-03-14,Goldstream
989.001040918377,coho,hatch_tag,2023-03-14,Goldstream
989.001040918394,coho,hatch_tag,2023-03-14,Goldstream
989.001040918413,coho,hatch_tag,2023-03-14,Goldstream
989.001040918418,coho,hatch_tag,2023-03-14,Goldstream
989.001040918512,coho,hatch_tag,2023-03-14,Goldstream
989.001040918534,coho,hatch_tag,2023-03-14,Goldstream
989.001040918551,coho,hatch_tag,2023-03-14,Goldstream
989.001040918570,coho,hatch_tag,2023-03-14,Goldstream
989.001040918594,coho,hatch_tag,2023-03-14,Goldstream
989.001040918600,coho,hatch_tag,2023-03-14,Goldstream
989.001040918603,coho,hatch_tag,2023-03-14,Goldstream
989.001040918633,coho,hatch_tag,2023-03-14,Goldstream
989.001040918648,coho,hatch_tag,2023-03-14,Goldstream
989.001040918660,coho,hatch_tag,2023-03-14,Goldstream
989.001040918667,coho,hatch_tag,2023-03-14,Goldstream
989.001040918670,coho,hatch_tag,2023-03-14,Goldstream
989.001040918698,coho,hatch_tag,2023-03-14,Goldstream
989.001040918702,coho,hatch_tag,2023-03-14,Goldstream
989.001040918731,coho,hatch_tag,2023-03-14,Goldstream
989.001040918739,coho,hatch_tag,2023-03-14,Goldstream
989.001040918771,coho,hatch_tag,2023-03-14,Goldstream
989.001040918773,coho,hatch_tag,2023-03-14,Goldstream
989.001040918777,coho,hatch_tag,2023-03-14,Goldstream
989.001040918786,coho,hatch_tag,2023-03-14,Goldstream
989.001040918811,coho,hatch_tag,2023-03-14,Goldstream
989.001040918838,coho,hatch_tag,2023-03-14,Goldstream
989.001040918852,coho,hatch_tag,2023-03-14,Goldstream
989.001040918862,coho,hatch_tag,2023-03-14,Goldstream
989.001040918877,coho,hatch_tag,2023-03-14,Goldstream
989.001040918879,coho,hatch_tag,2023-03-14,Goldstream
989.001040918906,coho,hatch_tag,2023-03-14,Goldstream
989.001040918912,coho,hatch_tag,2023-03-14,Goldstream
989.001040918955,coho,hatch_tag,2023-03-14,Goldstream
989.001040918958,coho,hatch_tag,2023-03-14,Goldstream
989.001040918966,coho,hatch_tag,2023-03-14,Goldstream
989.001040918975,coho,hatch_tag,2023-03-14,Goldstream
989.001040919005,coho,hatch_tag,2023-03-14,Goldstream
989.001040919016,coho,hatch_tag,2023-03-14,Goldstream
989.001040919022,coho,hatch_tag,2023-03-14,Goldstream
989.001040919033,coho,hatch_tag,2023-03-14,Goldstream
989.001040919042,coho,hatch_tag,2023-03-14,Goldstream
989.001040919071,coho,hatch_tag,2023-03-14,Goldstream
989.001040919072,coho,hatch_tag,2023-03-14,Goldstream
989.001040919080,coho,hatch_tag,2023-03-14,Goldstream
989.001040919093,coho,hatch_tag,2023-03-14,Goldstream
989.001040919102,coho,hatch_tag,2023-03-14,Goldstream
989.001040919106,coho,hatch_tag,2023-03-14,Goldstream
989.001040919107,coho,hatch_tag,2023-03-14,Goldstream
989.001040919116,coho,hatch_tag,2023-03-14,Goldstream
989.001040919146,coho,hatch_tag,2023-03-14,Goldstream
989.001040919168,coho,hatch_tag,2023-03-14,Goldstream
989.001040919180,coho,hatch_tag,2023-03-14,Goldstream
989.001040919224,coho,hatch_tag,2023-03-14,Goldstream
989.001040919232,coho,hatch_tag,2023-03-14,Goldstream
989.001040919254,coho,hatch_tag,2023-03-14,Goldstream
989.001040919263,coho,hatch_tag,2023-03-14,Goldstream
989.001040919294,coho,hatch_tag,2023-03-14,Goldstream
989.001040919360,coho,hatch_tag,2023-03-14,Goldstream
989.001040919380,coho,hatch_tag,2023-03-14,Goldstream
989.001040919404,coho,hatch_tag,2023-03-14,Goldstream
989.001040919419,coho,hatch_tag,2023-03-14,Goldstream
989.001040919478,coho,hatch_tag,2023-03-14,Goldstream
989.001040919495,coho,hatch_tag,2023-03-14,Goldstream
989.001040919545,coho,hatch_tag,2023-03-14,Goldstream
989.001040919548,coho,hatch_tag,2023-03-14,Goldstream
989.001040919608,coho,hatch_tag,2023-03-14,Goldstream
989.001040919620,coho,hatch_tag,2023-03-14,Goldstream
989.001040919624,coho,hatch_tag,2023-03-14,Goldstream
989.001040919633,coho,hatch_tag,2023-03-14,Goldstream
989.001040919653,coho,hatch_tag,2023-03-14,Goldstream
989.001040919669,coho,hatch_tag,2023-03-07,Nanaimo
989.001040919705,coho,hatch_tag,2023-03-07,Nanaimo
989.001040919759,coho,hatch_tag,2023-03-07,Nanaimo
989.001040919791,coho,hatch_tag,2023-03-07,Nanaimo
989.001040919807,coho,hatch_tag,2023-03-07,Nanaimo
989.001040919878,coho,hatch_tag,2023-03-07,Nanaimo
989.001040919933,coho,hatch_tag,2023-03-07,Nanaimo
989.001040919960,coho,hatch_tag,2023-03-07,Nanaimo
989.001040920027,coho,hatch_tag,2023-03-07,Nanaimo
989.001040920475,coho,hatch_tag,2023-03-07,Nanaimo
989.001040920517,coho,hatch_tag,2023-03-07,Nanaimo
989.001040920525,coho,hatch_tag,2023-03-07,Nanaimo
989.001040920591,coho,hatch_tag,2023-03-07,Nanaimo
989.001040920612,coho,hatch_tag,2023-03-07,Nanaimo
989.001040920690,coho,hatch_tag,2023-03-07,Nanaimo
989.001040920705,coho,hatch_tag,2023-03-07,Nanaimo
989.001040920707,coho,hatch_tag,2023-03-07,Nanaimo
989.001040920757,coho,hatch_tag,2023-03-07,Nanaimo
989.001040920809,coho,hatch_tag,2023-03-07,Nanaimo
989.001040920818,coho,hatch_tag,2023-03-07,Nanaimo
989.001040920834,coho,hatch_tag,2023-03-07,Nanaimo
989.001040920836,coho,hatch_tag,2023-03-07,Nanaimo
989.001040920848,coho,hatch_tag,2023-03-07,Nanaimo
989.001040920856,coho,hatch_tag,2023-03-07,Nanaimo
989.001040920931,coho,hatch_tag,2023-03-07,Nanaimo
989.001040920939,coho,hatch_tag,2023-03-07,Nanaimo
989.001040920995,coho,hatch_tag,2023-03-07,Nanaimo
989.001040921099,coho,hatch_tag,2023-03-07,Nanaimo
989.001040921256,coho,hatch_tag,2023-03-07,Nanaimo
989.001040921370,coho,hatch_tag,2023-03-07,Nanaimo
989.001040921409,coho,hatch_tag,2023-03-07,Nanaimo
989.001040921426,coho,hatch_tag,2023-03-07,Nanaimo
989.001040921441,coho,hatch_tag,2023-03-07,Nanaimo
989.001040921470,coho,hatch_tag,2023-03-07,Nanaimo
989.001040921583,coho,hatch_tag,2023-03-07,Nanaimo
989.001040921584,coho,hatch_tag,2023-03-07,Nanaimo
989.001040921617,coho,hatch_tag,2023-03-07,Nanaimo
989.001040921642,coho,hatch_tag,2023-03-07,Nanaimo
989.001040921664,coho,hatch_tag,2023-03-07,Nanaimo
989.001040921755,coho,hatch_tag,2023-03-07,Nanaimo
989.001040921795,coho,hatch_tag,2023-03-07,Nanaimo
989.001040921857,coho,hatch_tag,2023-03-07,Nanaimo
989.001040921877,coho,hatch_tag,2023-03-07,Nanaimo
989.001040921944,coho,hatch_tag,2023-03-07,Nanaimo
989.001040921974,coho,hatch_tag,2023-03-07,Nanaimo
989.001040921982,coho,hatch_tag,2023-03-07,Nanaimo
989.001040922133,coho,hatch_tag,2023-03-07,Nanaimo
989.001040922218,coho,hatch_tag,2023-03-07,Nanaimo
989.001040922257,coho,hatch_tag,2023-03-07,Nanaimo
989.001040922376,coho,hatch_tag,2023-03-07,Nanaimo
989.001040922380,coho,hatch_tag,2023-03-07,Nanaimo
989.001040922441,coho,hatch_tag,2023-03-07,Nanaimo
989.001040922458,coho,hatch_tag,2023-03-07,Nanaimo
989.001040922544,coho,hatch_tag,2023-03-07,Nanaimo
989.001040922576,coho,hatch_tag,2023-03-07,Nanaimo
989.001040922581,coho,hatch_tag,2023-03-07,Nanaimo
989.001040922583,coho,hatch_tag,2023-03-07,Nanaimo
989.001040922596,coho,hatch_tag,2023-03-07,Nanaimo
989.001040922602,coho,hatch_tag,2023-03-07,Nanaimo
989.001040922617,coho,hatch_tag,2023-03-07,Nanaimo
989.001040922619,coho,hatch_tag,2023-03-07,Nanaimo
989.001040922635,coho,hatch_tag,2023-03-07,Nanaimo
989.001040922647,coho,hatch_tag,2023-03-07,Nanaimo
989.001040922704,coho,hatch_tag,2023-03-07,Nanaimo
989.001040922735,coho,hatch_tag,2023-03-07,Nanaimo
989.001040922821,coho,hatch_tag,2023-03-07,Nanaimo
989.001040922897,coho,hatch_tag,2023-03-07,Nanaimo
989.001040922928,coho,hatch_tag,2023-03-07,Nanaimo
989.001040922940,coho,hatch_tag,2023-03-07,Nanaimo
989.001040923019,coho,hatch_tag,2023-03-07,Nanaimo
989.001040923099,coho,hatch_tag,2023-03-07,Nanaimo
989.001040923118,coho,hatch_tag,2023-03-07,Nanaimo
989.001040923151,coho,hatch_tag,2023-03-07,Nanaimo
989.001040923184,coho,hatch_tag,2023-03-07,Nanaimo
989.001040923194,coho,hatch_tag,2023-03-07,Nanaimo
989.001040923217,coho,hatch_tag,2023-03-07,Nanaimo
989.001040923222,coho,hatch_tag,2023-03-07,Nanaimo
989.001040923230,coho,hatch_tag,2023-03-07,Nanaimo
989.001040923251,coho,hatch_tag,2023-03-07,Nanaimo
989.001040923269,coho,hatch_tag,2023-03-07,Nanaimo
989.001040923323,coho,hatch_tag,2023-03-07,Nanaimo
989.001040923382,coho,hatch_tag,2023-03-07,Nanaimo
989.001040923486,coho,hatch_tag,2023-03-07,Nanaimo
989.001040923536,coho,hatch_tag,2023-03-07,Nanaimo
989.001040923576,coho,hatch_tag,2023-03-07,Nanaimo
989.001040923589,coho,hatch_tag,2023-03-07,Nanaimo
989.001040923600,coho,hatch_tag,2023-03-07,Nanaimo
989.001040923602,coho,hatch_tag,2023-03-07,Nanaimo
989.001040923666,coho,hatch_tag,2023-03-07,Nanaimo
989.001040923677,coho,hatch_tag,2023-03-07,Nanaimo
989.001040923696,coho,hatch_tag,2023-03-07,Nanaimo
989.001040923700,coho,hatch_tag,2023-03-07,Nanaimo
989.001040923704,coho,hatch_tag,2023-03-07,Nanaimo
989.001040923708,coho,hatch_tag,2023-03-07,Nanaimo
989.001040923748,coho,hatch_tag,2023-03-07,Nanaimo
989.001040923749,coho,hatch_tag,2023-03-07,Nanaimo
989.001040923817,coho,hatch_tag,2023-03-07,Nanaimo
989.001040923839,coho,hatch_tag,2023-03-07,Nanaimo
989.001040923862,coho,hatch_tag,2023-03-07,Nanaimo
989.001040923866,coho,hatch_tag,2023-03-07,Nanaimo
989.001040923931,coho,hatch_tag,2023-03-07,Nanaimo
989.001040923932,coho,hatch_tag,2023-03-07,Nanaimo
989.001040923991,coho,hatch_tag,2023-03-07,Nanaimo
989.001040924042,coho,hatch_tag,2023-03-07,Nanaimo
989.001040924049,coho,hatch_tag,2023-03-07,Nanaimo
989.001040924097,coho,hatch_tag,2023-03-07,Nanaimo
989.001040924104,coho,hatch_tag,2023-03-07,Nanaimo
989.001040924125,coho,hatch_tag,2023-03-07,Nanaimo
989.001040924171,coho,hatch_tag,2023-03-07,Nanaimo
989.001040924192,coho,hatch_tag,2023-03-07,Nanaimo
989.001040924225,coho,hatch_tag,2023-03-07,Nanaimo
989.001040924287,coho,hatch_tag,2023-03-07,Nanaimo
989.001040924297,coho,hatch_tag,2023-03-07,Nanaimo
989.001040924314,coho,hatch_tag,2023-03-07,Nanaimo
989.001040924365,coho,hatch_tag,2023-03-07,Nanaimo
989.001040924388,coho,hatch_tag,2023-03-07,Nanaimo
989.001040924474,coho,hatch_tag,2023-03-07,Nanaimo
989.001040924614,coho,hatch_tag,2023-03-07,Nanaimo
989.001040929763,coho,hatch_tag,2023-04-19,Puntledge
989.001040929794,coho,hatch_tag,2023-04-19,Puntledge
989.001040929796,coho,hatch_tag,2023-04-19,Puntledge
989.001040929797,coho,hatch_tag,2023-04-19,Puntledge
989.001040929824,coho,hatch_tag,2023-04-19,Puntledge
989.001040929856,coho,hatch_tag,2023-04-19,Puntledge
989.001040929870,coho,hatch_tag,2023-04-19,Puntledge
989.001040929877,coho,hatch_tag,2023-04-19,Puntledge
989.001040929884,coho,hatch_tag,2023-04-19,Puntledge
989.001040929921,coho,hatch_tag,2023-04-19,Puntledge
989.001040929926,coho,hatch_tag,2023-04-19,Puntledge
989.001040929956,coho,hatch_tag,2023-04-19,Puntledge
989.001040929968,coho,river,2023-05-17,Englishman
989.001040929976,coho,river,2023-05-17,Englishman
989.001040929992,coho,river,2023-05-17,Englishman
989.001040929995,coho,river,2023-05-17,Englishman
989.001040930005,coho,river,2023-05-17,Englishman
989.001040930014,coho,river,2023-05-17,Englishman
989.001040930061,coho,river,2023-05-02,black creek
989.001040930070,coho,river,2023-05-02,black creek
989.001040930075,coho,river,2023-05-02,black creek
989.001040930082,coho,river,2023-05-02,black creek
989.001040930083,coho,river,2023-05-02,black creek
989.001040930085,coho,river,2023-05-02,black creek
989.001040930089,coho,river,2023-05-02,black creek
989.001040930092,coho,river,2023-05-02,black creek
989.001040930095,coho,river,2023-05-02,black creek
989.001040930096,coho,river,2023-05-02,black creek
989.001040930099,coho,river,2023-05-02,black creek
989.001040930101,coho,river,2023-05-02,black creek
989.001040930107,coho,river,2023-05-02,black creek
989.001040930109,coho,river,2023-05-02,black creek
989.001040930112,coho,river,2023-05-02,black creek
989.001040930119,coho,river,2023-05-02,black creek
989.001040930128,coho,river,2023-05-02,black creek
989.001040930132,coho,river,2023-05-02,black creek
989.001040930138,coho,river,2023-05-02,black creek
989.001040930141,coho,river,2023-05-02,black creek
989.001040930151,coho,river,2023-05-02,black creek
989.001040930152,coho,river,2023-05-02,black creek
989.001040930156,coho,river,2023-05-02,black creek
989.001040930274,coho,hatch_tag,2023-04-19,Puntledge
989.001040930282,coho,hatch_tag,2023-04-19,Puntledge
989.001040930294,coho,hatch_tag,2023-04-19,Puntledge
989.001040930301,coho,hatch_tag,2023-04-19,Puntledge
989.001040930302,coho,hatch_tag,2023-04-19,Puntledge
989.001040930303,coho,hatch_tag,2023-04-19,Puntledge
989.001040930315,coho,hatch_tag,2023-04-19,Puntledge
989.001040930337,coho,hatch_tag,2023-04-19,Puntledge
989.001040930345,coho,hatch_tag,2023-04-19,Puntledge
989.001040930358,coho,river,2023-05-18,black creek
989.001040930359,coho,river,2023-05-18,black creek
989.001040930369,coho,river,2023-05-18,black creek
989.001040930400,coho,river,2023-05-18,black creek
989.001040930407,coho,river,2023-05-18,black creek
989.001040930438,coho,river,2023-05-18,black creek
989.001040930461,coho,river,2023-05-18,black creek
989.001040930463,coho,river,2023-05-18,black creek
989.001040930480,coho,river,2023-05-18,black creek
989.001040930533,coho,river,2023-05-18,black creek
989.001040930542,coho,river,2023-05-18,black creek
989.001040930558,coho,river,2023-05-02,black creek
989.001040930575,coho,river,2023-05-02,black creek
989.001040930584,coho,river,2023-05-02,black creek
989.001040930591,coho,river,2023-05-02,black creek
989.001040930595,coho,river,2023-05-02,black creek
989.001040930596,coho,river,2023-05-02,black creek
989.001040930597,coho,river,2023-05-02,black creek
989.001040930605,coho,river,2023-05-02,black creek
989.001040930614,coho,river,2023-05-02,black creek
989.001040930620,coho,river,2023-05-02,black creek
989.001040930621,coho,river,2023-05-02,black creek
989.001040930625,coho,river,2023-05-02,black creek
989.001040930627,coho,river,2023-05-02,black creek
989.001040930640,coho,river,2023-05-02,black creek
989.001040930652,coho,river,2023-05-02,black creek
989.001040930654,coho,river,2023-05-02,black creek
989.001040930727,chinook,microtroll,2022-10-18,Cowichan
989.001040930745,chinook,microtroll,2022-10-13,Nanaimo fall
989.001040930863,coho,hatch_tag,2023-04-19,Puntledge
989.001040930878,coho,hatch_tag,2023-04-19,Puntledge
989.001040930888,coho,hatch_tag,2023-04-19,Puntledge
989.001040930908,coho,hatch_tag,2023-04-19,Puntledge
989.001040930909,coho,hatch_tag,2023-04-19,Puntledge
989.001040930918,coho,hatch_tag,2023-04-19,Puntledge
989.001040930933,coho,hatch_tag,2023-04-19,Puntledge
989.001040930946,coho,hatch_tag,2023-04-19,Puntledge
989.001040930963,coho,hatch_tag,2023-04-19,Puntledge
989.001040930969,coho,hatch_tag,2023-04-19,Puntledge
989.001040930990,coho,hatch_tag,2023-04-19,Puntledge
989.001040931009,coho,hatch_tag,2023-04-19,Puntledge
989.001040931030,coho,hatch_tag,2023-04-19,Puntledge
989.001040931035,coho,hatch_tag,2023-04-19,Puntledge
989.001040931039,coho,hatch_tag,2023-04-19,Puntledge
989.001040931050,coho,hatch_tag,2023-04-19,Puntledge
989.001040931110,coho,river,2023-05-11,Nanaimo
989.001040931260,coho,hatch_tag,2023-04-19,Puntledge
989.001040931280,coho,hatch_tag,2023-04-19,Puntledge
989.001040931290,coho,hatch_tag,2023-04-19,Puntledge
989.001040931303,coho,hatch_tag,2023-04-19,Puntledge
989.001040931309,coho,hatch_tag,2023-04-19,Puntledge
989.001040931322,coho,hatch_tag,2023-04-19,Puntledge
989.001040931326,coho,hatch_tag,2023-04-19,Puntledge
989.001040931328,coho,hatch_tag,2023-04-19,Puntledge
989.001040931334,coho,hatch_tag,2023-04-19,Puntledge
989.001040931338,coho,hatch_tag,2023-04-19,Puntledge
989.001040931339,coho,hatch_tag,2023-04-19,Puntledge
989.001040931341,coho,hatch_tag,2023-04-19,Puntledge
989.001040931383,coho,hatch_tag,2023-04-19,Puntledge
989.001040931406,coho,hatch_tag,2023-04-19,Puntledge
989.001040931411,coho,hatch_tag,2023-04-19,Puntledge
989.001040931432,coho,hatch_tag,2023-04-19,Puntledge
989.001040931435,coho,hatch_tag,2023-04-19,Puntledge
989.001040931442,coho,hatch_tag,2023-04-19,Puntledge
989.001040931474,coho,hatch_tag,2023-04-19,Puntledge
989.001040931479,coho,hatch_tag,2023-04-19,Puntledge
989.001040931488,coho,hatch_tag,2023-04-19,Puntledge
989.001040931504,coho,hatch_tag,2023-04-19,Puntledge
989.001040931512,coho,hatch_tag,2023-04-19,Puntledge
989.001040931524,coho,hatch_tag,2023-04-19,Puntledge
989.001040931534,coho,hatch_tag,2023-04-19,Puntledge
989.001040931545,coho,hatch_tag,2023-04-19,Puntledge
989.001040931591,coho,river,2023-05-09,Nanaimo
989.001040931596,coho,river,2023-05-09,Nanaimo
989.001040931605,coho,river,2023-05-10,Nanaimo
989.001040931772,coho,hatch_tag,2023-04-19,Puntledge
989.001040931775,coho,hatch_tag,2023-04-19,Puntledge
989.001040931787,coho,hatch_tag,2023-04-19,Puntledge
989.001040931788,coho,hatch_tag,2023-04-19,Puntledge
989.001040931790,coho,hatch_tag,2023-04-19,Puntledge
989.001040931810,coho,hatch_tag,2023-04-19,Puntledge
989.001040931813,coho,hatch_tag,2023-04-19,Puntledge
989.001040931819,coho,hatch_tag,2023-04-19,Puntledge
989.001040931826,coho,hatch_tag,2023-04-19,Puntledge
989.001040931831,coho,hatch_tag,2023-04-19,Puntledge
989.001040931840,coho,hatch_tag,2023-04-19,Puntledge
989.001040931858,coho,hatch_tag,2023-04-19,Puntledge
989.001040931859,coho,hatch_tag,2023-04-19,Puntledge
989.001040931867,coho,hatch_tag,2023-04-19,Puntledge
989.001040931882,coho,hatch_tag,2023-04-19,Puntledge
989.001040931910,coho,hatch_tag,2023-04-19,Puntledge
989.001040931929,coho,hatch_tag,2023-04-19,Puntledge
989.001040931932,coho,hatch_tag,2023-04-19,Puntledge
989.001040931984,coho,hatch_tag,2023-04-19,Puntledge
989.001040932003,coho,hatch_tag,2023-04-19,Puntledge
989.001040932025,coho,hatch_tag,2023-04-19,Puntledge
989.001040932031,coho,hatch_tag,2023-04-19,Puntledge
989.001040932047,coho,hatch_tag,2023-04-19,Puntledge
989.001040932055,coho,hatch_tag,2023-04-19,Puntledge
989.001040932057,coho,hatch_tag,2023-04-19,Puntledge
989.001040932092,coho,hatch_tag,2023-04-19,Puntledge
989.001040932106,coho,hatch_tag,2023-04-19,Puntledge
989.001040932111,coho,hatch_tag,2023-04-19,Puntledge
989.001040932114,coho,hatch_tag,2023-04-19,Puntledge
989.001040932147,coho,hatch_tag,2023-04-19,Puntledge
989.001040932171,coho,hatch_tag,2023-03-28,Goldstream
989.001040932187,coho,hatch_tag,2023-03-28,Goldstream
989.001040932215,coho,hatch_tag,2023-03-28,Goldstream
989.001040932246,coho,hatch_tag,2023-03-28,Goldstream
989.001040932263,coho,hatch_tag,2023-04-19,Puntledge
989.001040932278,coho,hatch_tag,2023-04-19,Puntledge
989.001040932293,coho,hatch_tag,2023-04-19,Puntledge
989.001040932317,coho,hatch_tag,2023-04-19,Puntledge
989.001040932327,coho,hatch_tag,2023-04-19,Puntledge
989.001040932332,coho,hatch_tag,2023-04-19,Puntledge
989.001040932333,coho,hatch_tag,2023-04-19,Puntledge
989.001040932347,coho,hatch_tag,2023-04-19,Puntledge
989.001040932363,coho,hatch_tag,2023-04-19,Puntledge
989.001040932388,coho,hatch_tag,2023-04-19,Puntledge
989.001040932400,coho,hatch_tag,2023-04-19,Puntledge
989.001040932411,coho,hatch_tag,2023-04-19,Puntledge
989.001040932413,coho,hatch_tag,2023-04-19,Puntledge
989.001040932415,coho,hatch_tag,2023-04-19,Puntledge
989.001040932421,coho,hatch_tag,2023-04-19,Puntledge
989.001040932423,coho,hatch_tag,2023-04-19,Puntledge
989.001040932428,coho,hatch_tag,2023-04-19,Puntledge
989.001040932472,coho,hatch_tag,2023-04-19,Puntledge
989.001040932474,coho,hatch_tag,2023-04-19,Puntledge
989.001040932484,coho,hatch_tag,2023-04-19,Puntledge
989.001040932490,coho,hatch_tag,2023-04-19,Puntledge
989.001040932536,coho,hatch_tag,2023-04-19,Puntledge
989.001040932540,coho,hatch_tag,2023-04-19,Puntledge
989.001040932551,coho,hatch_tag,2023-04-19,Puntledge
989.001040932553,coho,hatch_tag,2023-04-19,Puntledge
989.001040932560,coho,hatch_tag,2023-04-19,Puntledge
989.001040932578,coho,hatch_tag,2023-04-19,Puntledge
989.001040932605,coho,hatch_tag,2023-04-19,Puntledge
989.001040932621,coho,hatch_tag,2023-04-19,Puntledge
989.001040932625,coho,hatch_tag,2023-04-19,Puntledge
989.001040932629,coho,hatch_tag,2023-04-19,Puntledge
989.001040932656,coho,hatch_tag,2023-04-19,Puntledge
989.001040932709,coho,river,2023-05-04,Englishman
989.001040932722,coho,river,2023-05-04,Englishman
989.001040932736,coho,river,2023-05-04,Englishman
989.001040932737,coho,river,2023-05-04,Englishman
989.001040932959,coho,hatch_tag,2023-04-19,Puntledge
989.001040932973,coho,hatch_tag,2023-04-19,Puntledge
989.001040932997,coho,hatch_tag,2023-04-19,Puntledge
989.001040932998,coho,hatch_tag,2023-04-19,Puntledge
989.001040933007,coho,hatch_tag,2023-04-19,Puntledge
989.001040933031,coho,hatch_tag,2023-04-19,Puntledge
989.001040933048,coho,hatch_tag,2023-04-19,Puntledge
989.001040933051,coho,hatch_tag,2023-04-19,Puntledge
989.001040933054,coho,hatch_tag,2023-04-19,Puntledge
989.001040933059,coho,hatch_tag,2023-04-19,Puntledge
989.001040933068,coho,hatch_tag,2023-04-19,Puntledge
989.001040933069,coho,hatch_tag,2023-04-19,Puntledge
989.001040933072,coho,hatch_tag,2023-04-19,Puntledge
989.001040933081,coho,hatch_tag,2023-04-19,Puntledge
989.001040933085,coho,hatch_tag,2023-04-19,Puntledge
989.001040933090,coho,hatch_tag,2023-04-19,Puntledge
989.001040933096,coho,hatch_tag,2023-04-19,Puntledge
989.001040933103,coho,hatch_tag,2023-04-19,Puntledge
989.001040933111,coho,hatch_tag,2023-04-19,Puntledge
989.001040933115,coho,hatch_tag,2023-04-19,Puntledge
989.001040933121,coho,hatch_tag,2023-04-19,Puntledge
989.001040933174,coho,river,2023-05-02,black creek
989.001040933175,coho,river,2023-05-02,black creek
989.001040933187,coho,river,2023-05-02,black creek
989.001040933190,coho,river,2023-05-02,black creek
989.001040933198,coho,river,2023-05-02,black creek
989.001040933199,coho,river,2023-05-02,black creek
989.001040933210,coho,river,2023-05-02,black creek
989.001040933216,coho,river,2023-05-02,black creek
989.001040933231,coho,river,2023-05-02,black creek
989.001040933241,coho,river,2023-05-02,black creek
989.001040933253,coho,river,2023-05-02,black creek
989.001040933254,coho,river,2023-05-02,black creek
989.001040933256,coho,river,2023-05-02,black creek
989.001040933259,coho,hatch_tag,2023-04-19,Puntledge
989.001040933282,coho,hatch_tag,2023-04-19,Puntledge
989.001040933286,coho,hatch_tag,2023-04-19,Puntledge
989.001040933291,coho,hatch_tag,2023-04-19,Puntledge
989.001040933299,coho,hatch_tag,2023-04-19,Puntledge
989.001040933302,coho,hatch_tag,2023-04-19,Puntledge
989.001040933307,coho,hatch_tag,2023-04-19,Puntledge
989.001040933313,coho,hatch_tag,2023-04-19,Puntledge
989.001040933318,coho,hatch_tag,2023-04-19,Puntledge
989.001040933329,coho,hatch_tag,2023-04-19,Puntledge
989.001040933342,coho,hatch_tag,2023-04-19,Puntledge
989.001040933345,coho,hatch_tag,2023-04-19,Puntledge
989.001040933350,coho,hatch_tag,2023-04-19,Puntledge
989.001040933383,coho,hatch_tag,2023-04-19,Puntledge
989.001040933385,coho,hatch_tag,2023-04-19,Puntledge
989.001040933391,coho,hatch_tag,2023-04-19,Puntledge
989.001040933394,coho,hatch_tag,2023-04-19,Puntledge
989.001040933403,coho,hatch_tag,2023-04-19,Puntledge
989.001040933419,coho,hatch_tag,2023-04-19,Puntledge
989.001040933424,coho,hatch_tag,2023-04-19,Puntledge
989.001040933434,coho,hatch_tag,2023-04-19,Puntledge
989.001040933437,coho,hatch_tag,2023-04-19,Puntledge
989.001040933442,coho,hatch_tag,2023-04-19,Puntledge
989.001040933443,coho,hatch_tag,2023-04-19,Puntledge
989.001040933444,coho,hatch_tag,2023-04-19,Puntledge
989.001040933458,coho,hatch_tag,2023-04-19,Puntledge
989.001040933462,coho,hatch_tag,2023-04-19,Puntledge
989.001040933469,coho,hatch_tag,2023-04-19,Puntledge
989.001040933476,coho,hatch_tag,2023-04-19,Puntledge
989.001040933479,coho,hatch_tag,2023-04-19,Puntledge
989.001040933498,coho,hatch_tag,2023-04-19,Puntledge
989.001040933522,coho,hatch_tag,2023-04-19,Puntledge
989.001040933524,coho,hatch_tag,2023-04-19,Puntledge
989.001040933545,coho,hatch_tag,2023-04-19,Puntledge
989.001040933550,coho,hatch_tag,2023-04-19,Puntledge
989.001040933560,coho,hatch_tag,2023-04-19,Puntledge
989.001040933577,coho,hatch_tag,2023-04-19,Puntledge
989.001040933608,coho,hatch_tag,2023-04-19,Puntledge
989.001040933614,coho,hatch_tag,2023-04-19,Puntledge
989.001040933636,coho,hatch_tag,2023-04-19,Puntledge
989.001040933681,coho,hatch_tag,2023-04-19,Puntledge
989.001040933684,coho,hatch_tag,2023-04-19,Puntledge
989.001040933685,coho,hatch_tag,2023-04-19,Puntledge
989.001040933688,coho,hatch_tag,2023-04-19,Puntledge
989.001040933697,coho,hatch_tag,2023-04-19,Puntledge
989.001040933704,coho,hatch_tag,2023-04-19,Puntledge
989.001040933732,coho,hatch_tag,2023-04-19,Puntledge
989.001040933734,coho,hatch_tag,2023-04-19,Puntledge
989.001040933745,coho,hatch_tag,2023-04-19,Puntledge
989.001040933774,chinook,microtroll,2023-03-30,Cowichan
989.001040933782,chinook,microtroll,2023-02-17,Cowichan
989.001040933785,chinook,microtroll,2023-03-17,Cowichan
989.001040933790,chinook,microtroll,2023-03-22,Nanaimo fall
989.001040933803,chinook,microtroll,2023-03-21,Nanaimo fall
989.001040933851,chinook,microtroll,2023-02-17,Nanaimo fall
989.001040933856,chinook,microtroll,2023-03-22,Nanaimo fall
989.001040933872,coho,hatch_tag,2023-03-28,Goldstream
989.001040933874,coho,hatch_tag,2023-03-28,Goldstream
989.001040933876,coho,hatch_tag,2023-03-28,Goldstream
989.001040933925,coho,hatch_tag,2023-03-28,Goldstream
989.001040933961,coho,river,2023-05-05,Englishman
989.001040933976,coho,river,2023-05-05,Englishman
989.001040933982,coho,river,2023-05-05,Englishman
989.001040934002,coho,river,2023-05-05,Englishman
989.001040934004,coho,river,2023-05-05,Englishman
989.001040934008,coho,river,2023-05-05,Englishman
989.001040934018,coho,river,2023-05-05,Englishman
989.001040934021,coho,river,2023-05-05,Englishman
989.001040934024,coho,river,2023-05-05,Englishman
989.001040934025,coho,river,2023-05-05,Englishman
989.001040934027,coho,river,2023-05-05,Englishman
989.001040934029,coho,river,2023-05-07,Englishman
989.001040934047,coho,river,2023-05-05,Englishman
989.001040934052,coho,river,2023-05-05,Englishman
989.001040934055,coho,river,2023-05-05,Englishman
989.001040934070,coho,hatch_tag,2023-04-19,Puntledge
989.001040934078,coho,hatch_tag,2023-04-19,Puntledge
989.001040934081,coho,hatch_tag,2023-04-19,Puntledge
989.001040934148,coho,hatch_tag,2023-04-19,Puntledge
989.001040934150,coho,hatch_tag,2023-04-19,Puntledge
989.001040934189,coho,river,2023-04-27,Englishman
989.001040934207,coho,river,2023-04-28,Englishman
989.001040934241,coho,river,2023-04-25,Englishman
989.001040934266,chinook,microtroll,2023-03-16,Cowichan
989.001040934283,chinook,microtroll,2023-03-16,Cowichan
989.001040934285,chinook,microtroll,2023-02-08,Cowichan
989.001040934290,chinook,microtroll,2023-03-21,Little Qualicum
989.001040934299,chinook,microtroll,2023-03-16,Cowichan
989.001040934347,chinook,microtroll,2023-03-21,Nanaimo fall
989.001040934391,coho,hatch_tag,2023-03-14,Goldstream
989.001040934392,coho,hatch_tag,2023-03-14,Goldstream
989.001040934393,coho,hatch_tag,2023-03-14,Goldstream
989.001040934409,coho,hatch_tag,2023-03-14,Goldstream
989.001040934448,coho,hatch_tag,2023-03-14,Goldstream
989.001040934451,coho,hatch_tag,2023-03-14,Goldstream
989.001040934462,coho,hatch_tag,2023-03-14,Goldstream
989.001040934471,coho,hatch_tag,2023-03-14,Goldstream
989.001040934476,coho,hatch_tag,2023-03-14,Goldstream
989.001040934540,coho,hatch_tag,2023-03-14,Goldstream
989.001040934542,coho,hatch_tag,2023-03-14,Goldstream
989.001040934547,coho,hatch_tag,2023-03-14,Goldstream
989.001040934560,coho,hatch_tag,2023-04-19,Puntledge
989.001040934570,coho,hatch_tag,2023-04-19,Puntledge
989.001040934582,coho,hatch_tag,2023-04-19,Puntledge
989.001040934631,coho,hatch_tag,2023-04-19,Puntledge
989.001041719099,coho,hatch_tag,2023-08-17,Puntledge
989.001041719104,coho,hatch_tag,2023-08-17,Puntledge
989.001041719105,coho,hatch_tag,2023-08-17,Puntledge
989.001041719146,coho,hatch_tag,2023-08-17,Puntledge
989.001041722639,chinook,hatch_tag,2023-05-23,Little Qualicum
989.001041722729,chinook,hatch_tag,2023-05-23,Little Qualicum
989.001041722793,chinook,hatch_tag,2023-05-23,Little Qualicum
989.001041723010,chinook,hatch_tag,2023-05-23,Little Qualicum
989.001041723072,chinook,hatch_tag,2023-05-23,Little Qualicum
989.001041723131,chinook,hatch_tag,2023-05-23,Little Qualicum
989.001041723446,chinook,hatch_tag,2023-05-23,Little Qualicum
989.001041723918,chinook,hatch_tag,2023-05-23,Little Qualicum
989.001041724776,chinook,hatch_tag,2023-05-23,Little Qualicum
989.001041725350,chinook,hatch_tag,2023-05-23,Little Qualicum
989.001041725692,chinook,hatch_tag,2023-05-23,Little Qualicum
989.001041725739,chinook,hatch_tag,2023-05-23,Little Qualicum
989.001041726559,chinook,hatch_tag,2023-05-23,Little Qualicum
989.001041726636,chinook,hatch_tag,2023-05-23,Little Qualicum
989.001041726866,chinook,hatch_tag,2023-05-23,Little Qualicum
989.001041726980,chinook,hatch_tag,2023-05-23,Little Qualicum
989.001041727086,coho,hatch_tag,2022-11-30,Quinsam
989.001041727087,coho,hatch_tag,2022-11-30,Quinsam
989.001041727100,coho,hatch_tag,2022-11-30,Quinsam
989.001041727121,coho,hatch_tag,2022-11-30,Quinsam
989.001041727124,coho,hatch_tag,2022-11-30,Quinsam
989.001041727186,coho,hatch_tag,2022-11-30,Quinsam
989.001041727191,coho,hatch_tag,2022-11-30,Quinsam
989.001041727210,coho,hatch_tag,2022-11-30,Quinsam
989.001041727233,coho,hatch_tag,2022-11-30,Quinsam
989.001041727234,coho,hatch_tag,2022-11-30,Quinsam
989.001041727290,coho,hatch_tag,2022-11-30,Quinsam
989.001041727292,coho,hatch_tag,2022-11-30,Quinsam
989.001041727295,coho,hatch_tag,2022-11-30,Quinsam
989.001041727319,coho,hatch_tag,2022-11-30,Quinsam
989.001041727330,coho,hatch_tag,2022-11-30,Quinsam
989.001041727333,coho,hatch_tag,2022-11-30,Quinsam
989.001041727335,coho,hatch_tag,2022-11-30,Quinsam
989.001041727342,coho,hatch_tag,2022-11-30,Quinsam
989.001041727366,coho,hatch_tag,2022-11-30,Quinsam
989.001041727387,coho,hatch_tag,2022-11-30,Quinsam
989.001041727396,coho,hatch_tag,2022-11-30,Quinsam
989.001041727398,coho,hatch_tag,2022-11-30,Quinsam
989.001041727416,coho,hatch_tag,2022-11-30,Quinsam
989.001041727456,coho,hatch_tag,2022-11-30,Quinsam
989.001041727460,coho,hatch_tag,2022-11-30,Quinsam
989.001041727464,coho,hatch_tag,2022-11-30,Quinsam
989.001041727478,coho,hatch_tag,2022-11-30,Quinsam
989.001041727481,coho,hatch_tag,2022-11-30,Quinsam
989.001041727637,coho,hatch_tag,2022-11-30,Quinsam
989.001041727663,coho,hatch_tag,2022-11-30,Quinsam
989.001041727681,coho,hatch_tag,2022-11-30,Quinsam
989.001041727693,coho,hatch_tag,2022-11-30,Quinsam
989.001041727761,coho,hatch_tag,2022-11-30,Quinsam
989.001041727770,coho,hatch_tag,2022-11-30,Quinsam
989.001041727793,coho,hatch_tag,2022-11-30,Quinsam
989.001041727811,coho,hatch_tag,2022-11-30,Quinsam
989.001041727814,coho,hatch_tag,2022-11-30,Quinsam
989.001041727815,coho,hatch_tag,2022-11-30,Quinsam
989.001041727818,coho,hatch_tag,2022-11-30,Quinsam
989.001041727824,coho,hatch_tag,2022-11-30,Quinsam
989.001041727827,coho,hatch_tag,2022-11-30,Quinsam
989.001041727829,coho,hatch_tag,2022-11-30,Quinsam
989.001041727840,coho,hatch_tag,2022-11-30,Quinsam
989.001041727846,coho,hatch_tag,2022-11-30,Quinsam
989.001041727854,coho,hatch_tag,2022-11-30,Quinsam
989.001041727872,coho,hatch_tag,2022-11-30,Quinsam
989.001041727884,coho,hatch_tag,2022-11-30,Quinsam
989.001041727888,coho,hatch_tag,2022-11-30,Quinsam
989.001041727892,coho,hatch_tag,2022-11-30,Quinsam
989.001041727895,coho,hatch_tag,2022-11-30,Quinsam
989.001041727897,coho,hatch_tag,2022-11-30,Quinsam
989.001041727900,coho,hatch_tag,2022-11-30,Quinsam
989.001041727905,coho,hatch_tag,2022-11-30,Quinsam
989.001041727912,coho,hatch_tag,2022-11-30,Quinsam
989.001041727916,coho,hatch_tag,2022-11-30,Quinsam
989.001041727935,coho,hatch_tag,2022-11-30,Quinsam
989.001041727942,coho,hatch_tag,2022-11-30,Quinsam
989.001041727947,coho,hatch_tag,2022-11-30,Quinsam
989.001041727966,coho,hatch_tag,2022-11-30,Quinsam
989.001041727976,coho,hatch_tag,2022-11-30,Quinsam
989.001041727983,coho,hatch_tag,2022-11-30,Quinsam
989.001041728088,coho,hatch_tag,2022-11-30,Quinsam
989.001041728115,coho,hatch_tag,2022-11-30,Quinsam
989.001041728120,coho,hatch_tag,2022-11-30,Quinsam
989.001041728123,coho,hatch_tag,2022-11-30,Quinsam
989.001041728130,coho,hatch_tag,2022-11-30,Quinsam
989.001041728134,coho,hatch_tag,2022-11-30,Quinsam
989.001041728140,coho,hatch_tag,2022-11-30,Quinsam
989.001041728146,coho,hatch_tag,2022-11-30,Quinsam
989.001041728173,coho,hatch_tag,2022-11-30,Quinsam
989.001041728183,coho,hatch_tag,2022-11-30,Quinsam
989.001041728185,coho,hatch_tag,2022-11-30,Quinsam
989.001041728193,coho,hatch_tag,2022-11-30,Quinsam
989.001041728205,coho,hatch_tag,2022-11-30,Quinsam
989.001041728215,coho,hatch_tag,2022-11-30,Quinsam
989.001041728242,coho,hatch_tag,2022-11-30,Quinsam
989.001041728246,coho,hatch_tag,2022-11-30,Quinsam
989.001041728276,coho,hatch_tag,2022-11-30,Quinsam
989.001041728279,coho,hatch_tag,2022-11-30,Quinsam
989.001041728292,coho,hatch_tag,2022-11-30,Quinsam
989.001041728301,coho,hatch_tag,2022-11-30,Quinsam
989.001041728302,coho,hatch_tag,2022-11-30,Quinsam
989.001041728310,coho,hatch_tag,2022-11-30,Quinsam
989.001041728314,coho,hatch_tag,2022-11-30,Quinsam
989.001041728328,coho,hatch_tag,2022-11-30,Quinsam
989.001041728333,coho,hatch_tag,2022-11-30,Quinsam
989.001041728343,coho,hatch_tag,2022-11-30,Quinsam
989.001041728346,coho,hatch_tag,2022-11-30,Quinsam
989.001041728355,coho,hatch_tag,2022-11-30,Quinsam
989.001041728359,coho,hatch_tag,2022-11-30,Quinsam
989.001041728362,coho,hatch_tag,2022-11-30,Quinsam
989.001041728364,coho,hatch_tag,2022-11-30,Quinsam
989.001041728366,coho,hatch_tag,2022-11-30,Quinsam
989.001041728367,coho,hatch_tag,2022-11-30,Quinsam
989.001041728380,coho,hatch_tag,2022-11-30,Quinsam
989.001041728384,coho,hatch_tag,2022-11-30,Quinsam
989.001041728393,coho,hatch_tag,2022-11-30,Quinsam
989.001041728396,coho,hatch_tag,2022-11-30,Quinsam
989.001041728404,coho,hatch_tag,2022-11-30,Quinsam
989.001041728406,coho,hatch_tag,2022-11-30,Quinsam
989.001041728412,coho,hatch_tag,2022-11-30,Quinsam
989.001041728413,coho,hatch_tag,2022-11-30,Quinsam
989.001041728418,coho,hatch_tag,2022-11-30,Quinsam
989.001041728422,coho,hatch_tag,2022-11-30,Quinsam
989.001041728431,coho,hatch_tag,2022-11-30,Quinsam
989.001041728456,coho,hatch_tag,2022-11-30,Quinsam
989.001041728457,coho,hatch_tag,2022-11-30,Quinsam
989.001041728460,coho,hatch_tag,2022-11-30,Quinsam
989.001041728473,coho,hatch_tag,2022-11-30,Quinsam
989.001041728476,coho,hatch_tag,2022-11-30,Quinsam
989.001041728482,coho,hatch_tag,2022-11-30,Quinsam
989.001041728609,coho,hatch_tag,2022-11-30,Quinsam
989.001041728614,coho,hatch_tag,2022-11-30,Quinsam
989.001041728616,coho,hatch_tag,2022-11-30,Quinsam
989.001041728646,coho,hatch_tag,2022-11-30,Quinsam
989.001041728656,coho,hatch_tag,2022-11-30,Quinsam
989.001041728661,coho,hatch_tag,2022-11-30,Quinsam
989.001041728678,coho,hatch_tag,2022-11-30,Quinsam
989.001041728686,coho,hatch_tag,2022-11-30,Quinsam
989.001041728689,coho,hatch_tag,2022-11-30,Quinsam
989.001041728732,coho,hatch_tag,2022-11-30,Quinsam
989.001041728735,coho,hatch_tag,2022-11-30,Quinsam
989.001041728737,coho,hatch_tag,2022-11-30,Quinsam
989.001041728748,coho,hatch_tag,2022-11-30,Quinsam
989.001041728758,coho,hatch_tag,2022-11-30,Quinsam
989.001041728762,coho,hatch_tag,2022-11-30,Quinsam
989.001041728768,coho,hatch_tag,2022-11-30,Quinsam
989.001041728786,coho,hatch_tag,2022-11-30,Quinsam
989.001041728801,coho,hatch_tag,2022-11-30,Quinsam
989.001041728803,coho,hatch_tag,2022-11-30,Quinsam
989.001041728804,coho,hatch_tag,2022-11-30,Quinsam
989.001041728817,coho,hatch_tag,2022-11-30,Quinsam
989.001041728827,coho,hatch_tag,2022-11-30,Quinsam
989.001041728829,coho,hatch_tag,2022-11-30,Quinsam
989.001041728830,coho,hatch_tag,2022-11-30,Quinsam
989.001041728832,coho,hatch_tag,2022-11-30,Quinsam
989.001041728841,coho,hatch_tag,2022-11-30,Quinsam
989.001041728847,coho,hatch_tag,2022-11-30,Quinsam
989.001041728858,coho,hatch_tag,2022-11-30,Quinsam
989.001041728860,coho,hatch_tag,2022-11-30,Quinsam
989.001041728868,coho,hatch_tag,2022-11-30,Quinsam
989.001041728869,coho,hatch_tag,2022-11-30,Quinsam
989.001041728876,coho,hatch_tag,2022-11-30,Quinsam
989.001041728888,coho,hatch_tag,2022-11-30,Quinsam
989.001041728896,coho,hatch_tag,2022-11-30,Quinsam
989.001041728897,coho,hatch_tag,2022-11-30,Quinsam
989.001041728903,coho,hatch_tag,2022-11-30,Quinsam
989.001041728904,coho,hatch_tag,2022-11-30,Quinsam
989.001041728905,coho,hatch_tag,2022-11-30,Quinsam
989.001041728908,coho,hatch_tag,2022-11-30,Quinsam
989.001041728913,coho,hatch_tag,2022-11-30,Quinsam
989.001041728922,coho,hatch_tag,2022-11-30,Quinsam
989.001041728926,coho,hatch_tag,2022-11-30,Quinsam
989.001041728927,coho,hatch_tag,2022-11-30,Quinsam
989.001041728931,coho,hatch_tag,2022-11-30,Quinsam
989.001041728932,coho,hatch_tag,2022-11-30,Quinsam
989.001041728940,coho,hatch_tag,2022-11-30,Quinsam
989.001041728942,coho,hatch_tag,2022-11-30,Quinsam
989.001041728972,coho,hatch_tag,2022-11-30,Quinsam
989.001041728986,coho,hatch_tag,2022-11-30,Quinsam
989.001041729024,coho,hatch_tag,2023-01-26,millstream
989.001041729119,coho,hatch_tag,2022-11-30,Quinsam
989.001041729155,coho,hatch_tag,2022-11-30,Quinsam
989.001041729157,coho,hatch_tag,2022-11-30,Quinsam
989.001041729191,coho,hatch_tag,2022-11-30,Quinsam
989.001041729210,coho,hatch_tag,2022-11-30,Quinsam
989.001041729253,coho,hatch_tag,2022-11-30,Quinsam
989.001041729255,coho,hatch_tag,2022-11-30,Quinsam
989.001041729281,coho,hatch_tag,2022-11-30,Quinsam
989.001041729289,coho,hatch_tag,2022-11-30,Quinsam
989.001041729297,coho,hatch_tag,2022-11-30,Quinsam
989.001041729318,coho,hatch_tag,2022-11-30,Quinsam
989.001041729335,coho,hatch_tag,2022-11-30,Quinsam
989.001041729341,coho,hatch_tag,2022-11-30,Quinsam
989.001041729342,coho,hatch_tag,2022-11-30,Quinsam
989.001041729347,coho,hatch_tag,2022-11-30,Quinsam
989.001041729351,coho,hatch_tag,2022-11-30,Quinsam
989.001041729356,coho,hatch_tag,2022-11-30,Quinsam
989.001041729359,coho,hatch_tag,2022-11-30,Quinsam
989.001041729372,coho,hatch_tag,2022-11-30,Quinsam
989.001041729373,coho,hatch_tag,2022-11-30,Quinsam
989.001041729377,coho,hatch_tag,2022-11-30,Quinsam
989.001041729386,coho,hatch_tag,2022-11-30,Quinsam
989.001041729393,coho,hatch_tag,2022-11-30,Quinsam
989.001041729416,coho,hatch_tag,2022-11-30,Quinsam
989.001041729417,coho,hatch_tag,2022-11-30,Quinsam
989.001041729420,coho,hatch_tag,2022-11-30,Quinsam
989.001041729426,coho,hatch_tag,2022-11-30,Quinsam
989.001041729455,coho,hatch_tag,2022-11-30,Quinsam
989.001041729456,coho,hatch_tag,2022-11-30,Quinsam
989.001041729457,coho,hatch_tag,2022-11-30,Quinsam
989.001041729459,coho,hatch_tag,2022-11-30,Quinsam
989.001041729472,coho,hatch_tag,2022-11-30,Quinsam
989.001041729473,coho,hatch_tag,2022-11-30,Quinsam
989.001041729474,coho,hatch_tag,2022-11-30,Quinsam
989.001041729592,coho,hatch_tag,2022-11-30,Quinsam
989.001041729594,coho,hatch_tag,2022-11-30,Quinsam
989.001041729629,coho,hatch_tag,2022-11-30,Quinsam
989.001041729639,coho,hatch_tag,2022-11-30,Quinsam
989.001041729643,coho,hatch_tag,2022-11-30,Quinsam
989.001041729650,coho,hatch_tag,2022-11-30,Quinsam
989.001041729658,coho,hatch_tag,2022-11-30,Quinsam
989.001041729675,coho,hatch_tag,2022-11-30,Quinsam
989.001041729689,coho,hatch_tag,2022-11-30,Quinsam
989.001041729704,coho,hatch_tag,2022-11-30,Quinsam
989.001041729709,coho,hatch_tag,2022-11-30,Quinsam
989.001041729721,coho,hatch_tag,2022-11-30,Quinsam
989.001041729743,coho,hatch_tag,2022-11-30,Quinsam
989.001041729755,coho,hatch_tag,2022-11-30,Quinsam
989.001041729769,coho,hatch_tag,2022-11-30,Quinsam
989.001041729782,coho,hatch_tag,2022-11-30,Quinsam
989.001041729788,coho,hatch_tag,2022-11-30,Quinsam
989.001041729792,coho,hatch_tag,2022-11-30,Quinsam
989.001041729798,coho,hatch_tag,2022-11-30,Quinsam
989.001041729806,coho,hatch_tag,2022-11-30,Quinsam
989.001041729817,coho,hatch_tag,2022-11-30,Quinsam
989.001041729825,coho,hatch_tag,2022-11-30,Quinsam
989.001041729838,coho,hatch_tag,2022-11-30,Quinsam
989.001041729843,coho,hatch_tag,2022-11-30,Quinsam
989.001041729845,coho,hatch_tag,2022-11-30,Quinsam
989.001041729859,coho,hatch_tag,2022-11-30,Quinsam
989.001041729895,coho,hatch_tag,2022-11-30,Quinsam
989.001041729910,coho,hatch_tag,2022-11-30,Quinsam
989.001041729912,coho,hatch_tag,2022-11-30,Quinsam
989.001041729921,coho,hatch_tag,2022-11-30,Quinsam
989.001041729926,coho,hatch_tag,2022-11-30,Quinsam
989.001041729942,coho,hatch_tag,2022-11-30,Quinsam
989.001041729952,coho,hatch_tag,2022-11-30,Quinsam
989.001041729955,coho,hatch_tag,2022-11-30,Quinsam
989.001041729956,coho,hatch_tag,2022-11-30,Quinsam
989.001041729961,coho,hatch_tag,2022-11-30,Quinsam
989.001041729965,coho,hatch_tag,2022-11-30,Quinsam
989.001041729970,coho,hatch_tag,2022-11-30,Quinsam
989.001041729973,coho,hatch_tag,2022-11-30,Quinsam
989.001041729977,coho,hatch_tag,2022-11-30,Quinsam
989.001041729983,coho,hatch_tag,2022-11-30,Quinsam
989.001041729985,coho,hatch_tag,2022-11-30,Quinsam
989.001041730104,coho,hatch_tag,2022-11-30,Quinsam
989.001041730117,coho,hatch_tag,2022-11-30,Quinsam
989.001041730152,coho,hatch_tag,2022-11-30,Quinsam
989.001041730154,coho,hatch_tag,2022-11-30,Quinsam
989.001041730170,coho,hatch_tag,2022-11-30,Quinsam
989.001041730175,coho,hatch_tag,2022-11-30,Quinsam
989.001041730177,coho,hatch_tag,2022-11-30,Quinsam
989.001041730187,coho,hatch_tag,2022-11-30,Quinsam
989.001041730190,coho,hatch_tag,2022-11-30,Quinsam
989.001041730246,coho,hatch_tag,2022-11-30,Quinsam
989.001041730257,coho,hatch_tag,2022-11-30,Quinsam
989.001041730268,coho,hatch_tag,2022-11-30,Quinsam
989.001041730281,coho,hatch_tag,2022-11-30,Quinsam
989.001041730293,coho,hatch_tag,2022-11-30,Quinsam
989.001041730295,coho,hatch_tag,2022-11-30,Quinsam
989.001041730299,coho,hatch_tag,2022-11-30,Quinsam
989.001041730301,coho,hatch_tag,2022-11-30,Quinsam
989.001041730305,coho,hatch_tag,2022-11-30,Quinsam
989.001041730308,coho,hatch_tag,2022-11-30,Quinsam
989.001041730310,coho,hatch_tag,2022-11-30,Quinsam
989.001041730315,coho,hatch_tag,2022-11-30,Quinsam
989.001041730340,coho,hatch_tag,2022-11-30,Quinsam
989.001041730343,coho,hatch_tag,2022-11-30,Quinsam
989.001041730345,coho,hatch_tag,2022-11-30,Quinsam
989.001041730355,coho,hatch_tag,2022-11-30,Quinsam
989.001041730368,coho,hatch_tag,2022-11-30,Quinsam
989.001041730383,coho,hatch_tag,2022-11-30,Quinsam
989.001041730387,coho,hatch_tag,2022-11-30,Quinsam
989.001041730389,coho,hatch_tag,2022-11-30,Quinsam
989.001041730394,coho,hatch_tag,2022-11-30,Quinsam
989.001041730396,coho,hatch_tag,2022-11-30,Quinsam
989.001041730401,coho,hatch_tag,2022-11-30,Quinsam
989.001041730410,coho,hatch_tag,2022-11-30,Quinsam
989.001041730425,coho,hatch_tag,2022-11-30,Quinsam
989.001041730435,coho,hatch_tag,2022-11-30,Quinsam
989.001041730437,coho,hatch_tag,2022-11-30,Quinsam
989.001041730441,coho,hatch_tag,2022-11-30,Quinsam
989.001041730442,coho,hatch_tag,2022-11-30,Quinsam
989.001041730443,coho,hatch_tag,2022-11-30,Quinsam
989.001041730455,coho,hatch_tag,2022-11-30,Quinsam
989.001041730457,coho,hatch_tag,2022-11-30,Quinsam
989.001041730462,coho,hatch_tag,2022-11-30,Quinsam
989.001041730474,coho,hatch_tag,2022-11-30,Quinsam
989.001041730623,coho,hatch_tag,2022-11-30,Quinsam
989.001041730678,coho,hatch_tag,2022-11-30,Quinsam
989.001041730679,coho,hatch_tag,2022-11-30,Quinsam
989.001041730707,coho,hatch_tag,2022-11-30,Quinsam
989.001041730718,coho,hatch_tag,2022-11-30,Quinsam
989.001041730720,coho,hatch_tag,2022-11-30,Quinsam
989.001041730740,coho,hatch_tag,2022-11-30,Quinsam
989.001041730742,coho,hatch_tag,2022-11-30,Quinsam
989.001041730751,coho,hatch_tag,2022-11-30,Quinsam
989.001041730757,coho,hatch_tag,2022-11-30,Quinsam
989.001041730789,coho,hatch_tag,2022-11-30,Quinsam
989.001041730794,coho,hatch_tag,2022-11-30,Quinsam
989.001041730796,coho,hatch_tag,2022-11-30,Quinsam
989.001041730804,coho,hatch_tag,2022-11-30,Quinsam
989.001041730816,coho,hatch_tag,2022-11-30,Quinsam
989.001041730817,coho,hatch_tag,2022-11-30,Quinsam
989.001041730826,coho,hatch_tag,2022-11-30,Quinsam
989.001041730838,coho,hatch_tag,2022-11-30,Quinsam
989.001041730846,coho,hatch_tag,2022-11-30,Quinsam
989.001041730859,coho,hatch_tag,2022-11-30,Quinsam
989.001041730866,coho,hatch_tag,2022-11-30,Quinsam
989.001041730875,coho,hatch_tag,2022-11-30,Quinsam
989.001041730882,coho,hatch_tag,2022-11-30,Quinsam
989.001041730884,coho,hatch_tag,2022-11-30,Quinsam
989.001041730885,coho,hatch_tag,2022-11-30,Quinsam
989.001041730888,coho,hatch_tag,2022-11-30,Quinsam
989.001041730900,coho,hatch_tag,2022-11-30,Quinsam
989.001041730907,coho,hatch_tag,2022-11-30,Quinsam
989.001041730912,coho,hatch_tag,2022-11-30,Quinsam
989.001041730934,coho,hatch_tag,2022-11-30,Quinsam
989.001041730935,coho,hatch_tag,2022-11-30,Quinsam
989.001041730936,coho,hatch_tag,2022-11-30,Quinsam
989.001041730947,coho,hatch_tag,2022-11-30,Quinsam
989.001041730955,coho,hatch_tag,2022-11-30,Quinsam
989.001041730958,coho,hatch_tag,2022-11-30,Quinsam
989.001041730959,coho,hatch_tag,2022-11-30,Quinsam
989.001041730984,coho,hatch_tag,2022-11-30,Quinsam
989.001041730986,coho,hatch_tag,2022-11-30,Quinsam
989.001041731099,coho,hatch_tag,2022-11-30,Quinsam
989.001041731114,coho,hatch_tag,2022-11-30,Quinsam
989.001041731121,coho,hatch_tag,2022-11-30,Quinsam
989.001041731158,coho,hatch_tag,2022-11-30,Quinsam
989.001041731160,coho,hatch_tag,2022-11-30,Quinsam
989.001041731179,coho,hatch_tag,2022-11-30,Quinsam
989.001041731290,coho,hatch_tag,2022-11-30,Quinsam
989.001041731292,coho,hatch_tag,2022-11-30,Quinsam
989.001041731298,coho,hatch_tag,2022-11-30,Quinsam
989.001041731301,coho,hatch_tag,2022-11-30,Quinsam
989.001041731305,coho,hatch_tag,2022-11-30,Quinsam
989.001041731311,coho,hatch_tag,2022-11-30,Quinsam
989.001041731319,coho,hatch_tag,2022-11-30,Quinsam
989.001041731331,coho,hatch_tag,2022-11-30,Quinsam
989.001041731332,coho,hatch_tag,2022-11-30,Quinsam
989.001041731336,coho,hatch_tag,2022-11-30,Quinsam
989.001041731342,coho,hatch_tag,2022-11-30,Quinsam
989.001041731353,coho,hatch_tag,2022-11-30,Quinsam
989.001041731373,coho,hatch_tag,2022-11-30,Quinsam
989.001041731374,coho,hatch_tag,2022-11-30,Quinsam
989.001041731378,coho,hatch_tag,2022-11-30,Quinsam
989.001041731383,coho,hatch_tag,2022-11-30,Quinsam
989.001041731396,coho,hatch_tag,2022-11-30,Quinsam
989.001041731405,coho,hatch_tag,2022-11-30,Quinsam
989.001041731406,coho,hatch_tag,2022-11-30,Quinsam
989.001041731409,coho,hatch_tag,2022-11-30,Quinsam
989.001041731414,coho,hatch_tag,2022-11-30,Quinsam
989.001041731432,coho,hatch_tag,2022-11-30,Quinsam
989.001041731434,coho,hatch_tag,2022-11-30,Quinsam
989.001041731435,coho,hatch_tag,2022-11-30,Quinsam
989.001041731444,coho,hatch_tag,2022-11-30,Quinsam
989.001041731446,coho,hatch_tag,2022-11-30,Quinsam
989.001041731449,coho,hatch_tag,2022-11-30,Quinsam
989.001041731452,coho,hatch_tag,2022-11-30,Quinsam
989.001041731455,coho,hatch_tag,2022-11-30,Quinsam
989.001041731462,coho,hatch_tag,2022-11-30,Quinsam
989.001041731473,coho,hatch_tag,2022-11-30,Quinsam
989.001041731479,coho,hatch_tag,2022-11-30,Quinsam
989.001041731480,coho,hatch_tag,2022-11-30,Quinsam
989.001041731623,coho,hatch_tag,2022-11-30,Quinsam
989.001041731634,coho,hatch_tag,2022-11-30,Quinsam
989.001041731637,coho,hatch_tag,2022-11-30,Quinsam
989.001041731704,coho,hatch_tag,2022-11-30,Quinsam
989.001041731714,coho,hatch_tag,2022-11-30,Quinsam
989.001041731718,coho,hatch_tag,2022-11-30,Quinsam
989.001041731734,coho,hatch_tag,2022-11-30,Quinsam
989.001041731750,coho,hatch_tag,2022-11-30,Quinsam
989.001041731803,coho,hatch_tag,2022-11-30,Quinsam
989.001041731818,coho,hatch_tag,2022-11-30,Quinsam
989.001041731819,coho,hatch_tag,2022-11-30,Quinsam
989.001041731832,coho,hatch_tag,2022-11-30,Quinsam
989.001041731833,coho,hatch_tag,2022-11-30,Quinsam
989.001041731835,coho,hatch_tag,2022-11-30,Quinsam
989.001041731847,coho,hatch_tag,2022-11-30,Quinsam
989.001041731851,coho,hatch_tag,2022-11-30,Quinsam
989.001041731875,coho,hatch_tag,2022-11-30,Quinsam
989.001041731885,coho,hatch_tag,2022-11-30,Quinsam
989.001041731899,coho,hatch_tag,2022-11-30,Quinsam
989.001041731902,coho,hatch_tag,2022-11-30,Quinsam
989.001041731905,coho,hatch_tag,2022-11-30,Quinsam
989.001041731915,coho,hatch_tag,2022-11-30,Quinsam
989.001041731926,coho,hatch_tag,2022-11-30,Quinsam
989.001041731930,coho,hatch_tag,2022-11-30,Quinsam
989.001041731945,coho,hatch_tag,2022-11-30,Quinsam
989.001041731947,coho,hatch_tag,2022-11-30,Quinsam
989.001041731956,coho,hatch_tag,2022-11-30,Quinsam
989.001041731959,coho,hatch_tag,2022-11-30,Quinsam
989.001041731965,coho,hatch_tag,2022-11-30,Quinsam
989.001041731967,coho,hatch_tag,2022-11-30,Quinsam
989.001041732111,coho,hatch_tag,2023-03-14,Goldstream
989.001041732169,coho,hatch_tag,2023-03-14,Goldstream
989.001041736299,coho,hatch_tag,2023-03-28,Goldstream
989.001041736313,coho,hatch_tag,2023-03-28,Goldstream
989.001041736345,coho,hatch_tag,2023-03-28,Goldstream
989.001041736355,coho,hatch_tag,2023-03-28,Goldstream
989.001041736393,coho,hatch_tag,2023-03-28,Goldstream
989.001041736423,coho,hatch_tag,2023-03-28,Goldstream
989.001041736425,coho,hatch_tag,2023-03-28,Goldstream
989.001041736461,coho,hatch_tag,2023-03-28,Goldstream
989.001041736470,coho,hatch_tag,2023-03-28,Goldstream
989.001041736492,coho,hatch_tag,2023-03-28,Goldstream
989.001041736499,coho,hatch_tag,2023-03-28,Goldstream
989.001041736531,coho,hatch_tag,2023-03-28,Goldstream
989.001041736551,coho,hatch_tag,2023-03-28,Goldstream
989.001041736560,coho,hatch_tag,2023-03-28,Goldstream
989.001041736568,coho,hatch_tag,2023-03-28,Goldstream
989.001041736582,coho,hatch_tag,2023-03-28,Goldstream
989.001041736591,coho,hatch_tag,2023-03-28,Goldstream
989.001041736644,coho,hatch_tag,2023-03-28,Goldstream
989.001041736649,coho,hatch_tag,2023-03-28,Goldstream
989.001041736712,coho,hatch_tag,2023-03-28,Goldstream
989.001041736751,coho,hatch_tag,2023-03-28,Goldstream
989.001041736795,coho,hatch_tag,2023-03-28,Goldstream
989.001041736840,coho,hatch_tag,2023-03-28,Goldstream
989.001041736853,coho,hatch_tag,2023-03-28,Goldstream
989.001041736900,coho,hatch_tag,2023-03-28,Goldstream
989.001041736937,coho,hatch_tag,2023-03-28,Goldstream
989.001041736951,coho,hatch_tag,2023-03-28,Goldstream
989.001041736966,coho,hatch_tag,2023-03-28,Goldstream
989.001041736968,coho,hatch_tag,2023-03-28,Goldstream
989.001041736969,coho,hatch_tag,2023-03-28,Goldstream
989.001041737018,coho,hatch_tag,2023-03-28,Goldstream
989.001041737033,coho,hatch_tag,2023-03-28,Goldstream
989.001041737080,coho,hatch_tag,2023-03-28,Goldstream
989.001041737101,coho,hatch_tag,2023-03-28,Goldstream
989.001041737120,coho,hatch_tag,2023-03-28,Goldstream
989.001041737185,coho,hatch_tag,2023-03-28,Goldstream
989.001041737222,coho,hatch_tag,2023-03-28,Goldstream
989.001041737265,coho,hatch_tag,2023-03-28,Goldstream
989.001041737278,coho,hatch_tag,2023-03-28,Goldstream
989.001041737299,coho,hatch_tag,2023-03-28,Goldstream
989.001041737303,coho,hatch_tag,2023-03-28,Goldstream
989.001041737311,coho,hatch_tag,2023-03-28,Goldstream
989.001041737342,coho,hatch_tag,2023-03-28,Goldstream
989.001041737352,coho,hatch_tag,2023-03-28,Goldstream
989.001041737358,coho,hatch_tag,2023-03-28,Goldstream
989.001041737359,coho,hatch_tag,2023-03-28,Goldstream
989.001041737378,coho,hatch_tag,2023-03-28,Goldstream
989.001041737380,coho,hatch_tag,2023-03-28,Goldstream
989.001041737385,coho,hatch_tag,2023-03-28,Goldstream
989.001041737440,coho,hatch_tag,2023-03-28,Goldstream
989.001041737443,coho,hatch_tag,2023-03-28,Goldstream
989.001041737481,coho,hatch_tag,2023-03-28,Goldstream
989.001041737499,coho,hatch_tag,2023-03-28,Goldstream
989.001041737519,coho,hatch_tag,2023-03-28,Goldstream
989.001041737532,coho,hatch_tag,2023-03-28,Goldstream
989.001041737541,coho,hatch_tag,2023-03-28,Goldstream
989.001041737560,coho,hatch_tag,2023-03-28,Goldstream
989.001041737590,coho,hatch_tag,2023-03-28,Goldstream
989.001041737654,coho,hatch_tag,2023-03-28,Goldstream
989.001041737726,coho,hatch_tag,2023-03-28,Goldstream
989.001041737750,coho,hatch_tag,2023-03-28,Goldstream
989.001041737758,coho,hatch_tag,2023-03-28,Goldstream
989.001041737800,coho,hatch_tag,2023-03-28,Goldstream
989.001041737803,coho,hatch_tag,2023-03-28,Goldstream
989.001041737810,coho,hatch_tag,2023-03-28,Goldstream
989.001041737813,coho,hatch_tag,2023-03-28,Goldstream
989.001041737831,coho,hatch_tag,2023-03-28,Goldstream
989.001041737853,coho,hatch_tag,2023-03-28,Goldstream
989.001041737867,coho,hatch_tag,2023-03-28,Goldstream
989.001041737913,coho,hatch_tag,2023-03-28,Goldstream
989.001041737926,coho,hatch_tag,2023-03-28,Goldstream
989.001041737931,coho,hatch_tag,2023-03-28,Goldstream
989.001041737933,coho,hatch_tag,2023-03-28,Goldstream
989.001041737935,coho,hatch_tag,2023-03-28,Goldstream
989.001041737966,coho,hatch_tag,2023-03-28,Goldstream
989.001041737978,coho,hatch_tag,2023-03-28,Goldstream
989.001041737982,coho,hatch_tag,2023-03-28,Goldstream
989.001041737984,coho,hatch_tag,2023-03-28,Goldstream
989.001041738010,coho,hatch_tag,2023-03-28,Goldstream
989.001041738019,coho,hatch_tag,2023-03-28,Goldstream
989.001041738021,coho,hatch_tag,2023-03-28,Goldstream
989.001041738036,coho,hatch_tag,2023-03-28,Goldstream
989.001041738037,coho,hatch_tag,2023-03-28,Goldstream
989.001041738038,coho,hatch_tag,2023-03-28,Goldstream
989.001041738051,coho,hatch_tag,2023-03-28,Goldstream
989.001041738068,coho,hatch_tag,2023-03-28,Goldstream
989.001041738081,coho,hatch_tag,2023-03-28,Goldstream
989.001041738089,coho,hatch_tag,2023-03-28,Goldstream
989.001041738092,coho,hatch_tag,2023-03-28,Goldstream
989.001041738111,coho,hatch_tag,2023-03-28,Goldstream
989.001041738131,coho,hatch_tag,2023-03-28,Goldstream
989.001041738139,coho,hatch_tag,2023-03-28,Goldstream
989.001041738143,coho,hatch_tag,2023-03-28,Goldstream
989.001041738180,coho,hatch_tag,2023-03-28,Goldstream
989.001041738185,coho,hatch_tag,2023-03-28,Goldstream
989.001041738187,coho,hatch_tag,2023-03-28,Goldstream
989.001041738193,coho,hatch_tag,2023-03-28,Goldstream
989.001041738264,coho,hatch_tag,2023-03-28,Goldstream
989.001041738273,coho,hatch_tag,2023-03-28,Goldstream
989.001041738297,coho,hatch_tag,2023-03-28,Goldstream
989.001041738304,coho,hatch_tag,2023-03-28,Goldstream
989.001041738316,coho,hatch_tag,2023-03-28,Goldstream
989.001041738328,coho,hatch_tag,2023-03-28,Goldstream
989.001041738343,coho,hatch_tag,2023-03-28,Goldstream
989.001041738358,coho,hatch_tag,2023-03-28,Goldstream
989.001041738429,coho,hatch_tag,2023-03-28,Goldstream
989.001041738445,coho,hatch_tag,2023-03-28,Goldstream
989.001041738452,coho,hatch_tag,2023-03-28,Goldstream
989.001041738470,coho,hatch_tag,2023-03-28,Goldstream
989.001041738484,coho,hatch_tag,2023-03-28,Goldstream
989.001041738516,coho,hatch_tag,2023-03-28,Goldstream
989.001041738551,coho,hatch_tag,2023-03-28,Goldstream
989.001041738563,coho,hatch_tag,2023-03-28,Goldstream
989.001041738598,coho,hatch_tag,2023-03-28,Goldstream
989.001041738618,coho,hatch_tag,2023-03-28,Goldstream
989.001041738626,coho,hatch_tag,2023-03-28,Goldstream
989.001041738657,coho,hatch_tag,2023-03-28,Goldstream
989.001041738664,coho,hatch_tag,2023-03-28,Goldstream
989.001041738667,coho,hatch_tag,2023-03-28,Goldstream
989.001041738688,coho,hatch_tag,2023-03-28,Goldstream
989.001041738756,coho,hatch_tag,2023-03-28,Goldstream
989.001041738763,coho,hatch_tag,2023-03-28,Goldstream
989.001041738796,coho,hatch_tag,2023-03-28,Goldstream
989.001041738877,coho,hatch_tag,2023-03-28,Goldstream
989.001041738910,coho,hatch_tag,2023-03-28,Goldstream
989.001041738935,coho,hatch_tag,2023-03-28,Goldstream
989.001041738954,coho,hatch_tag,2023-03-28,Goldstream
989.001041738985,coho,hatch_tag,2023-03-28,Goldstream
989.001041739049,coho,hatch_tag,2023-03-28,Goldstream
989.001041739050,coho,hatch_tag,2023-03-28,Goldstream
989.001041739077,coho,hatch_tag,2023-03-28,Goldstream
989.001041739086,coho,hatch_tag,2023-03-28,Goldstream
989.001041739158,coho,hatch_tag,2023-03-28,Goldstream
989.001041739172,coho,hatch_tag,2023-03-28,Goldstream
989.001041739181,coho,hatch_tag,2023-03-28,Goldstream
989.001041739183,coho,hatch_tag,2023-03-28,Goldstream
989.001041739192,coho,hatch_tag,2023-03-28,Goldstream
989.001041739217,coho,hatch_tag,2023-03-28,Goldstream
989.001041739224,coho,hatch_tag,2023-03-28,Goldstream
989.001041739233,coho,hatch_tag,2023-03-28,Goldstream
989.001041739296,coho,hatch_tag,2023-03-28,Goldstream
989.001041739309,coho,hatch_tag,2023-03-28,Goldstream
989.001041739316,coho,hatch_tag,2023-03-28,Goldstream
989.001041739327,coho,hatch_tag,2023-03-28,Goldstream
989.001041739332,coho,hatch_tag,2023-03-28,Goldstream
989.001041739344,coho,hatch_tag,2023-03-28,Goldstream
989.001041739345,coho,hatch_tag,2023-03-28,Goldstream
989.001041739355,coho,hatch_tag,2023-03-28,Goldstream
989.001041739356,coho,hatch_tag,2023-03-28,Goldstream
989.001041739359,coho,hatch_tag,2023-03-28,Goldstream
989.001041739393,coho,hatch_tag,2023-03-28,Goldstream
989.001041739398,coho,hatch_tag,2023-03-28,Goldstream
989.001041739451,coho,hatch_tag,2023-03-28,Goldstream
989.001041739452,coho,hatch_tag,2023-03-28,Goldstream
989.001041739458,coho,hatch_tag,2023-03-28,Goldstream
989.001041739477,coho,hatch_tag,2023-03-28,Goldstream
989.001041739478,coho,hatch_tag,2023-03-28,Goldstream
989.001041739481,coho,hatch_tag,2023-03-28,Goldstream
989.001041739491,coho,hatch_tag,2023-03-28,Goldstream
989.001041739494,coho,hatch_tag,2023-03-28,Goldstream
989.001041739502,coho,hatch_tag,2023-03-28,Goldstream
989.001041739525,coho,hatch_tag,2023-03-28,Goldstream
989.001041739536,coho,hatch_tag,2023-03-28,Goldstream
989.001041739538,coho,hatch_tag,2023-03-28,Goldstream
989.001041739566,coho,hatch_tag,2023-03-28,Goldstream
989.001041739575,coho,hatch_tag,2023-03-28,Goldstream
989.001041739576,coho,hatch_tag,2023-03-28,Goldstream
989.001041739585,coho,hatch_tag,2023-03-28,Goldstream
989.001041739591,coho,hatch_tag,2023-03-28,Goldstream
989.001041739601,coho,hatch_tag,2023-03-14,Goldstream
989.001041739635,coho,hatch_tag,2023-03-14,Goldstream
989.001041739638,coho,hatch_tag,2023-03-14,Goldstream
989.001041739698,coho,hatch_tag,2023-03-28,Goldstream
989.001041739746,coho,hatch_tag,2023-03-28,Goldstream
989.001041739764,coho,hatch_tag,2023-03-28,Goldstream
989.001041739807,coho,hatch_tag,2023-03-28,Goldstream
989.001041739857,coho,hatch_tag,2023-03-28,Goldstream
989.001041739922,coho,hatch_tag,2023-03-28,Goldstream
989.001041739953,coho,hatch_tag,2023-03-28,Goldstream
989.001041739955,coho,hatch_tag,2023-03-28,Goldstream
989.001041739972,coho,hatch_tag,2023-03-28,Goldstream
989.001041739976,coho,hatch_tag,2023-03-28,Goldstream
989.001041740026,coho,hatch_tag,2023-03-28,Goldstream
989.001041740063,coho,hatch_tag,2023-03-28,Goldstream
989.001041740072,coho,hatch_tag,2023-03-28,Goldstream
989.001041740091,coho,hatch_tag,2023-03-28,Goldstream
989.001041740101,coho,hatch_tag,2023-03-28,Goldstream
989.001041740191,coho,hatch_tag,2023-03-28,Goldstream
989.001041740207,coho,hatch_tag,2023-03-28,Goldstream
989.001041740221,coho,hatch_tag,2023-03-28,Goldstream
989.001041740256,coho,hatch_tag,2023-03-28,Goldstream
989.001041740272,coho,hatch_tag,2023-03-28,Goldstream
989.001041740274,coho,hatch_tag,2023-03-28,Goldstream
989.001041740297,coho,hatch_tag,2023-03-28,Goldstream
989.001041740310,coho,hatch_tag,2023-03-28,Goldstream
989.001041740315,coho,hatch_tag,2023-03-28,Goldstream
989.001041740348,coho,hatch_tag,2023-03-28,Goldstream
989.001041740400,coho,hatch_tag,2023-03-28,Goldstream
989.001041740452,coho,hatch_tag,2023-03-28,Goldstream
989.001041740468,coho,hatch_tag,2023-03-28,Goldstream
989.001041740543,coho,hatch_tag,2023-03-28,Goldstream
989.001041740545,coho,hatch_tag,2023-03-28,Goldstream
989.001041740551,coho,hatch_tag,2023-03-28,Goldstream
989.001041740556,coho,hatch_tag,2023-03-28,Goldstream
989.001041740615,coho,hatch_tag,2023-03-28,Goldstream
989.001041740617,coho,hatch_tag,2023-03-28,Goldstream
989.001041740624,coho,hatch_tag,2023-03-28,Goldstream
989.001041740657,coho,hatch_tag,2023-03-28,Goldstream
989.001041740679,coho,hatch_tag,2023-03-28,Goldstream
989.001041740719,coho,hatch_tag,2023-03-28,Goldstream
989.001041740720,coho,hatch_tag,2023-03-28,Goldstream
989.001041740750,coho,hatch_tag,2023-03-28,Goldstream
989.001041740795,coho,hatch_tag,2023-03-28,Goldstream
989.001041740800,coho,hatch_tag,2023-03-28,Goldstream
989.001041740818,coho,hatch_tag,2023-03-28,Goldstream
989.001041740847,coho,hatch_tag,2023-03-28,Goldstream
989.001041740943,coho,hatch_tag,2023-03-28,Goldstream
989.001041740944,coho,hatch_tag,2023-03-28,Goldstream
989.001041740963,coho,hatch_tag,2023-03-28,Goldstream
989.001041740979,coho,hatch_tag,2023-03-28,Goldstream
989.001041741028,coho,hatch_tag,2023-03-28,Goldstream
989.001041741104,coho,hatch_tag,2023-03-28,Goldstream
989.001041741113,coho,hatch_tag,2023-03-28,Goldstream
989.001041741125,coho,hatch_tag,2023-03-28,Goldstream
989.001041741131,coho,hatch_tag,2023-03-28,Goldstream
989.001041741145,coho,hatch_tag,2023-03-28,Goldstream
989.001041741146,coho,hatch_tag,2023-03-28,Goldstream
989.001041741219,coho,hatch_tag,2023-03-28,Goldstream
989.001041741231,coho,hatch_tag,2023-03-28,Goldstream
989.001041741251,coho,hatch_tag,2023-03-28,Goldstream
989.001041741257,coho,hatch_tag,2023-03-28,Goldstream
989.001041741260,coho,hatch_tag,2023-03-28,Goldstream
989.001041741323,chinook,microtroll,2022-09-15,Nanaimo fall
989.001041741325,chinook,microtroll,2022-09-15,Cowichan
989.001041741394,chinook,microtroll,2022-09-15,Big Qualicum
989.001041741489,chinook,microtroll,2023-10-28,Big Qualicum
989.001041741549,chinook,microtroll,2022-09-22,Cowichan
989.001041741754,coho,hatch_tag,2022-01-25,millstone
989.001041742105,chinook,microtroll,2022-10-18,Little Qualicum
989.001041742113,chinook,microtroll,2022-10-18,Nanaimo fall
989.001041742239,coho,hatch_tag,2022-01-25,millstone
989.001041742398,chinook,microtroll,2022-09-01,Cowichan
989.001041742406,chinook,microtroll,2022-09-08,Cowichan
989.001041742521,none,microtroll,2022-09-20,
989.001041742590,chinook,microtroll,2022-09-20,Cowichan
989.001041742593,coho,microtroll,2022-09-20,
989.001041742735,coho,hatch_tag,2022-01-25,millstone
989.001041742793,coho,hatch_tag,2022-01-25,millstone
989.001041742919,chinook,microtroll,2022-10-13,Cowichan
989.001041743111,chinook,microtroll,2023-01-19,Nanaimo fall
989.001041743113,chinook,microtroll,2022-12-05,Big Qualicum
989.001041743186,chinook,microtroll,2022-12-05,Little Qualicum
989.001041743222,coho,hatch_tag,2022-01-25,millstone
989.001041743599,chinook,microtroll,2023-01-26,Cowichan
989.001041743626,chinook,microtroll,2023-01-24,Big Qualicum
989.001041743642,chinook,microtroll,2023-01-24,CHEMAINUS_RIVER
989.001041743647,chinook,microtroll,2023-01-24,Cowichan
989.001041743651,chinook,microtroll,2023-02-02,Nanaimo fall
989.001041743676,chinook,microtroll,2022-11-16,Puntledge fall
989.001041743680,chinook,microtroll,2023-01-24,Nanaimo fall
989.001041743686,chinook,microtroll,2023-01-24,Cowichan
989.001041743799,chinook,microtroll,2022-12-28,Nanaimo fall
989.001041743820,chinook,microtroll,2022-11-27,
989.001041743822,chinook,microtroll,2022-12-17,Puntledge fall
989.001041743843,chinook,microtroll,2022-12-17,Puntledge fall
989.001041743846,chinook,microtroll,2022-11-16,Nanaimo fall
989.001041743856,chinook,microtroll,2022-11-01,Big Qualicum
989.001041743868,chinook,microtroll,2022-10-19,Little Qualicum
989.001041743884,chinook,microtroll,2022-11-01,Cowichan
989.001041743888,chinook,microtroll,2022-10-19,Quinsam
989.001041743900,chinook,river,2022-06-23,Nanaimo fall
989.001041743999,chinook,microtroll,2022-10-18,Nanaimo fall
989.001041744038,chinook,microtroll,2022-10-18,Nanaimo fall
989.001041744039,chinook,microtroll,2022-10-18,Nanaimo fall
989.001041744204,coho,hatch_tag,2022-01-25,millstone
989.001041744229,coho,hatch_tag,2022-01-25,millstone
989.001041744655,chinook,microtroll,2024-03-05,Cowichan
989.001041744678,chinook,microtroll,2024-02-22,Cowichan
989.001041745077,cutthroat trout,estuary,2022-06-22,Puntledge
989.001041745104,chinook,microtroll,2022-10-20,Nanaimo fall
989.001041745146,chinook,microtroll,2022-10-20,Cowichan
989.001041745170,chinook,microtroll,2022-10-20,Cowichan
989.001041745185,chinook,microtroll,2022-10-20,Cowichan
989.001041745506,chinook,microtroll,2022-10-04,Little Qualicum
989.001041745513,chinook,microtroll,2022-10-04,Cowichan
989.001041745541,chinook,microtroll,2022-10-04,Nanaimo fall
989.001041745642,chinook,microtroll,2022-10-06,Cowichan
989.001041745667,chinook,microtroll,2022-10-06,Cowichan
989.001041745683,chinook,microtroll,2022-10-11,Cowichan
989.001041745696,chinook,microtroll,2022-10-11,Cowichan
989.001041745797,coho,hatch_tag,2022-01-25,millstone
989.001041746308,coho,hatch_tag,2022-12-20,Quinsam
989.001041746312,coho,hatch_tag,2022-12-20,Quinsam
989.001041746341,coho,hatch_tag,2022-12-20,Quinsam
989.001041746422,coho,hatch_tag,2022-12-20,Quinsam
989.001041746428,coho,hatch_tag,2022-12-20,Quinsam
989.001041746458,coho,hatch_tag,2022-12-20,Quinsam
989.001041746468,coho,hatch_tag,2022-12-20,Quinsam
989.001041746491,coho,hatch_tag,2022-12-20,Quinsam
989.001041746504,coho,hatch_tag,2022-12-20,Quinsam
989.001041746514,coho,hatch_tag,2022-12-20,Quinsam
989.001041746519,coho,hatch_tag,2022-12-20,Quinsam
989.001041746521,coho,hatch_tag,2022-12-20,Quinsam
989.001041746531,coho,hatch_tag,2022-12-20,Quinsam
989.001041746533,coho,hatch_tag,2022-12-20,Quinsam
989.001041746534,coho,hatch_tag,2022-12-20,Quinsam
989.001041746535,coho,hatch_tag,2022-12-20,Quinsam
989.001041746537,coho,hatch_tag,2022-12-20,Quinsam
989.001041746543,coho,hatch_tag,2022-12-20,Quinsam
989.001041746551,coho,hatch_tag,2022-12-20,Quinsam
989.001041746595,coho,hatch_tag,2022-12-20,Quinsam
989.001041746596,coho,hatch_tag,2022-12-20,Quinsam
989.001041746597,coho,hatch_tag,2022-12-20,Quinsam
989.001041746602,coho,hatch_tag,2022-12-20,Quinsam
989.001041746609,coho,hatch_tag,2022-12-20,Quinsam
989.001041746612,coho,hatch_tag,2022-12-20,Quinsam
989.001041746613,coho,hatch_tag,2022-12-20,Quinsam
989.001041746621,coho,hatch_tag,2022-12-20,Quinsam
989.001041746626,coho,hatch_tag,2022-12-20,Quinsam
989.001041746635,coho,hatch_tag,2022-12-20,Quinsam
989.001041746643,coho,hatch_tag,2022-12-20,Quinsam
989.001041746678,coho,hatch_tag,2022-12-20,Quinsam
989.001041746696,coho,hatch_tag,2022-12-20,Quinsam
989.001041746799,coho,hatch_tag,2022-12-20,Quinsam
989.001041746803,coho,hatch_tag,2022-12-20,Quinsam
989.001041746821,coho,hatch_tag,2022-12-20,Quinsam
989.001041746822,coho,hatch_tag,2022-12-20,Quinsam
989.001041746825,coho,hatch_tag,2022-12-20,Quinsam
989.001041746840,coho,hatch_tag,2022-12-20,Quinsam
989.001041746845,coho,hatch_tag,2022-12-20,Quinsam
989.001041746904,coho,hatch_tag,2022-12-20,Quinsam
989.001041746922,coho,hatch_tag,2022-12-20,Quinsam
989.001041746924,coho,hatch_tag,2022-12-20,Quinsam
989.001041746964,coho,hatch_tag,2022-12-20,Quinsam
989.001041746987,coho,hatch_tag,2022-12-20,Quinsam
989.001041746989,coho,hatch_tag,2022-12-20,Quinsam
989.001041747005,coho,hatch_tag,2022-12-20,Quinsam
989.001041747007,coho,hatch_tag,2022-12-20,Quinsam
989.001041747008,coho,hatch_tag,2022-12-20,Quinsam
989.001041747012,coho,hatch_tag,2022-12-20,Quinsam
989.001041747013,coho,hatch_tag,2022-12-20,Quinsam
989.001041747017,coho,hatch_tag,2022-12-20,Quinsam
989.001041747019,coho,hatch_tag,2022-12-20,Quinsam
989.001041747022,coho,hatch_tag,2022-12-20,Quinsam
989.001041747026,coho,hatch_tag,2022-12-20,Quinsam
989.001041747036,coho,hatch_tag,2022-12-20,Quinsam
989.001041747049,coho,hatch_tag,2022-12-20,Quinsam
989.001041747051,coho,hatch_tag,2022-12-20,Quinsam
989.001041747057,coho,hatch_tag,2022-12-20,Quinsam
989.001041747081,coho,hatch_tag,2022-12-20,Quinsam
989.001041747085,coho,hatch_tag,2022-12-20,Quinsam
989.001041747102,coho,hatch_tag,2022-12-20,Quinsam
989.001041747111,coho,hatch_tag,2022-12-20,Quinsam
989.001041747119,coho,hatch_tag,2022-12-20,Quinsam
989.001041747121,coho,hatch_tag,2022-12-20,Quinsam
989.001041747138,coho,hatch_tag,2022-12-20,Quinsam
989.001041747146,coho,hatch_tag,2022-12-20,Quinsam
989.001041747153,coho,hatch_tag,2022-12-20,Quinsam
989.001041747154,coho,hatch_tag,2022-12-20,Quinsam
989.001041747155,coho,hatch_tag,2022-12-20,Quinsam
989.001041747164,coho,hatch_tag,2022-12-20,Quinsam
989.001041747172,coho,hatch_tag,2022-12-20,Quinsam
989.001041747189,coho,hatch_tag,2022-12-20,Quinsam
989.001041747196,coho,hatch_tag,2022-12-20,Quinsam
989.001041747300,coho,hatch_tag,2022-12-20,Quinsam
989.001041747323,coho,hatch_tag,2022-12-20,Quinsam
989.001041747343,coho,hatch_tag,2022-12-20,Quinsam
989.001041747377,coho,hatch_tag,2022-12-20,Quinsam
989.001041747378,coho,hatch_tag,2022-12-20,Quinsam
989.001041747397,coho,hatch_tag,2022-12-20,Quinsam
989.001041747399,coho,hatch_tag,2022-12-20,Quinsam
989.001041747428,coho,hatch_tag,2022-12-20,Quinsam
989.001041747436,coho,hatch_tag,2022-12-20,Quinsam
989.001041747437,coho,hatch_tag,2022-12-20,Quinsam
989.001041747450,coho,hatch_tag,2022-12-20,Quinsam
989.001041747457,coho,hatch_tag,2022-12-20,Quinsam
989.001041747459,coho,hatch_tag,2022-12-20,Quinsam
989.001041747471,coho,hatch_tag,2022-12-20,Quinsam
989.001041747486,coho,hatch_tag,2022-12-20,Quinsam
989.001041747494,coho,hatch_tag,2022-12-20,Quinsam
989.001041747503,coho,hatch_tag,2022-12-20,Quinsam
989.001041747515,coho,hatch_tag,2022-12-20,Quinsam
989.001041747521,coho,hatch_tag,2022-12-20,Quinsam
989.001041747522,coho,hatch_tag,2022-12-20,Quinsam
989.001041747545,coho,hatch_tag,2022-12-20,Quinsam
989.001041747551,coho,hatch_tag,2022-12-20,Quinsam
989.001041747554,coho,hatch_tag,2022-12-20,Quinsam
989.001041747564,coho,hatch_tag,2022-12-20,Quinsam
989.001041747565,coho,hatch_tag,2022-12-20,Quinsam
989.001041747569,coho,hatch_tag,2022-12-20,Quinsam
989.001041747576,coho,hatch_tag,2022-12-20,Quinsam
989.001041747580,coho,hatch_tag,2022-12-20,Quinsam
989.001041747583,coho,hatch_tag,2022-12-20,Quinsam
989.001041747591,coho,hatch_tag,2022-12-20,Quinsam
989.001041747595,coho,hatch_tag,2022-12-20,Quinsam
989.001041747601,coho,hatch_tag,2022-12-20,Quinsam
989.001041747615,coho,hatch_tag,2022-12-20,Quinsam
989.001041747618,coho,hatch_tag,2022-12-20,Quinsam
989.001041747619,coho,hatch_tag,2022-12-20,Quinsam
989.001041747620,coho,hatch_tag,2022-12-20,Quinsam
989.001041747621,coho,hatch_tag,2022-12-20,Quinsam
989.001041747640,coho,hatch_tag,2022-12-20,Quinsam
989.001041747663,coho,hatch_tag,2022-12-20,Quinsam
989.001041747664,coho,hatch_tag,2022-12-20,Quinsam
989.001041747684,coho,hatch_tag,2022-12-20,Quinsam
989.001041747696,coho,hatch_tag,2022-12-20,Quinsam
989.001041747801,coho,hatch_tag,2022-12-20,Quinsam
989.001041747858,coho,hatch_tag,2022-12-20,Quinsam
989.001041747869,coho,hatch_tag,2022-12-20,Quinsam
989.001041747883,coho,hatch_tag,2022-12-20,Quinsam
989.001041747899,coho,hatch_tag,2022-12-20,Quinsam
989.001041747931,coho,hatch_tag,2022-12-20,Quinsam
989.001041747942,coho,hatch_tag,2022-12-20,Quinsam
989.001041747957,coho,hatch_tag,2022-12-20,Quinsam
989.001041747965,coho,hatch_tag,2022-12-20,Quinsam
989.001041747981,coho,hatch_tag,2022-12-20,Quinsam
989.001041747998,coho,hatch_tag,2022-12-20,Quinsam
989.001041748012,coho,hatch_tag,2022-12-20,Quinsam
989.001041748038,coho,hatch_tag,2022-12-20,Quinsam
989.001041748039,coho,hatch_tag,2022-12-20,Quinsam
989.001041748042,coho,hatch_tag,2022-12-20,Quinsam
989.001041748052,coho,hatch_tag,2022-12-20,Quinsam
989.001041748060,coho,hatch_tag,2022-12-20,Quinsam
989.001041748062,coho,hatch_tag,2022-12-20,Quinsam
989.001041748064,coho,hatch_tag,2022-12-20,Quinsam
989.001041748076,coho,hatch_tag,2022-12-20,Quinsam
989.001041748079,coho,hatch_tag,2022-12-20,Quinsam
989.001041748105,coho,hatch_tag,2022-12-20,Quinsam
989.001041748112,coho,hatch_tag,2022-12-20,Quinsam
989.001041748117,coho,hatch_tag,2022-12-20,Quinsam
989.001041748121,coho,hatch_tag,2022-12-20,Quinsam
989.001041748129,coho,hatch_tag,2022-12-20,Quinsam
989.001041748130,coho,hatch_tag,2022-12-20,Quinsam
989.001041748145,coho,hatch_tag,2022-12-20,Quinsam
989.001041748161,coho,hatch_tag,2022-12-20,Quinsam
989.001041748166,coho,hatch_tag,2022-12-20,Quinsam
989.001041748168,coho,hatch_tag,2022-12-20,Quinsam
989.001041748179,coho,hatch_tag,2022-12-20,Quinsam
989.001041748183,coho,hatch_tag,2022-12-20,Quinsam
989.001041748184,coho,hatch_tag,2022-12-20,Quinsam
989.001041748192,coho,hatch_tag,2022-12-20,Quinsam
989.001041748308,coho,hatch_tag,2022-12-20,Quinsam
989.001041748341,coho,hatch_tag,2022-12-20,Quinsam
989.001041748377,coho,hatch_tag,2022-12-20,Quinsam
989.001041748378,coho,hatch_tag,2022-12-20,Quinsam
989.001041748388,coho,hatch_tag,2022-12-20,Quinsam
989.001041748418,coho,hatch_tag,2022-12-20,Quinsam
989.001041748423,coho,hatch_tag,2022-12-20,Quinsam
989.001041748431,coho,hatch_tag,2022-12-20,Quinsam
989.001041748452,coho,hatch_tag,2022-12-20,Quinsam
989.001041748465,coho,hatch_tag,2022-12-20,Quinsam
989.001041748505,coho,hatch_tag,2022-12-20,Quinsam
989.001041748511,coho,hatch_tag,2022-12-20,Quinsam
989.001041748512,coho,hatch_tag,2022-12-20,Quinsam
989.001041748520,coho,hatch_tag,2022-12-20,Quinsam
989.001041748551,coho,hatch_tag,2022-12-20,Quinsam
989.001041748557,coho,hatch_tag,2022-12-20,Quinsam
989.001041748559,coho,hatch_tag,2022-12-20,Quinsam
989.001041748565,coho,hatch_tag,2022-12-20,Quinsam
989.001041748567,coho,hatch_tag,2022-12-20,Quinsam
989.001041748572,coho,hatch_tag,2022-12-20,Quinsam
989.001041748574,coho,hatch_tag,2022-12-20,Quinsam
989.001041748586,coho,hatch_tag,2022-12-20,Quinsam
989.001041748587,coho,hatch_tag,2022-12-20,Quinsam
989.001041748591,coho,hatch_tag,2022-12-20,Quinsam
989.001041748594,coho,hatch_tag,2022-12-20,Quinsam
989.001041748601,coho,hatch_tag,2022-12-20,Quinsam
989.001041748603,coho,hatch_tag,2022-12-20,Quinsam
989.001041748606,coho,hatch_tag,2022-12-20,Quinsam
989.001041748612,coho,hatch_tag,2022-12-20,Quinsam
989.001041748613,coho,hatch_tag,2022-12-20,Quinsam
989.001041748617,coho,hatch_tag,2022-12-20,Quinsam
989.001041748620,coho,hatch_tag,2022-12-20,Quinsam
989.001041748623,coho,hatch_tag,2022-12-20,Quinsam
989.001041748629,coho,hatch_tag,2022-12-20,Quinsam
989.001041748640,coho,hatch_tag,2022-12-20,Quinsam
989.001041748645,coho,hatch_tag,2022-12-20,Quinsam
989.001041748648,coho,hatch_tag,2022-12-20,Quinsam
989.001041748649,coho,hatch_tag,2022-12-20,Quinsam
989.001041748653,coho,hatch_tag,2022-12-20,Quinsam
989.001041748660,coho,hatch_tag,2022-12-20,Quinsam
989.001041748665,coho,hatch_tag,2022-12-20,Quinsam
989.001041748672,coho,hatch_tag,2022-12-20,Quinsam
989.001041748683,coho,hatch_tag,2022-12-20,Quinsam
989.001041748686,coho,hatch_tag,2022-12-20,Quinsam
989.001041748687,coho,hatch_tag,2022-12-20,Quinsam
989.001041748810,coho,hatch_tag,2022-12-20,Quinsam
989.001041748819,coho,hatch_tag,2022-12-20,Quinsam
989.001041748849,coho,hatch_tag,2022-12-20,Quinsam
989.001041748853,coho,hatch_tag,2022-12-20,Quinsam
989.001041748878,coho,hatch_tag,2022-12-20,Quinsam
989.001041748895,coho,hatch_tag,2022-12-20,Quinsam
989.001041748909,coho,hatch_tag,2022-12-20,Quinsam
989.001041748928,coho,hatch_tag,2022-12-20,Quinsam
989.001041748976,coho,hatch_tag,2022-12-20,Quinsam
989.001041748991,coho,hatch_tag,2022-12-20,Quinsam
989.001041748994,coho,hatch_tag,2022-12-20,Quinsam
989.001041749006,coho,hatch_tag,2022-12-20,Quinsam
989.001041749020,coho,hatch_tag,2022-12-20,Quinsam
989.001041749027,coho,hatch_tag,2022-12-20,Quinsam
989.001041749028,coho,hatch_tag,2022-12-20,Quinsam
989.001041749029,coho,hatch_tag,2022-12-20,Quinsam
989.001041749031,coho,hatch_tag,2022-12-20,Quinsam
989.001041749032,coho,hatch_tag,2022-12-20,Quinsam
989.001041749049,coho,hatch_tag,2022-12-20,Quinsam
989.001041749051,coho,hatch_tag,2022-12-20,Quinsam
989.001041749055,coho,hatch_tag,2022-12-20,Quinsam
989.001041749059,coho,hatch_tag,2022-12-20,Quinsam
989.001041749060,coho,hatch_tag,2022-12-20,Quinsam
989.001041749077,coho,hatch_tag,2022-12-20,Quinsam
989.001041749078,coho,hatch_tag,2022-12-20,Quinsam
989.001041749081,coho,hatch_tag,2022-12-20,Quinsam
989.001041749096,coho,hatch_tag,2022-12-20,Quinsam
989.001041749097,coho,hatch_tag,2022-12-20,Quinsam
989.001041749133,coho,hatch_tag,2022-12-20,Quinsam
989.001041749139,coho,hatch_tag,2022-12-20,Quinsam
989.001041749148,coho,hatch_tag,2022-12-20,Quinsam
989.001041749151,coho,hatch_tag,2022-12-20,Quinsam
989.001041749157,coho,hatch_tag,2022-12-20,Quinsam
989.001041749161,coho,hatch_tag,2022-12-20,Quinsam
989.001041749164,coho,hatch_tag,2022-12-20,Quinsam
989.001041749165,coho,hatch_tag,2022-12-20,Quinsam
989.001041749173,coho,hatch_tag,2022-12-20,Quinsam
989.001041749185,coho,hatch_tag,2022-12-20,Quinsam
989.001041749188,coho,hatch_tag,2022-12-20,Quinsam
989.001041749300,coho,hatch_tag,2022-12-20,Quinsam
989.001041749333,coho,hatch_tag,2022-12-20,Quinsam
989.001041749343,coho,hatch_tag,2022-12-20,Quinsam
989.001041749375,coho,hatch_tag,2022-12-20,Quinsam
989.001041749405,coho,hatch_tag,2022-12-20,Quinsam
989.001041749409,coho,hatch_tag,2022-12-20,Quinsam
989.001041749411,coho,hatch_tag,2022-12-20,Quinsam
989.001041749443,coho,hatch_tag,2022-12-20,Quinsam
989.001041749450,coho,hatch_tag,2022-12-20,Quinsam
989.001041749453,coho,hatch_tag,2022-12-20,Quinsam
989.001041749483,coho,hatch_tag,2022-12-20,Quinsam
989.001041749502,coho,hatch_tag,2022-12-20,Quinsam
989.001041749504,coho,hatch_tag,2022-12-20,Quinsam
989.001041749515,coho,hatch_tag,2022-12-20,Quinsam
989.001041749519,coho,hatch_tag,2022-12-20,Quinsam
989.001041749520,coho,hatch_tag,2022-12-20,Quinsam
989.001041749534,coho,hatch_tag,2022-12-20,Quinsam
989.001041749536,coho,hatch_tag,2022-12-20,Quinsam
989.001041749537,coho,hatch_tag,2022-12-20,Quinsam
989.001041749539,coho,hatch_tag,2022-12-20,Quinsam
989.001041749547,coho,hatch_tag,2022-12-20,Quinsam
989.001041749548,coho,hatch_tag,2022-12-20,Quinsam
989.001041749554,coho,hatch_tag,2022-12-20,Quinsam
989.001041749555,coho,hatch_tag,2022-12-20,Quinsam
989.001041749556,coho,hatch_tag,2022-12-20,Quinsam
989.001041749559,coho,hatch_tag,2022-12-20,Quinsam
989.001041749571,coho,hatch_tag,2022-12-20,Quinsam
989.001041749582,coho,hatch_tag,2022-12-20,Quinsam
989.001041749590,coho,hatch_tag,2022-12-20,Quinsam
989.001041749592,coho,hatch_tag,2022-12-20,Quinsam
989.001041749597,coho,hatch_tag,2022-12-20,Quinsam
989.001041749614,coho,hatch_tag,2022-12-20,Quinsam
989.001041749625,coho,hatch_tag,2022-12-20,Quinsam
989.001041749629,coho,hatch_tag,2022-12-20,Quinsam
989.001041749632,coho,hatch_tag,2022-12-20,Quinsam
989.001041749634,coho,hatch_tag,2022-12-20,Quinsam
989.001041749637,coho,hatch_tag,2022-12-20,Quinsam
989.001041749641,coho,hatch_tag,2022-12-20,Quinsam
989.001041749651,coho,hatch_tag,2022-12-20,Quinsam
989.001041749652,coho,hatch_tag,2022-12-20,Quinsam
989.001041749654,coho,hatch_tag,2022-12-20,Quinsam
989.001041749659,coho,hatch_tag,2022-12-20,Quinsam
989.001041749668,coho,hatch_tag,2022-12-20,Quinsam
989.001041749677,coho,hatch_tag,2022-12-20,Quinsam
989.001041749682,coho,hatch_tag,2022-12-20,Quinsam
989.001041749815,coho,hatch_tag,2022-12-20,Quinsam
989.001041749847,coho,hatch_tag,2022-12-20,Quinsam
989.001041749900,coho,hatch_tag,2022-12-20,Quinsam
989.001041749942,coho,hatch_tag,2022-12-20,Quinsam
989.001041749965,coho,hatch_tag,2022-12-20,Quinsam
989.001041749979,coho,hatch_tag,2022-12-20,Quinsam
989.001041749981,coho,hatch_tag,2022-12-20,Quinsam
989.001041749995,coho,hatch_tag,2022-12-20,Quinsam
989.001041750009,coho,hatch_tag,2022-12-20,Quinsam
989.001041750019,coho,hatch_tag,2022-12-20,Quinsam
989.001041750024,coho,hatch_tag,2022-12-20,Quinsam
989.001041750042,coho,hatch_tag,2022-12-20,Quinsam
989.001041750043,coho,hatch_tag,2022-12-20,Quinsam
989.001041750054,coho,hatch_tag,2022-12-20,Quinsam
989.001041750055,coho,hatch_tag,2022-12-20,Quinsam
989.001041750056,coho,hatch_tag,2022-12-20,Quinsam
989.001041750062,coho,hatch_tag,2022-12-20,Quinsam
989.001041750076,coho,hatch_tag,2022-12-20,Quinsam
989.001041750079,coho,hatch_tag,2022-12-20,Quinsam
989.001041750088,coho,hatch_tag,2022-12-20,Quinsam
989.001041750089,coho,hatch_tag,2022-12-20,Quinsam
989.001041750092,coho,hatch_tag,2022-12-20,Quinsam
989.001041750093,coho,hatch_tag,2022-12-20,Quinsam
989.001041750095,coho,hatch_tag,2022-12-20,Quinsam
989.001041750100,coho,hatch_tag,2022-12-20,Quinsam
989.001041750104,coho,hatch_tag,2022-12-20,Quinsam
989.001041750109,coho,hatch_tag,2022-12-20,Quinsam
989.001041750113,coho,hatch_tag,2022-12-20,Quinsam
989.001041750118,coho,hatch_tag,2022-12-20,Quinsam
989.001041750122,coho,hatch_tag,2022-12-20,Quinsam
989.001041750132,coho,hatch_tag,2022-12-20,Quinsam
989.001041750138,coho,hatch_tag,2022-12-20,Quinsam
989.001041750144,coho,hatch_tag,2022-12-20,Quinsam
989.001041750151,coho,hatch_tag,2022-12-20,Quinsam
989.001041750154,coho,hatch_tag,2022-12-20,Quinsam
989.001041750171,coho,hatch_tag,2022-12-20,Quinsam
989.001041750172,coho,hatch_tag,2022-12-20,Quinsam
989.001041750176,coho,hatch_tag,2022-12-20,Quinsam
989.001041750177,coho,hatch_tag,2022-12-20,Quinsam
989.001041750178,coho,hatch_tag,2022-12-20,Quinsam
989.001041750180,coho,hatch_tag,2022-12-20,Quinsam
989.001041750192,coho,hatch_tag,2022-12-20,Quinsam
989.001041750302,coho,hatch_tag,2022-12-20,Quinsam
989.001041750303,coho,hatch_tag,2022-12-20,Quinsam
989.001041750305,coho,hatch_tag,2022-12-20,Quinsam
989.001041750388,coho,hatch_tag,2022-12-20,Quinsam
989.001041750391,coho,hatch_tag,2022-12-20,Quinsam
989.001041750411,coho,hatch_tag,2022-12-20,Quinsam
989.001041750424,coho,hatch_tag,2022-12-20,Quinsam
989.001041750426,coho,hatch_tag,2022-12-20,Quinsam
989.001041750431,coho,hatch_tag,2022-12-20,Quinsam
989.001041750439,coho,hatch_tag,2022-12-20,Quinsam
989.001041750444,coho,hatch_tag,2022-12-20,Quinsam
989.001041750480,coho,hatch_tag,2022-12-20,Quinsam
989.001041750506,coho,hatch_tag,2022-12-20,Quinsam
989.001041750521,coho,hatch_tag,2022-12-20,Quinsam
989.001041750528,coho,hatch_tag,2022-12-20,Quinsam
989.001041750532,coho,hatch_tag,2022-12-20,Quinsam
989.001041750553,coho,hatch_tag,2022-12-20,Quinsam
989.001041750555,coho,hatch_tag,2022-12-20,Quinsam
989.001041750566,coho,hatch_tag,2022-12-20,Quinsam
989.001041750568,coho,hatch_tag,2022-12-20,Quinsam
989.001041750572,coho,hatch_tag,2022-12-20,Quinsam
989.001041750577,coho,hatch_tag,2022-12-20,Quinsam
989.001041750590,coho,hatch_tag,2022-12-20,Quinsam
989.001041750601,coho,hatch_tag,2022-12-20,Quinsam
989.001041750602,coho,hatch_tag,2022-12-20,Quinsam
989.001041750608,coho,hatch_tag,2022-12-20,Quinsam
989.001041750619,coho,hatch_tag,2022-12-20,Quinsam
989.001041750624,coho,hatch_tag,2022-12-20,Quinsam
989.001041750626,coho,hatch_tag,2022-12-20,Quinsam
989.001041750642,coho,hatch_tag,2022-12-20,Quinsam
989.001041750649,coho,hatch_tag,2022-12-20,Quinsam
989.001041750655,coho,hatch_tag,2022-12-20,Quinsam
989.001041750661,coho,hatch_tag,2022-12-20,Quinsam
989.001041750663,coho,hatch_tag,2022-12-20,Quinsam
989.001041750674,coho,hatch_tag,2022-12-20,Quinsam
989.001041750678,coho,hatch_tag,2022-12-20,Quinsam
989.001041750680,coho,hatch_tag,2022-12-20,Quinsam
989.001041750683,coho,hatch_tag,2022-12-20,Quinsam
989.001041750687,coho,hatch_tag,2022-12-20,Quinsam
989.001041750691,coho,hatch_tag,2022-12-20,Quinsam
989.001041750692,coho,hatch_tag,2022-12-20,Quinsam
989.001041750698,coho,hatch_tag,2022-12-20,Quinsam
989.001041750807,coho,hatch_tag,2022-12-20,Quinsam
989.001041750812,coho,hatch_tag,2022-12-20,Quinsam
989.001041750827,coho,hatch_tag,2022-12-20,Quinsam
989.001041750852,coho,hatch_tag,2022-12-20,Quinsam
989.001041750877,coho,hatch_tag,2022-12-20,Quinsam
989.001041750893,coho,hatch_tag,2022-12-20,Quinsam
989.001041750921,coho,hatch_tag,2022-12-20,Quinsam
989.001041750943,coho,hatch_tag,2022-12-20,Quinsam
989.001041750975,coho,hatch_tag,2022-12-20,Quinsam
989.001041750979,coho,hatch_tag,2022-12-20,Quinsam
989.001041750995,coho,hatch_tag,2022-12-20,Quinsam
989.001041751007,coho,hatch_tag,2022-12-20,Quinsam
989.001041751017,coho,hatch_tag,2022-12-20,Quinsam
989.001041751021,coho,hatch_tag,2022-12-20,Quinsam
989.001041751043,coho,hatch_tag,2022-12-20,Quinsam
989.001041751047,coho,hatch_tag,2022-12-20,Quinsam
989.001041751049,coho,hatch_tag,2022-12-20,Quinsam
989.001041751071,coho,hatch_tag,2022-12-20,Quinsam
989.001041751073,coho,hatch_tag,2022-12-20,Quinsam
989.001041751098,coho,hatch_tag,2022-12-20,Quinsam
989.001041751102,coho,hatch_tag,2022-12-20,Quinsam
989.001041751113,coho,hatch_tag,2022-12-20,Quinsam
989.001041751117,coho,hatch_tag,2022-12-20,Quinsam
989.001041751120,coho,hatch_tag,2022-12-20,Quinsam
989.001041751127,coho,hatch_tag,2022-12-20,Quinsam
989.001041751129,coho,hatch_tag,2022-12-20,Quinsam
989.001041751135,coho,hatch_tag,2022-12-20,Quinsam
989.001041751151,coho,hatch_tag,2022-12-20,Quinsam
989.001041751152,coho,hatch_tag,2022-12-20,Quinsam
989.001041751161,coho,hatch_tag,2022-12-20,Quinsam
989.001041751164,coho,hatch_tag,2022-12-20,Quinsam
989.001041751166,coho,hatch_tag,2022-12-20,Quinsam
989.001041751167,coho,hatch_tag,2022-12-20,Quinsam
989.001041751176,coho,hatch_tag,2022-12-20,Quinsam
989.001041751180,coho,hatch_tag,2022-12-20,Quinsam
989.001041751181,coho,hatch_tag,2022-12-20,Quinsam
989.001041751192,coho,hatch_tag,2022-12-20,Quinsam
989.001041751194,coho,hatch_tag,2022-12-20,Quinsam
989.001041752281,chinook,hatch_tag,2023-05-30,Nanaimo fall
989.001041752594,chinook,hatch_tag,2023-05-30,Nanaimo fall
989.001041753296,chinook,hatch_tag,2023-05-30,Nanaimo fall
989.001041754106,chinook,hatch_tag,2023-05-30,Nanaimo fall
989.001041755091,chinook,hatch_tag,2023-05-30,Nanaimo fall
989.001041756072,chinook,hatch_tag,2023-05-30,Nanaimo fall
989.001041756094,chinook,hatch_tag,2023-05-30,Nanaimo fall
989.001041756316,coho,hatch_tag,2023-03-14,Goldstream
989.001041756365,coho,hatch_tag,2023-03-14,Goldstream
989.001041756374,coho,hatch_tag,2023-03-14,Goldstream
989.001041756377,coho,hatch_tag,2023-03-14,Goldstream
989.001041756394,coho,hatch_tag,2023-03-14,Goldstream
989.001041756406,coho,hatch_tag,2023-03-14,Goldstream
989.001041756426,coho,hatch_tag,2023-03-14,Goldstream
989.001041756461,coho,hatch_tag,2023-03-14,Goldstream
989.001041756479,coho,hatch_tag,2023-03-14,Goldstream
989.001041756483,coho,hatch_tag,2023-03-14,Goldstream
989.001041756529,coho,hatch_tag,2023-03-14,Goldstream
989.001041756532,coho,hatch_tag,2023-03-14,Goldstream
989.001041756567,coho,hatch_tag,2023-03-14,Goldstream
989.001041756610,coho,hatch_tag,2023-03-14,Goldstream
989.001041756734,coho,hatch_tag,2023-03-14,Goldstream
989.001041756736,coho,hatch_tag,2023-03-14,Goldstream
989.001041756751,coho,hatch_tag,2023-03-14,Goldstream
989.001041756791,coho,hatch_tag,2023-03-14,Goldstream
989.001041756793,coho,hatch_tag,2023-03-14,Goldstream
989.001041756830,coho,hatch_tag,2023-03-14,Goldstream
989.001041756845,coho,hatch_tag,2023-03-14,Goldstream
989.001041756855,coho,hatch_tag,2023-03-14,Goldstream
989.001041756873,coho,hatch_tag,2023-03-14,Goldstream
989.001041756896,coho,hatch_tag,2023-03-14,Goldstream
989.001041756901,coho,hatch_tag,2023-03-14,Goldstream
989.001041756911,coho,hatch_tag,2023-03-14,Goldstream
989.001041756965,coho,hatch_tag,2023-03-14,Goldstream
989.001041756978,coho,hatch_tag,2023-03-14,Goldstream
989.001041756985,coho,hatch_tag,2023-03-14,Goldstream
989.001041756988,coho,hatch_tag,2023-03-14,Goldstream
989.001041757003,coho,hatch_tag,2023-03-14,Goldstream
989.001041757006,coho,hatch_tag,2023-03-14,Goldstream
989.001041757014,coho,hatch_tag,2023-03-14,Goldstream
989.001041757045,coho,hatch_tag,2023-03-14,Goldstream
989.001041757057,coho,hatch_tag,2023-03-14,Goldstream
989.001041757073,coho,hatch_tag,2023-03-14,Goldstream
989.001041757130,coho,hatch_tag,2023-03-14,Goldstream
989.001041757167,coho,hatch_tag,2023-03-14,Goldstream
989.001041757175,coho,hatch_tag,2023-03-14,Goldstream
989.001041757194,coho,hatch_tag,2023-03-14,Goldstream
989.001041757224,coho,hatch_tag,2023-03-14,Goldstream
989.001041757251,coho,hatch_tag,2023-03-14,Goldstream
989.001041757255,coho,hatch_tag,2023-03-14,Goldstream
989.001041757265,coho,hatch_tag,2023-03-14,Goldstream
989.001041757267,coho,hatch_tag,2023-03-14,Goldstream
989.001041757301,coho,hatch_tag,2023-03-14,Goldstream
989.001041757311,coho,hatch_tag,2023-03-14,Goldstream
989.001041757334,coho,hatch_tag,2023-03-14,Goldstream
989.001041757339,coho,hatch_tag,2023-03-14,Goldstream
989.001041757366,coho,hatch_tag,2023-03-14,Goldstream
989.001041757414,coho,hatch_tag,2023-03-14,Goldstream
989.001041757491,coho,hatch_tag,2023-03-14,Goldstream
989.001041757515,coho,hatch_tag,2023-03-14,Goldstream
989.001041757530,coho,hatch_tag,2023-03-14,Goldstream
989.001041757555,coho,hatch_tag,2023-03-14,Goldstream
989.001041757564,coho,hatch_tag,2023-03-14,Goldstream
989.001041757569,coho,hatch_tag,2023-03-14,Goldstream
989.001041757580,coho,hatch_tag,2023-03-14,Goldstream
989.001041757588,coho,hatch_tag,2023-03-14,Goldstream
989.001041757602,coho,hatch_tag,2023-03-14,Goldstream
989.001041757607,coho,hatch_tag,2023-03-14,Goldstream
989.001041757609,coho,hatch_tag,2023-03-14,Goldstream
989.001041757611,coho,hatch_tag,2023-03-14,Goldstream
989.001041757621,coho,hatch_tag,2023-03-14,Goldstream
989.001041757670,coho,hatch_tag,2023-03-14,Goldstream
989.001041757693,coho,hatch_tag,2023-03-14,Goldstream
989.001041757721,coho,hatch_tag,2023-03-14,Goldstream
989.001041757764,coho,hatch_tag,2023-03-14,Goldstream
989.001041757779,coho,hatch_tag,2023-03-14,Goldstream
989.001041757795,coho,hatch_tag,2023-03-14,Goldstream
989.001041757798,coho,hatch_tag,2023-03-14,Goldstream
989.001041757805,coho,hatch_tag,2023-03-14,Goldstream
989.001041757807,coho,hatch_tag,2023-03-14,Goldstream
989.001041757818,coho,hatch_tag,2023-03-14,Goldstream
989.001041757846,coho,hatch_tag,2023-03-14,Goldstream
989.001041757854,coho,hatch_tag,2023-03-14,Goldstream
989.001041757887,coho,hatch_tag,2023-03-14,Goldstream
989.001041757894,coho,hatch_tag,2023-03-14,Goldstream
989.001041757919,coho,hatch_tag,2023-03-14,Goldstream
989.001041757932,coho,hatch_tag,2023-03-14,Goldstream
989.001041757946,coho,hatch_tag,2023-03-14,Goldstream
989.001041757959,coho,hatch_tag,2023-03-14,Goldstream
989.001041758000,coho,hatch_tag,2023-03-14,Goldstream
989.001041758007,coho,hatch_tag,2023-03-14,Goldstream
989.001041758020,coho,hatch_tag,2023-03-14,Goldstream
989.001041758021,coho,hatch_tag,2023-03-14,Goldstream
989.001041758028,coho,hatch_tag,2023-03-14,Goldstream
989.001041758032,coho,hatch_tag,2023-03-14,Goldstream
989.001041758037,coho,hatch_tag,2023-03-14,Goldstream
989.001041758085,coho,hatch_tag,2023-03-14,Goldstream
989.001041758164,coho,hatch_tag,2023-03-14,Goldstream
989.001041758238,coho,hatch_tag,2023-03-14,Goldstream
989.001041758253,coho,hatch_tag,2023-03-14,Goldstream
989.001041758255,coho,hatch_tag,2023-03-14,Goldstream
989.001041758258,coho,hatch_tag,2023-03-14,Goldstream
989.001041758260,coho,hatch_tag,2023-03-14,Goldstream
989.001041758270,coho,hatch_tag,2023-03-14,Goldstream
989.001041758287,coho,hatch_tag,2023-03-14,Goldstream
989.001041758377,coho,hatch_tag,2023-03-14,Goldstream
989.001041758407,coho,hatch_tag,2023-03-14,Goldstream
989.001041758409,coho,hatch_tag,2023-03-14,Goldstream
989.001041758424,coho,hatch_tag,2023-03-14,Goldstream
989.001041758437,coho,hatch_tag,2023-03-14,Goldstream
989.001041758459,coho,hatch_tag,2023-03-14,Goldstream
989.001041758576,coho,hatch_tag,2023-03-14,Goldstream
989.001041758584,coho,hatch_tag,2023-03-14,Goldstream
989.001041758587,coho,hatch_tag,2023-03-14,Goldstream
989.001041758623,coho,hatch_tag,2023-03-14,Goldstream
989.001041758632,coho,hatch_tag,2023-03-14,Goldstream
989.001041758636,coho,hatch_tag,2023-03-14,Goldstream
989.001041758667,coho,hatch_tag,2023-03-14,Goldstream
989.001041758680,coho,hatch_tag,2023-03-14,Goldstream
989.001041758689,coho,hatch_tag,2023-03-14,Goldstream
989.001041758700,coho,hatch_tag,2023-03-14,Goldstream
989.001041758720,coho,hatch_tag,2023-03-14,Goldstream
989.001041758726,coho,hatch_tag,2023-03-14,Goldstream
989.001041758751,coho,hatch_tag,2023-03-14,Goldstream
989.001041758795,coho,hatch_tag,2023-03-14,Goldstream
989.001041758840,coho,hatch_tag,2023-03-14,Goldstream
989.001041758844,coho,hatch_tag,2023-03-14,Goldstream
989.001041758862,coho,hatch_tag,2023-03-14,Goldstream
989.001041758865,coho,hatch_tag,2023-03-14,Goldstream
989.001041758871,coho,hatch_tag,2023-03-14,Goldstream
989.001041758873,coho,hatch_tag,2023-03-14,Goldstream
989.001041758909,coho,hatch_tag,2023-03-14,Goldstream
989.001041758919,coho,hatch_tag,2023-03-14,Goldstream
989.001041758920,coho,hatch_tag,2023-03-14,Goldstream
989.001041758930,coho,hatch_tag,2023-03-14,Goldstream
989.001041758939,coho,hatch_tag,2023-03-14,Goldstream
989.001041758960,coho,hatch_tag,2023-03-14,Goldstream
989.001041758978,coho,hatch_tag,2023-03-14,Goldstream
989.001041758979,coho,hatch_tag,2023-03-14,Goldstream
989.001041759002,coho,hatch_tag,2023-03-14,Goldstream
989.001041759048,coho,hatch_tag,2023-03-14,Goldstream
989.001041759064,coho,hatch_tag,2023-03-14,Goldstream
989.001041759076,coho,hatch_tag,2023-03-14,Goldstream
989.001041759142,coho,hatch_tag,2023-03-14,Goldstream
989.001041759151,coho,hatch_tag,2023-03-14,Goldstream
989.001041759215,coho,hatch_tag,2023-03-14,Goldstream
989.001041759218,coho,hatch_tag,2023-03-14,Goldstream
989.001041759273,coho,hatch_tag,2023-03-14,Goldstream
989.001041759307,coho,hatch_tag,2023-03-14,Goldstream
989.001041759313,coho,hatch_tag,2023-03-14,Goldstream
989.001041759337,coho,hatch_tag,2023-03-14,Goldstream
989.001041759343,coho,hatch_tag,2023-03-14,Goldstream
989.001041759404,coho,hatch_tag,2023-03-14,Goldstream
989.001041759436,coho,hatch_tag,2023-03-14,Goldstream
989.001041759463,coho,hatch_tag,2023-03-14,Goldstream
989.001041759492,coho,hatch_tag,2023-03-14,Goldstream
989.001041759552,coho,hatch_tag,2023-03-14,Goldstream
989.001041759594,coho,hatch_tag,2023-03-14,Goldstream
989.001041759711,chinook,microtroll,2023-03-29,Cowichan
989.001041759712,chinook,microtroll,2022-10-18,Little Qualicum
989.001041759826,chinook,microtroll,2023-01-22,Puntledge fall
989.001041760240,chinook,microtroll,2022-10-06,Nanaimo fall
989.001041760245,chinook,microtroll,2022-10-12,Cowichan
989.001041760517,chinook,microtroll,2022-09-06,Nanaimo fall
989.001041760520,chinook,microtroll,2022-09-07,Little Qualicum
989.001041760542,chinook,microtroll,2022-09-07,Cowichan
989.001041760548,chinook,microtroll,2022-09-07,Cowichan
989.001041760555,chinook,microtroll,2022-09-06,Cowichan
989.001041760558,chinook,microtroll,2022-09-06,Cowichan
989.001041916781,coho,river,2022-05-11,Cowichan
989.001041916821,coho,river,2022-05-09,Cowichan
989.001041916838,coho,river,2022-05-09,Cowichan
989.001041916855,coho,river,2022-05-11,Cowichan
989.001041916926,coho,river,2022-05-07,Cowichan
989.001041916957,coho,river,2022-05-07,Cowichan
989.001041917015,coho,river,2022-05-11,Cowichan
989.001041917053,coho,river,2022-05-11,Cowichan
989.001041917058,coho,river,2022-05-11,Cowichan
989.001041917066,chinook,river,2022-05-11,Cowichan
989.001041917093,coho,river,2022-05-06,Cowichan
989.001041917138,coho,river,2022-05-06,Cowichan
989.001041917179,coho,river,2022-05-11,Cowichan
989.001041917187,coho,river,2022-05-13,Cowichan
989.001041917201,coho,river,2022-05-13,Cowichan
989.001041917235,chinook,river,2022-05-11,Cowichan
989.001041917296,coho,river,2022-06-01,Cowichan
989.001041917313,chinook,river,2022-05-31,Cowichan
989.001041917376,coho,river,2022-05-31,Cowichan
989.001041917419,coho,river,2022-06-02,Cowichan
989.001041917459,chinook,river,2022-06-02,Cowichan
989.001041917478,coho,river,2022-05-07,Cowichan
989.001041917491,coho,river,2022-05-07,Cowichan
989.001041917555,coho,river,2022-05-07,Cowichan
989.001041917599,coho,river,2022-06-03,Cowichan
989.001041917604,coho,river,2022-06-03,Cowichan
989.001041917618,chinook,river,2022-06-03,Cowichan
989.001041917619,coho,river,2022-06-02,Cowichan
989.001041917632,chinook,river,2022-06-03,Cowichan
989.001041917690,coho,river,2022-05-06,Cowichan
989.001041917703,coho,river,2022-05-06,Cowichan
989.001041917713,chinook,river,2022-05-07,Cowichan
989.001041917735,coho,river,2022-05-07,Cowichan
989.001041917765,coho,river,2022-05-07,Cowichan
989.001041917854,chinook,river,2022-06-01,Cowichan
989.001041917909,coho,river,2022-06-02,Cowichan
989.001041917940,chinook,river,2022-06-02,Cowichan
989.001041917962,coho,river,2022-06-02,Cowichan
989.001041917981,chinook,river,2022-06-03,Cowichan
989.001041918004,chinook,river,2022-06-03,Cowichan
989.001041918007,coho,river,2022-06-03,Cowichan
989.001041918032,coho,river,2022-06-03,Cowichan
989.001041918033,chinook,river,2022-06-03,Cowichan
989.001041918063,chinook,river,2022-06-03,Cowichan
989.001041918077,chinook,river,2022-06-03,Cowichan
989.001041918132,coho,river,2022-05-11,Cowichan
989.001041918159,coho,river,2022-05-11,Cowichan
989.001041918198,coho,river,2022-05-11,Cowichan
989.001041918222,coho,river,2022-05-11,Cowichan
989.001041918224,coho,river,2022-05-11,Cowichan
989.001041918235,coho,river,2022-05-11,Cowichan
989.001041918239,coho,river,2022-05-11,Cowichan
989.001041918311,chinook,river,2022-06-04,Cowichan
989.001041918327,chinook,river,2022-06-03,Cowichan
989.001041918344,chinook,river,2022-06-04,Cowichan
989.001041918352,chinook,river,2022-06-03,Cowichan
989.001041918364,coho,river,2022-06-03,Cowichan
989.001041918430,coho,river,2022-06-03,Cowichan
989.001041918439,coho,river,2022-06-03,Cowichan
989.001041918448,chinook,river,2022-06-03,Cowichan
989.001041918485,coho,river,2022-06-04,Cowichan
989.001041918519,chinook,river,2022-06-04,Cowichan
989.001041918529,chinook,river,2022-06-04,Cowichan
989.001041918574,chinook,river,2022-06-04,Cowichan
989.001041918606,chinook,river,2022-06-02,Cowichan
989.001041918611,coho,river,2022-06-02,Cowichan
989.001041918697,coho,river,2022-05-09,Cowichan
989.001041918702,coho,river,2022-05-09,Cowichan
989.001041918707,coho,river,2022-05-09,Cowichan
989.001041918710,coho,river,2022-05-09,Cowichan
989.001041918772,coho,river,2022-05-09,Cowichan
989.001041918802,chinook,river,2022-06-05,Cowichan
989.001041918831,chinook,river,2022-06-05,Cowichan
989.001041918845,chinook,river,2022-06-05,Cowichan
989.001041918892,coho,river,2022-06-05,Cowichan
989.001041918896,chinook,river,2022-06-06,Cowichan
989.001041918930,coho,river,2022-06-05,Cowichan
989.001041918979,chinook,river,2022-06-06,Cowichan
989.001041918984,chinook,river,2022-06-06,Cowichan
989.001041919014,coho,river,2022-06-06,Cowichan
989.001041919154,chinook,river,2022-06-04,Cowichan
989.001041919205,chinook,river,2022-06-05,Cowichan
989.001041919209,chinook,river,2022-06-05,Cowichan
989.001041919228,chinook,river,2022-06-05,Cowichan
989.001041919311,chinook,river,2022-06-05,Cowichan
989.001041919358,coho,river,2022-06-05,Cowichan
989.001041919394,chinook,river,2022-06-07,Cowichan
989.001041919435,chinook,river,2022-06-07,Cowichan
989.001041919522,chinook,river,2022-06-04,Cowichan
989.001041919538,coho,river,2022-06-04,Cowichan
989.001041919542,coho,river,2022-06-04,Cowichan
989.001041919545,chinook,river,2022-06-04,Cowichan
989.001041919605,chinook,river,2022-06-07,Cowichan
989.001041919608,coho,river,2022-06-07,Cowichan
989.001041919732,coho,river,2022-06-05,Cowichan
989.001041919774,chinook,river,2022-06-05,Cowichan
989.001041989355,chinook,hatch_tag,2022-05-10,Nanaimo summer
989.001041989670,chinook,hatch_tag,2022-05-10,Nanaimo summer
989.001041990295,chinook,hatch_tag,2022-05-10,Nanaimo summer
989.001041990408,chinook,hatch_tag,2022-05-10,Nanaimo summer
989.001041991220,chinook,hatch_tag,2022-05-10,Nanaimo summer
989.001041991359,chinook,hatch_tag,2022-05-10,Nanaimo summer
989.001041991377,chinook,hatch_tag,2022-05-10,Nanaimo summer
989.001041991995,chinook,hatch_tag,2022-05-10,Nanaimo summer
989.001041992147,chinook,hatch_tag,2022-05-10,Nanaimo summer
989.001041992157,chinook,hatch_tag,2022-05-10,Nanaimo summer
989.001041992367,chinook,hatch_tag,2022-05-10,Nanaimo summer
989.001041992418,chinook,hatch_tag,2022-05-10,Nanaimo summer
989.001041993175,chinook,hatch_tag,2022-05-10,Nanaimo summer
989.001041993270,chinook,hatch_tag,2022-05-10,Nanaimo summer
989.001041993510,chinook,hatch_tag,2022-05-10,Nanaimo summer
989.001041993767,chinook,hatch_tag,2022-05-10,Nanaimo summer
989.001041994227,chinook,hatch_tag,2022-05-10,Nanaimo summer
989.001041995077,chinook,hatch_tag,2022-04-14,Quinsam
989.001041995429,chinook,hatch_tag,2022-04-14,Quinsam
989.001041995459,chinook,hatch_tag,2022-04-14,Quinsam
989.001041997138,chinook,hatch_tag,2022-04-14,Quinsam
989.001041998845,chinook,hatch_tag,2022-04-14,Quinsam
989.001041998979,chinook,hatch_tag,2022-04-14,Quinsam
989.001041999238,chinook,hatch_tag,2022-05-10,Nanaimo fall
989.001041999297,chinook,hatch_tag,2022-05-10,Nanaimo fall
989.001041999616,chinook,hatch_tag,2022-05-10,Nanaimo fall
989.001041999710,chinook,hatch_tag,2022-05-10,Nanaimo fall
989.001041999748,chinook,hatch_tag,2022-05-10,Nanaimo fall
989.001041999776,chinook,hatch_tag,2022-05-10,Nanaimo fall
989.001041999787,chinook,hatch_tag,2022-05-10,Nanaimo fall
989.001041999814,chinook,hatch_tag,2022-05-10,Nanaimo fall
989.001041999833,chinook,hatch_tag,2022-05-10,Nanaimo fall
989.001041999936,chinook,hatch_tag,2022-05-10,Nanaimo fall
989.001041999991,chinook,hatch_tag,2022-05-10,Nanaimo fall
989.001042000034,chinook,hatch_tag,2022-05-10,Nanaimo fall
989.001042000039,chinook,hatch_tag,2022-05-10,Nanaimo fall
989.001042000055,chinook,hatch_tag,2022-05-10,Nanaimo fall
989.001042000061,chinook,hatch_tag,2022-05-10,Nanaimo fall
989.001042000158,chinook,hatch_tag,2022-05-10,Nanaimo fall
989.001042000272,chinook,hatch_tag,2022-05-10,Nanaimo fall
989.001042000277,chinook,hatch_tag,2022-05-10,Nanaimo fall
989.001042000356,chinook,hatch_tag,2022-05-10,Nanaimo fall
989.001042000368,chinook,hatch_tag,2022-05-10,Nanaimo fall
989.001042000628,chinook,hatch_tag,2022-05-10,Nanaimo fall
989.001042000666,chinook,hatch_tag,2022-05-10,Nanaimo fall
989.001042000688,chinook,hatch_tag,2022-05-10,Nanaimo fall
989.001042000734,chinook,hatch_tag,2022-05-10,Nanaimo fall
989.001042000875,chinook,hatch_tag,2022-05-10,Nanaimo fall
989.001042000986,chinook,hatch_tag,2022-05-10,Nanaimo fall
989.001042001172,chinook,hatch_tag,2022-05-10,Nanaimo fall
989.001042001291,chinook,hatch_tag,2022-05-10,Nanaimo fall
989.001042001331,chinook,hatch_tag,2022-05-10,Nanaimo fall
989.001042001338,chinook,hatch_tag,2022-05-10,Nanaimo fall
989.001042001566,chinook,hatch_tag,2022-05-10,Nanaimo fall
989.001042001596,chinook,hatch_tag,2022-05-10,Nanaimo fall
989.001042001701,chinook,hatch_tag,2022-05-10,Nanaimo fall
989.001042001822,chinook,hatch_tag,2022-05-10,Nanaimo fall
989.001042001843,chinook,hatch_tag,2022-05-10,Nanaimo fall
989.001042001974,chinook,hatch_tag,2022-05-10,Nanaimo fall
989.001042002013,chinook,hatch_tag,2022-05-10,Nanaimo fall
989.001042002186,chinook,hatch_tag,2022-05-10,Nanaimo fall
989.001042002272,chinook,hatch_tag,2022-05-10,Nanaimo fall
989.001042002312,chinook,hatch_tag,2022-05-10,Nanaimo fall
989.001042002343,chinook,hatch_tag,2022-05-10,Nanaimo fall
989.001042002346,chinook,hatch_tag,2022-05-10,Nanaimo fall
989.001042002433,chinook,hatch_tag,2022-05-10,Nanaimo fall
989.001042002799,chinook,hatch_tag,2022-05-10,Nanaimo fall
989.001042002877,chinook,hatch_tag,2022-05-10,Nanaimo fall
989.001042002891,chinook,hatch_tag,2022-05-10,Nanaimo fall
989.001042002910,chinook,hatch_tag,2022-05-10,Nanaimo fall
989.001042002990,chinook,hatch_tag,2022-05-10,Nanaimo fall
989.001042003023,chinook,hatch_tag,2022-05-10,Nanaimo fall
989.001042003030,chinook,hatch_tag,2022-05-10,Nanaimo fall
989.001042003095,chinook,hatch_tag,2022-05-10,Nanaimo fall
989.001042003102,chinook,hatch_tag,2022-05-10,Nanaimo fall
989.001042003135,chinook,hatch_tag,2022-05-10,Nanaimo fall
989.001042003136,chinook,hatch_tag,2022-05-10,Nanaimo fall
989.001042003214,chinook,hatch_tag,2022-05-10,Nanaimo fall
989.001042003427,chinook,hatch_tag,2022-05-10,Nanaimo fall
989.001042003434,chinook,hatch_tag,2022-05-10,Nanaimo fall
989.001042003496,chinook,hatch_tag,2022-05-10,Nanaimo fall
989.001042003556,chinook,hatch_tag,2022-05-10,Nanaimo fall
989.001042003678,chinook,hatch_tag,2022-05-10,Nanaimo fall
989.001042003716,chinook,hatch_tag,2022-05-10,Nanaimo fall
989.001042003717,chinook,hatch_tag,2022-05-10,Nanaimo fall
989.001042003769,chinook,hatch_tag,2022-05-10,Nanaimo fall
989.001042003785,chinook,hatch_tag,2022-05-10,Nanaimo fall
989.001042003910,chinook,hatch_tag,2022-05-10,Nanaimo fall
989.001042003948,chinook,hatch_tag,2022-05-10,Nanaimo fall
989.001042004005,chinook,hatch_tag,2022-05-10,Nanaimo fall
989.001042004031,chinook,hatch_tag,2022-05-10,Nanaimo fall
989.001042004061,chinook,hatch_tag,2022-05-10,Nanaimo fall
989.001042004069,chinook,hatch_tag,2022-05-10,Nanaimo fall
989.001042004107,chinook,hatch_tag,2022-05-10,Nanaimo fall
989.001042004225,chinook,hatch_tag,2022-05-10,Nanaimo fall
989.001042004325,chinook,river,2022-06-28,Cowichan
989.001042004508,coho,river,2022-05-20,Englishman
989.001042004523,coho,river,2022-05-20,Englishman
989.001042004553,coho,river,2022-05-18,Englishman
989.001042004563,coho,river,2022-05-18,Englishman
989.001042004593,coho,river,2022-05-18,Englishman
989.001042004601,coho,river,2022-05-18,Englishman
989.001042004604,coho,river,2022-05-18,Englishman
989.001042004609,coho,river,2022-05-18,Englishman
989.001042004624,coho,river,2022-05-18,Englishman
989.001042004626,coho,river,2022-05-18,Englishman
989.001042004631,coho,river,2022-05-18,Englishman
989.001042004640,chinook,river,2022-05-26,Nanaimo fall
989.001042004737,coho,estuary,2022-05-18,Puntledge
989.001042004757,coho,estuary,2022-05-18,Puntledge
989.001042004764,coho,estuary,2022-05-18,Puntledge
989.001042004768,cutthroat trout,estuary,2022-05-18,Puntledge
989.001042004777,coho,estuary,2022-05-18,Puntledge
989.001042004788,coho,estuary,2022-05-18,Puntledge
989.001042004806,coho,estuary,2022-05-18,Puntledge
989.001042004828,coho,estuary,2022-05-18,Puntledge
989.001042004849,coho,river,2022-05-11,Englishman
989.001042004850,coho,river,2022-05-11,Englishman
989.001042004869,coho,river,2022-05-09,Englishman
989.001042004888,coho,river,2022-05-09,Englishman
989.001042004921,coho,river,2022-05-11,Englishman
989.001042004939,coho,river,2022-05-09,Englishman
989.001042004959,coho,river,2022-05-09,Englishman
989.001042004962,coho,river,2022-05-09,Englishman
989.001042004966,coho,river,2022-05-09,Englishman
989.001042004997,coho,river,2022-05-09,Englishman
989.001042005035,coho,river,2022-05-09,Englishman
989.001042005102,coho,river,2022-05-09,Englishman
989.001042005114,coho,river,2022-05-09,Englishman
989.001042005119,coho,river,2022-05-09,Englishman
989.001042005125,coho,river,2022-05-09,Englishman
989.001042005137,coho,river,2022-05-31,Cowichan
989.001042005195,coho,river,2022-05-31,Cowichan
989.001042005318,cutthroat trout,estuary,2023-05-31,Puntledge
989.001042005348,coho,river,2022-05-26,Englishman
989.001042005365,coho,river,2022-05-26,Englishman
989.001042005396,coho,river,2022-05-26,Englishman
989.001042005405,coho,river,2022-05-26,Englishman
989.001042005416,coho,river,2022-05-24,Englishman
989.001042005437,coho,river,2022-05-16,Englishman
989.001042005460,coho,river,2022-05-16,Englishman
989.001042005497,coho,river,2022-05-18,Englishman
989.001042005511,coho,river,2022-05-18,Englishman
989.001042005593,coho,river,2022-05-13,Englishman
989.001042005595,coho,river,2022-05-13,Englishman
989.001042040767,coho,river,2022-06-08,Cowichan
989.001042040788,coho,river,2022-06-08,Cowichan
989.001042040794,chinook,river,2022-06-08,Cowichan
989.001042040800,coho,river,2022-06-08,Cowichan
989.001042040838,coho,river,2022-06-09,Cowichan
989.001042040856,chinook,river,2022-06-09,Cowichan
989.001042040881,chinook,river,2022-06-09,Cowichan
989.001042040889,coho,river,2022-06-09,Cowichan
989.001042040927,chinook,river,2022-06-09,Cowichan
989.001042040932,chinook,river,2022-06-09,Cowichan
989.001042040957,chinook,river,2022-06-11,Cowichan
989.001042041010,chinook,river,2022-06-11,Cowichan
989.001042041013,coho,river,2022-06-11,Cowichan
989.001042041039,chinook,river,2022-06-11,Cowichan
989.001042041072,chinook,river,2022-06-10,Cowichan
989.001042041112,chinook,river,2022-06-10,Cowichan
989.001042041145,chinook,river,2022-06-10,Cowichan
989.001042041163,coho,river,2022-06-13,Cowichan
989.001042041372,chinook,river,2022-06-20,Cowichan
989.001042041379,chinook,river,2022-06-20,Cowichan
989.001042041384,chinook,river,2022-06-20,Cowichan
989.001042041391,chinook,river,2022-06-20,Cowichan
989.001042041413,chinook,river,2022-06-20,Cowichan
989.001042041428,chinook,river,2022-06-20,Cowichan
989.001042041430,chinook,river,2022-06-20,Cowichan
989.001042041471,chinook,river,2022-06-15,Cowichan
989.001042041502,chinook,river,2022-06-15,Cowichan
989.001042041532,chinook,river,2022-06-15,Cowichan
989.001042041600,chinook,river,2022-06-20,Cowichan
989.001042041702,chinook,river,2022-06-22,Cowichan
989.001042041705,coho,river,2022-06-22,Cowichan
989.001042041749,chinook,river,2022-06-22,Cowichan
989.001042041760,chinook,river,2022-06-17,Cowichan
989.001042041833,chinook,river,2022-06-17,Cowichan
989.001042041836,chinook,river,2022-06-17,Cowichan
989.001042041840,chinook,river,2022-06-17,Cowichan
989.001042041850,chinook,river,2022-06-17,Cowichan
989.001042041852,coho,river,2022-06-15,Cowichan
989.001042041922,chinook,river,2022-06-15,Cowichan
989.001042041945,coho,river,2022-06-15,Cowichan
989.001042042026,chinook,river,2022-06-17,Cowichan
989.001042042058,chinook,river,2022-06-17,Cowichan
989.001042042096,coho,river,2022-06-17,Cowichan
989.001042042126,chinook,river,2022-06-17,Cowichan
989.001042042136,coho,river,2022-06-17,Cowichan
989.001042042157,chinook,river,2022-06-20,Cowichan
989.001042042171,chinook,river,2022-06-20,Cowichan
989.001042042185,chinook,river,2022-06-20,Cowichan
989.001042042186,chinook,river,2022-06-20,Cowichan
989.001042042271,chinook,river,2022-06-20,Cowichan
989.001042042278,chinook,river,2022-06-20,Cowichan
989.001042042309,chinook,river,2022-06-20,Cowichan
989.001042042386,chinook,river,2022-06-24,Cowichan
989.001042042577,chinook,river,2022-06-24,Cowichan
989.001042042627,chinook,river,2022-06-24,Cowichan
989.001042042654,chinook,river,2022-06-24,Cowichan
989.001042042675,chinook,river,2022-06-24,Cowichan
989.001042042691,chinook,river,2022-06-24,Cowichan
989.001042042739,chinook,river,2022-06-24,Cowichan
989.001042042771,coho,river,2023-04-20,Cowichan
989.001042042799,coho,river,2023-04-25,Cowichan
989.001042042837,coho,river,2023-04-26,Cowichan
989.001042042911,chinook,river,2022-06-22,Cowichan
989.001042042936,chinook,river,2022-06-22,Cowichan
989.001042042953,chinook,river,2022-06-22,Cowichan
989.001042042971,chinook,river,2022-06-22,Cowichan
989.001042043016,chinook,river,2022-06-22,Cowichan
989.001042043027,chinook,river,2022-06-22,Cowichan
989.001042043042,coho,river,2022-06-22,Cowichan
989.001042043046,chinook,river,2022-06-22,Cowichan
989.001042043066,chinook,river,2022-06-22,Cowichan
989.001042043113,chinook,river,2022-06-22,Cowichan
989.001042043119,chinook,river,2022-06-22,Cowichan
989.001042043132,chinook,river,2022-06-22,Cowichan
989.001042043212,chinook,river,2022-06-22,Cowichan
989.001042043291,chinook,river,2022-06-24,Cowichan
989.001042043366,coho,river,2023-05-26,Cowichan
989.001042043504,coho,river,2023-05-31,Cowichan
989.001042043514,coho,river,2023-05-31,Cowichan
989.001042043551,coho,river,2023-05-31,Cowichan
989.001042043626,chinook,river,2023-05-31,Cowichan
989.001042043917,chinook,river,2022-07-14,Cowichan
989.001042043978,coho,river,2023-05-10,Cowichan
989.001042044009,coho,river,2023-05-10,Cowichan
989.001042044011,coho,river,2023-05-10,Cowichan
989.001042044021,coho,river,2023-05-10,Cowichan
989.001042044028,coho,river,2023-05-10,Cowichan
989.001042044036,coho,river,2023-05-10,Cowichan
989.001042044041,coho,river,2023-05-10,Cowichan
989.001042044043,coho,river,2023-05-10,Cowichan
989.001042044071,chinook,river,2023-05-30,Cowichan
989.001042044072,coho,river,2023-05-30,Cowichan
989.001042044084,coho,river,2023-05-30,Cowichan
989.001042044146,coho,river,2023-05-30,Cowichan
989.001042044221,coho,river,2024-05-16,Cowichan
989.001042044369,chinook,river,2023-05-31,Cowichan
989.001042044370,chinook,river,2023-05-31,Cowichan
989.001042044372,coho,river,2023-05-31,Cowichan
989.001042044393,coho,river,2023-05-31,Cowichan
989.001042044458,coho,river,2023-05-17,Cowichan
989.001042044474,coho,river,2023-05-17,Cowichan
989.001042044512,coho,river,2023-05-19,Cowichan
989.001042044528,coho,river,2023-05-17,Cowichan
989.001042044564,coho,river,2023-05-15,Cowichan
989.001042044593,coho,river,2023-05-15,Cowichan
989.001042044595,coho,river,2023-05-15,Cowichan
989.001042044597,coho,river,2023-05-15,Cowichan
989.001042044604,coho,river,2023-05-15,Cowichan
989.001042044615,coho,river,2023-05-15,Cowichan
989.001042044626,coho,river,2023-05-15,Cowichan
989.001042044634,coho,river,2023-05-15,Cowichan
989.001042044643,coho,river,2023-05-15,Cowichan
989.001042044644,coho,river,2023-05-15,Cowichan
989.001042044647,coho,river,2023-05-15,Cowichan
989.001042044648,coho,river,2023-05-15,Cowichan
989.001042044749,coho,river,2023-05-31,Cowichan
989.001042044812,coho,river,2023-05-31,Cowichan
989.001042044823,chinook,river,2023-05-31,Cowichan
989.001042044836,coho,river,2023-05-31,Cowichan
989.001042044996,coho,river,2023-06-12,Cowichan
989.001042044997,coho,river,2023-05-19,Cowichan
989.001042045010,coho,river,2023-05-23,Cowichan
989.001042045011,coho,river,2023-05-19,Cowichan
989.001042045033,coho,river,2023-05-19,Cowichan
989.001042045035,coho,river,2023-05-23,Cowichan
989.001042045036,coho,river,2023-05-19,Cowichan
989.001042045037,coho,river,2023-06-12,Cowichan
989.001042045041,coho,river,2023-05-23,Cowichan
989.001042045058,coho,river,2023-05-08,Cowichan
989.001042045087,coho,river,2023-05-05,Cowichan
989.001042045105,coho,river,2023-05-08,Cowichan
989.001042045118,coho,river,2023-05-03,Cowichan
989.001042045129,coho,river,2023-05-05,Cowichan
989.001042045142,coho,river,2023-05-05,Cowichan
989.001042045166,coho,river,2023-05-10,Cowichan
989.001042045169,coho,river,2023-05-12,Cowichan
989.001042045192,coho,river,2023-05-10,Cowichan
989.001042045233,coho,river,2023-05-12,Cowichan
989.001042045239,coho,river,2023-05-12,Cowichan
989.001042045246,coho,river,2023-05-12,Cowichan
989.001042045248,coho,river,2023-05-12,Cowichan
989.001042045370,coho,river,2023-05-26,Cowichan
989.001042045375,coho,river,2023-05-26,Cowichan
989.001042045397,coho,river,2023-05-26,Cowichan
989.001042045399,coho,river,2023-05-26,Cowichan
989.001042045401,coho,river,2023-05-26,Cowichan
989.001042045406,coho,river,2023-05-26,Cowichan
989.001042045415,coho,river,2023-05-26,Cowichan
989.001042045421,coho,river,2023-05-26,Cowichan
989.001042045432,coho,river,2023-05-26,Cowichan
989.001042045443,coho,river,2023-05-26,Cowichan
989.001042045460,coho,river,2023-05-26,Cowichan
989.001042045463,coho,river,2023-05-26,Cowichan
989.001042045472,coho,river,2023-05-26,Cowichan
989.001042045480,coho,river,2023-05-26,Cowichan
989.001042045481,coho,river,2023-05-26,Cowichan
989.001042045494,coho,river,2023-05-26,Cowichan
989.001042045505,coho,river,2023-05-26,Cowichan
989.001042045532,coho,river,2023-05-26,Cowichan
989.001042045560,coho,river,2023-05-12,Cowichan
989.001042045561,coho,river,2023-05-12,Cowichan
989.001042045577,coho,river,2023-05-12,Cowichan
989.001042045582,coho,river,2023-05-12,Cowichan
989.001042045601,coho,river,2023-05-12,Cowichan
989.001042045622,coho,river,2023-05-12,Cowichan
989.001042045623,coho,river,2023-05-12,Cowichan
989.001042045629,coho,river,2023-05-12,Cowichan
989.001042045632,coho,river,2023-05-12,Cowichan
989.001042045640,coho,river,2023-05-12,Cowichan
989.001042045643,coho,river,2023-05-12,Cowichan
989.001042045652,coho,river,2023-05-12,Cowichan
989.001042045654,coho,river,2023-05-12,Cowichan
989.001042045658,coho,river,2023-05-12,Cowichan
989.001042045659,coho,river,2023-05-12,Cowichan
989.001042045661,coho,river,2023-05-12,Cowichan
989.001042045679,coho,river,2023-05-15,Cowichan
989.001042045692,coho,river,2023-05-12,Cowichan
989.001042045712,coho,river,2023-05-15,Cowichan
989.001042045720,coho,river,2023-05-15,Cowichan
989.001042045724,coho,river,2023-05-15,Cowichan
989.001042045725,coho,river,2023-05-15,Cowichan
989.001042045736,coho,river,2023-05-15,Cowichan
989.001042045748,coho,river,2023-05-15,Cowichan
989.001042045858,coho,river,2023-05-26,Cowichan
989.001042045898,coho,river,2023-05-26,Cowichan
989.001042045928,coho,river,2023-05-26,Cowichan
989.001042045952,coho,river,2023-05-26,Cowichan
989.001042045955,coho,river,2023-05-08,Cowichan
989.001042045957,coho,river,2023-05-10,Cowichan
989.001042045958,coho,river,2023-05-10,Cowichan
989.001042045979,coho,river,2023-05-08,Cowichan
989.001042046009,coho,river,2023-05-08,Cowichan
989.001042046255,coho,river,2022-06-11,Cowichan
989.001042046278,chinook,river,2022-06-11,Cowichan
989.001042046283,chinook,river,2022-06-11,Cowichan
989.001042046353,chinook,river,2022-06-10,Cowichan
989.001042046423,chinook,river,2022-06-10,Cowichan
989.001042046462,chinook,river,2022-06-09,Cowichan
989.001042046485,chinook,river,2022-06-09,Cowichan
989.001042046488,chinook,river,2022-06-09,Cowichan
989.001042046538,chinook,river,2022-06-09,Cowichan
989.001042046556,coho,river,2022-06-07,Cowichan
989.001042046657,chinook,river,2022-06-13,Cowichan
989.001042046709,chinook,river,2022-06-13,Cowichan
989.001042046736,coho,river,2022-06-13,Cowichan
989.001042046792,chinook,river,2022-06-13,Cowichan
989.001042046915,coho,river,2022-06-11,Cowichan
989.001042046954,chinook,river,2022-06-09,Cowichan
989.001042046956,coho,river,2022-06-09,Cowichan
989.001042046967,chinook,river,2022-06-09,Cowichan
989.001042047023,chinook,river,2022-06-09,Cowichan
989.001042047025,chinook,river,2022-06-09,Cowichan
989.001042047029,chinook,river,2022-06-09,Cowichan
989.001042047077,chinook,river,2022-06-07,Cowichan
989.001042047109,coho,river,2022-06-07,Cowichan
989.001042047143,coho,river,2022-06-08,Cowichan
989.001042047159,chinook,river,2022-06-07,Cowichan
989.001042047192,coho,river,2022-06-07,Cowichan
989.001042047222,coho,river,2022-06-07,Cowichan
989.001042047236,chinook,river,2022-06-07,Cowichan
989.001042047262,coho,river,2022-06-09,Cowichan
989.001042047341,chinook,river,2022-06-09,Cowichan
989.001042047449,chinook,river,2022-06-10,Cowichan
989.001042047612,chinook,river,2022-06-10,Cowichan
989.001042047620,coho,river,2022-06-10,Cowichan
989.001042047751,chinook,river,2022-06-20,Cowichan
989.001042047752,chinook,river,2022-06-17,Cowichan
989.001042047761,coho,river,2022-05-11,Englishman
989.001042047784,coho,river,2022-05-11,Englishman
989.001042047790,coho,river,2022-05-13,Englishman
989.001042047813,coho,river,2022-05-11,Englishman
989.001042047820,coho,river,2022-05-11,Englishman
989.001042047852,coho,river,2022-05-11,Englishman
989.001042047904,coho,river,2022-05-13,Englishman
989.001042048005,coho,estuary,2022-05-25,Puntledge
989.001042048058,coho,river,2022-05-19,black creek
989.001042048090,coho,river,2022-05-19,black creek
989.001042048113,coho,river,2022-05-19,black creek
989.001042048114,coho,river,2022-05-19,black creek
989.001042048124,coho,river,2022-05-19,black creek
989.001042048144,coho,river,2022-05-19,black creek
989.001042048152,coho,river,2022-05-19,black creek
989.001042048161,coho,estuary,2022-05-30,Puntledge
989.001042048167,coho,estuary,2022-05-30,Puntledge
989.001042048175,coho,estuary,2022-05-30,Puntledge
989.001042048185,coho,estuary,2022-05-30,Puntledge
989.001042048192,coho,estuary,2022-05-20,Puntledge
989.001042048222,coho,estuary,2022-05-30,Puntledge
989.001042048352,coho,river,2022-05-13,Englishman
989.001042048418,coho,river,2022-05-31,Cowichan
989.001042048422,coho,river,2022-05-31,Cowichan
989.001042048434,coho,river,2022-05-31,Cowichan
989.001042048462,chinook,river,2022-05-30,Cowichan
989.001042048496,chinook,river,2022-05-30,Cowichan
989.001042048633,chinook,river,2022-05-30,Cowichan
989.001042048658,chinook,river,2022-07-04,Cowichan
989.001042048698,chinook,river,2022-07-01,Cowichan
989.001042048754,chinook,river,2022-06-30,Cowichan
989.001042048823,coho,river,2022-06-03,Cowichan
989.001042048838,coho,river,2022-05-30,Cowichan
989.001042048890,coho,river,2022-05-27,Cowichan
989.001042048901,chinook,river,2022-05-30,Cowichan
989.001042048923,coho,river,2022-05-27,Cowichan
989.001042048992,coho,river,2022-05-27,Englishman
989.001042049209,coho,estuary,2022-05-20,Puntledge
989.001042049211,coho,estuary,2022-05-20,Puntledge
989.001042049217,coho,estuary,2022-05-20,Puntledge
989.001042049256,coho,estuary,2022-05-20,Puntledge
989.001042359876,chinook,hatch_tag,2023-05-10,Cowichan
989.001042359928,chinook,hatch_tag,2023-05-10,Cowichan
989.001042360028,chinook,hatch_tag,2023-05-10,Cowichan
989.001042360142,chinook,hatch_tag,2023-05-10,Cowichan
989.001042360156,chinook,hatch_tag,2023-05-10,Cowichan
989.001042360167,chinook,hatch_tag,2023-05-10,Cowichan
989.001042360187,chinook,hatch_tag,2023-05-10,Cowichan
989.001042360195,chinook,hatch_tag,2023-05-10,Cowichan
989.001042362358,chinook,hatch_tag,2023-05-10,Cowichan
989.001042362481,chinook,hatch_tag,2023-05-10,Cowichan
989.001042362496,chinook,hatch_tag,2023-05-10,Cowichan
989.001042362550,chinook,hatch_tag,2023-05-10,Cowichan
989.001042362555,chinook,hatch_tag,2023-05-10,Cowichan
989.001042362596,chinook,hatch_tag,2023-05-10,Cowichan
989.001042362625,chinook,hatch_tag,2023-05-10,Cowichan
989.001042362673,chinook,hatch_tag,2023-05-10,Cowichan
989.001042362918,chinook,hatch_tag,2023-05-10,Cowichan
989.001042362940,chinook,hatch_tag,2023-05-10,Cowichan
989.001042363119,chinook,hatch_tag,2023-05-10,Cowichan
989.001042363157,chinook,hatch_tag,2023-05-10,Cowichan
989.001042363189,chinook,hatch_tag,2023-05-10,Cowichan
989.001042363309,chinook,hatch_tag,2023-05-10,Cowichan
989.001042363454,chinook,hatch_tag,2023-05-10,Cowichan
989.001042363462,chinook,hatch_tag,2023-05-10,Cowichan
989.001042363656,chinook,hatch_tag,2023-05-10,Cowichan
989.001042364021,chinook,hatch_tag,2023-05-10,Cowichan
989.001042364138,chinook,hatch_tag,2023-05-10,Cowichan
989.001042364229,chinook,hatch_tag,2023-05-10,Cowichan
989.001042364515,chinook,hatch_tag,2023-05-10,Cowichan
989.001042364562,chinook,hatch_tag,2023-05-10,Cowichan
989.001042364566,chinook,hatch_tag,2023-05-10,Cowichan
989.001042364669,chinook,hatch_tag,2023-05-10,Cowichan
989.001042364813,chinook,hatch_tag,2023-05-10,Cowichan
989.001042365335,chinook,hatch_tag,2023-05-10,Cowichan
989.001042365388,chinook,hatch_tag,2023-05-10,Cowichan
989.001042365604,chinook,hatch_tag,2023-05-10,Cowichan
989.001042365683,chinook,hatch_tag,2023-05-10,Cowichan
989.001042365926,chinook,hatch_tag,2023-05-10,Cowichan
989.001042366057,chinook,hatch_tag,2023-05-10,Cowichan
989.001042366258,chinook,hatch_tag,2023-05-10,Cowichan
989.001042366349,chinook,hatch_tag,2023-05-10,Cowichan
989.001042509774,chinook,hatch_tag,2022-05-11,Cowichan
989.001042509782,chinook,hatch_tag,2022-05-11,Cowichan
989.001042509794,chinook,hatch_tag,2022-05-11,Cowichan
989.001042509819,chinook,hatch_tag,2022-05-11,Cowichan
989.001042509978,chinook,hatch_tag,2022-05-11,Cowichan
989.001042510017,chinook,hatch_tag,2022-05-11,Cowichan
989.001042510049,chinook,hatch_tag,2022-05-11,Cowichan
989.001042510412,chinook,hatch_tag,2022-05-11,Cowichan
989.001042510421,chinook,hatch_tag,2022-05-11,Cowichan
989.001042510531,chinook,hatch_tag,2022-05-11,Cowichan
989.001042510544,chinook,hatch_tag,2022-05-11,Cowichan
989.001042510663,chinook,hatch_tag,2022-05-11,Cowichan
989.001042510697,chinook,hatch_tag,2022-05-11,Cowichan
989.001042510893,chinook,hatch_tag,2022-05-11,Cowichan
989.001042510943,coho,river,2022-05-13,Cowichan
989.001042510944,coho,river,2022-05-13,Cowichan
989.001042510964,chinook,river,2022-05-13,Cowichan
989.001042511010,coho,river,2022-05-13,Cowichan
989.001042511020,coho,river,2022-05-13,Cowichan
989.001042511037,coho,river,2022-05-13,Cowichan
989.001042511044,chinook,hatch_tag,2022-05-11,Cowichan
989.001042511074,chinook,hatch_tag,2022-05-11,Cowichan
989.001042511145,chinook,hatch_tag,2022-05-11,Cowichan
989.001042511216,chinook,hatch_tag,2022-05-11,Cowichan
989.001042511285,chinook,hatch_tag,2022-05-11,Cowichan
989.001042511293,chinook,hatch_tag,2022-05-11,Cowichan
989.001042511415,chinook,hatch_tag,2022-05-11,Cowichan
989.001042511479,coho,river,2022-05-13,Cowichan
989.001042511516,coho,river,2022-05-13,Cowichan
989.001042511529,coho,river,2022-05-13,Cowichan
989.001042511571,chinook,hatch_tag,2022-05-11,Cowichan
989.001042511608,chinook,hatch_tag,2022-05-11,Cowichan
989.001042511634,chinook,hatch_tag,2022-05-11,Cowichan
989.001042511643,chinook,hatch_tag,2022-05-11,Cowichan
989.001042511682,chinook,hatch_tag,2022-05-11,Cowichan
989.001042511705,chinook,hatch_tag,2022-05-11,Cowichan
989.001042511732,chinook,hatch_tag,2022-05-11,Cowichan
989.001042511748,chinook,hatch_tag,2022-05-11,Cowichan
989.001042511803,chinook,hatch_tag,2022-05-11,Cowichan
989.001042511813,chinook,hatch_tag,2022-05-11,Cowichan
989.001042511829,chinook,hatch_tag,2022-05-11,Cowichan
989.001042511949,chinook,river,2022-05-31,Cowichan
989.001042511973,coho,river,2022-05-31,Cowichan
989.001042512029,coho,river,2022-05-31,Cowichan
989.001042512092,coho,river,2022-05-25,Cowichan
989.001042512151,chinook,hatch_tag,2022-05-11,Cowichan
989.001042512169,chinook,hatch_tag,2022-05-11,Cowichan
989.001042512219,chinook,hatch_tag,2022-05-11,Cowichan
989.001042512220,chinook,hatch_tag,2022-05-11,Cowichan
989.001042512233,chinook,hatch_tag,2022-05-11,Cowichan
989.001042512296,chinook,hatch_tag,2022-05-11,Cowichan
989.001042512363,chinook,hatch_tag,2022-05-11,Cowichan
989.001042512376,chinook,hatch_tag,2022-05-11,Cowichan
989.001042512382,chinook,hatch_tag,2022-05-11,Cowichan
989.001042512431,chinook,hatch_tag,2022-05-11,Cowichan
989.001042512581,chinook,hatch_tag,2022-05-11,Cowichan
989.001042512603,chinook,hatch_tag,2022-05-11,Cowichan
989.001042512637,chinook,hatch_tag,2022-05-11,Cowichan
989.001042512655,chinook,hatch_tag,2022-05-11,Cowichan
989.001042512730,chinook,hatch_tag,2022-05-11,Cowichan
989.001042512747,chinook,hatch_tag,2022-05-11,Cowichan
989.001042512935,chinook,hatch_tag,2022-05-11,Cowichan
989.001042513028,chinook,hatch_tag,2022-05-11,Cowichan
989.001042513069,chinook,hatch_tag,2022-05-11,Cowichan
989.001042513202,chinook,hatch_tag,2022-05-11,Cowichan
989.001042513342,chinook,hatch_tag,2022-05-11,Cowichan
989.001042513418,chinook,hatch_tag,2022-05-11,Cowichan
989.001042513455,chinook,hatch_tag,2022-05-11,Cowichan
989.001042513663,chinook,hatch_tag,2022-05-11,Cowichan
989.001042513699,chinook,hatch_tag,2022-05-11,Cowichan
989.001042513784,chinook,hatch_tag,2022-05-11,Cowichan
989.001042513859,chinook,hatch_tag,2022-05-11,Cowichan
989.001042513878,chinook,hatch_tag,2022-05-11,Cowichan
989.001042513982,chinook,hatch_tag,2022-05-11,Cowichan
989.001042514062,chinook,hatch_tag,2022-05-11,Cowichan
989.001042514223,chinook,hatch_tag,2022-05-11,Cowichan
989.001042514360,chinook,hatch_tag,2022-05-11,Cowichan
989.001042514391,chinook,hatch_tag,2022-05-11,Cowichan
989.001042514402,chinook,hatch_tag,2022-05-11,Cowichan
989.001042514989,chinook,hatch_tag,2022-05-11,Cowichan
989.001042515123,chinook,hatch_tag,2022-05-11,Cowichan
989.001042515127,chinook,hatch_tag,2022-05-11,Cowichan
989.001042515204,coho,river,2022-05-03,Cowichan
989.001042515212,coho,river,2022-05-03,Cowichan
989.001042515275,coho,river,2022-05-05,Cowichan
989.001042515321,coho,river,2022-05-05,Cowichan
989.001042515364,coho,river,2022-05-09,Cowichan
989.001042515370,coho,river,2022-05-09,Cowichan
989.001042515415,coho,river,2022-05-09,Cowichan
989.001042515421,coho,river,2022-05-09,Cowichan
989.001042515496,chinook,hatch_tag,2022-05-11,Cowichan
989.001042515540,chinook,hatch_tag,2022-05-11,Cowichan
989.001042516046,coho,river,2022-05-09,Cowichan
989.001042516070,coho,river,2022-05-09,Cowichan
989.001042516081,coho,river,2022-05-09,Cowichan
989.001042516083,coho,river,2022-05-09,Cowichan
989.001042516091,coho,river,2022-05-09,Cowichan
989.001042516104,coho,river,2022-05-09,Cowichan
989.001042516286,chinook,hatch_tag,2022-05-11,Cowichan
989.001042516298,chinook,hatch_tag,2022-05-11,Cowichan
989.001042516458,chinook,river,2022-06-01,Cowichan
989.001042516482,chinook,river,2022-06-01,Cowichan
989.001042516548,coho,river,2022-06-01,Cowichan
989.001042516572,coho,river,2022-06-01,Cowichan
989.001042516575,chinook,river,2022-06-01,Cowichan
989.001042516576,chinook,river,2022-06-01,Cowichan
989.001042516615,chinook,river,2022-06-01,Cowichan
989.001042516632,chinook,river,2022-06-01,Cowichan
989.001042516690,chinook,hatch_tag,2022-05-11,Cowichan
989.001042516718,chinook,hatch_tag,2022-05-11,Cowichan
989.001042808687,coho,river,2023-05-08,Englishman
989.001042808693,coho,river,2023-05-08,Englishman
989.001042808704,coho,river,2023-05-08,Englishman
989.001042808719,coho,river,2023-05-08,Englishman
989.001042808724,coho,river,2023-05-08,Englishman
989.001042808727,coho,river,2023-05-08,Englishman
989.001042808732,coho,river,2023-05-08,Englishman
989.001042808734,coho,river,2023-05-08,Englishman
989.001042808743,coho,river,2023-05-08,Englishman
989.001042808753,coho,river,2023-05-08,Englishman
989.001042808759,coho,river,2023-05-08,Englishman
989.001042808768,coho,river,2023-05-08,Englishman
989.001042808771,coho,river,2023-05-08,Englishman
989.001042808777,coho,river,2023-05-08,Englishman
989.001042808788,coho,river,2023-05-15,Englishman
989.001042808795,coho,river,2023-05-15,Englishman
989.001042808796,coho,river,2023-05-15,Englishman
989.001042808813,coho,river,2023-05-15,Englishman
989.001042808819,coho,river,2023-05-15,Englishman
989.001042808842,coho,river,2023-05-15,Englishman
989.001042808856,coho,river,2023-05-15,Englishman
989.001042808857,coho,river,2023-05-15,Englishman
989.001042808864,coho,river,2023-05-15,Englishman
989.001042808866,coho,river,2023-05-15,Englishman
989.001042808882,coho,river,2023-05-15,Englishman
989.001042809094,coho,river,2023-05-10,Cowichan
989.001042809132,coho,river,2023-05-22,Cowichan
989.001042809185,coho,river,2023-05-10,Englishman
989.001042809186,coho,river,2023-05-10,Englishman
989.001042809212,coho,river,2023-05-09,Englishman
989.001042809228,coho,river,2023-05-10,Englishman
989.001042809239,coho,river,2023-05-10,Englishman
989.001042809253,coho,river,2023-05-10,Englishman
989.001042809262,coho,river,2023-05-09,Englishman
989.001042809268,coho,river,2023-05-10,Englishman
989.001042809273,coho,river,2023-05-10,Englishman
989.001042809275,coho,river,2023-05-10,Englishman
989.001042809286,coho,river,2023-05-17,Englishman
989.001042809291,coho,river,2023-05-17,Englishman
989.001042809292,coho,river,2023-05-17,Englishman
989.001042809313,coho,river,2023-05-17,Englishman
989.001042809314,coho,river,2023-05-17,Englishman
989.001042809368,coho,river,2023-05-17,Englishman
989.001042809371,coho,river,2023-05-17,Englishman
989.001042809372,coho,river,2023-05-17,Englishman
989.001042809378,coho,river,2023-05-17,Englishman
989.001042809380,coho,river,2023-05-17,Englishman
989.001042809393,coho,river,2023-06-01,black creek
989.001042809416,coho,river,2023-06-01,black creek
989.001042809425,coho,river,2023-06-01,black creek
989.001042809451,coho,river,2023-06-01,black creek
989.001042809455,coho,river,2023-06-01,black creek
989.001042809487,coho,estuary,2023-05-19,Puntledge
989.001042809516,cutthroat trout,estuary,2023-05-26,Puntledge
989.001042809538,cutthroat trout,estuary,2023-05-26,Puntledge
989.001042809562,cutthroat trout,estuary,2023-05-26,Puntledge
989.001042809564,cutthroat trout,estuary,2023-05-26,Puntledge
989.001042809692,coho,river,2023-05-12,Englishman
989.001042809693,coho,river,2023-05-12,Englishman
989.001042809696,coho,river,2023-05-12,Englishman
989.001042809698,coho,river,2023-05-15,Englishman
989.001042809704,coho,river,2023-05-12,Englishman
989.001042809706,coho,river,2023-05-12,Englishman
989.001042809711,coho,river,2023-05-15,Englishman
989.001042809715,coho,river,2023-05-12,Englishman
989.001042809725,coho,river,2023-05-15,Englishman
989.001042809727,coho,river,2023-05-12,Englishman
989.001042809728,coho,river,2023-05-12,Englishman
989.001042809734,coho,river,2023-05-15,Englishman
989.001042809747,coho,river,2023-05-12,Englishman
989.001042809759,coho,river,2023-05-12,Englishman
989.001042809769,coho,river,2023-05-12,Englishman
989.001042809771,coho,river,2023-05-12,Englishman
989.001042809773,coho,river,2023-05-12,Englishman
989.001042809779,coho,river,2023-05-12,Englishman
989.001042809796,coho,river,2023-05-18,Englishman
989.001042809805,coho,river,2023-05-18,Englishman
989.001042809813,coho,river,2023-05-18,Englishman
989.001042809822,coho,river,2023-05-18,Englishman
989.001042809829,coho,river,2023-05-18,Englishman
989.001042809836,coho,river,2023-05-18,Englishman
989.001042809848,coho,river,2023-05-17,Englishman
989.001042809865,coho,river,2023-05-18,Englishman
989.001042809867,coho,river,2023-05-18,Englishman
989.001042809876,coho,river,2023-05-18,Englishman
989.001042809927,coho,river,2024-04-24,Englishman
989.001042810014,coho,estuary,2023-05-19,Puntledge
989.001042810016,coho,estuary,2023-05-19,Puntledge
989.001042810027,coho,estuary,2023-05-19,Puntledge
989.001042810042,coho,estuary,2023-05-19,Puntledge
989.001042810045,coho,estuary,2023-05-19,Puntledge
989.001042810062,coho,estuary,2023-05-19,Puntledge
989.001042810076,coho,estuary,2023-05-19,Puntledge
989.001042810078,coho,estuary,2023-05-19,Puntledge
989.001042810105,coho,river,2023-05-16,Cowichan
989.001042810155,coho,river,2023-05-15,Cowichan
989.001042810167,coho,river,2023-05-17,Cowichan
989.001042810199,coho,river,2023-05-07,Englishman
989.001042810206,coho,river,2023-05-07,Englishman
989.001042810215,coho,river,2023-05-07,Englishman
989.001042810230,coho,river,2023-05-07,Englishman
989.001042810242,coho,river,2023-05-07,Englishman
989.001042810259,coho,river,2023-05-07,Englishman
989.001042810264,coho,river,2023-05-07,Englishman
989.001042810285,coho,river,2023-05-11,Englishman
989.001042810289,coho,river,2023-05-11,Englishman
989.001042810303,coho,river,2023-05-11,Englishman
989.001042810313,coho,river,2023-05-10,Englishman
989.001042810317,coho,river,2023-05-10,Englishman
989.001042810326,coho,river,2023-05-10,Englishman
989.001042810335,coho,river,2023-05-10,Englishman
989.001042810337,coho,river,2023-05-11,Englishman
989.001042810340,coho,river,2023-05-10,Englishman
989.001042810356,coho,river,2023-05-11,Englishman
989.001042810358,coho,river,2023-05-10,Englishman
989.001042810360,coho,river,2023-05-10,Englishman
989.001042810362,coho,river,2023-05-10,Englishman
989.001042810374,coho,river,2023-05-11,Englishman
989.001042810375,coho,river,2023-05-10,Englishman
989.001042810376,coho,river,2023-05-11,Englishman
989.001042810563,chinook,estuary,2023-06-07,Puntledge fall
989.001042810652,coho,river,2023-05-02,Cowichan
989.001042810665,coho,river,2023-04-28,Cowichan
989.001042810685,coho,river,2023-05-17,Englishman
989.001042810692,coho,river,2023-05-17,Englishman
989.001042810701,coho,river,2023-05-17,Englishman
989.001042810711,coho,river,2023-05-17,Englishman
989.001042810733,coho,river,2023-05-17,Englishman
989.001042810737,coho,river,2023-05-17,Englishman
989.001042810742,coho,river,2023-05-17,Englishman
989.001042810758,coho,river,2023-05-17,Englishman
989.001042810780,coho,river,2023-05-17,Englishman
989.001042810828,coho,river,2023-05-17,Englishman
989.001042810830,coho,river,2023-05-17,Englishman
989.001042810834,coho,river,2023-05-17,Englishman
989.001042810837,coho,river,2023-05-17,Englishman
989.001042810839,coho,river,2023-05-17,Englishman
989.001042810869,coho,river,2023-05-17,Englishman
989.001042810909,coho,river,2023-05-17,Englishman
989.001042810918,coho,river,2023-05-17,Englishman
989.001042810925,coho,river,2023-05-17,Englishman
989.001042810933,coho,river,2023-05-17,Englishman
989.001042810944,coho,river,2023-05-17,Englishman
989.001042810973,coho,river,2023-05-17,Englishman
989.001042811130,coho,river,2023-05-17,Cowichan
989.001042811137,coho,river,2023-05-18,Cowichan
989.001042811188,coho,river,2023-05-08,Englishman
989.001042811199,coho,river,2023-05-08,Englishman
989.001042811202,coho,river,2023-05-08,Englishman
989.001042811205,coho,river,2023-05-08,Englishman
989.001042811223,coho,river,2023-05-08,Englishman
989.001042811225,coho,river,2023-05-08,Englishman
989.001042811237,coho,river,2023-05-08,Englishman
989.001042811238,coho,river,2023-05-08,Englishman
989.001042811243,coho,river,2023-05-08,Englishman
989.001042811251,coho,river,2023-05-08,Englishman
989.001042811252,coho,river,2023-05-08,Englishman
989.001042811254,coho,river,2023-05-08,Englishman
989.001042811260,coho,river,2023-05-08,Englishman
989.001042811261,coho,river,2023-05-08,Englishman
989.001042811274,coho,river,2023-05-08,Englishman
989.001042811277,coho,river,2023-05-08,Englishman
989.001042811290,coho,river,2023-05-09,Englishman
989.001042811303,coho,river,2023-05-09,Englishman
989.001042811320,coho,river,2023-05-09,Englishman
989.001042811345,coho,river,2023-05-09,Englishman
989.001042811360,coho,river,2023-05-09,Englishman
989.001042811383,coho,river,2023-05-09,Englishman
989.001042811385,coho,river,2023-05-16,Englishman
989.001042811394,coho,river,2023-05-31,Englishman
989.001042811399,coho,river,2023-05-16,Englishman
989.001042811407,coho,river,2023-05-16,Englishman
989.001042811450,coho,river,2023-06-01,Nanaimo
989.001042811460,coho,river,2023-05-16,Englishman
989.001042811464,coho,river,2023-05-31,Nanaimo
989.001042811559,chinook,microtroll,2023-10-30,Cowichan
989.001042811563,chinook,microtroll,2023-10-30,Cowichan
989.001042811569,chinook,microtroll,2023-10-30,Big Qualicum
989.001042811608,coho,river,2023-05-02,Cowichan
989.001042811628,coho,river,2023-05-03,Cowichan
989.001042811687,coho,river,2023-05-10,Englishman
989.001042811696,coho,river,2023-05-10,Englishman
989.001042811699,coho,river,2023-05-10,Englishman
989.001042811704,coho,river,2023-05-10,Englishman
989.001042811707,coho,river,2023-05-10,Englishman
989.001042811712,coho,river,2023-05-10,Englishman
989.001042811754,coho,river,2023-05-10,Englishman
989.001042811775,coho,river,2023-05-10,Englishman
989.001042811790,coho,river,2023-05-12,Englishman
989.001042811801,coho,river,2023-05-11,Englishman
989.001042811809,coho,river,2023-05-12,Englishman
989.001042811814,coho,river,2023-05-12,Englishman
989.001042811825,coho,river,2023-05-11,Englishman
989.001042811849,coho,river,2023-05-11,Englishman
989.001042811850,coho,river,2023-05-12,Englishman
989.001042811854,coho,river,2023-05-11,Englishman
989.001042811860,coho,river,2023-05-11,Englishman
989.001042811863,coho,river,2023-05-11,Englishman
989.001042811865,coho,river,2023-05-11,Englishman
989.001042811871,coho,river,2023-05-11,Englishman
989.001042811884,coho,river,2023-05-18,Nanaimo
989.001042811905,coho,river,2023-05-19,Nanaimo
989.001042811961,coho,river,2023-05-19,Nanaimo
989.001042812193,coho,river,2023-05-16,Englishman
989.001042812204,coho,river,2023-05-16,Englishman
989.001042812220,coho,river,2023-05-15,Englishman
989.001042812227,coho,river,2023-05-16,Englishman
989.001042812230,coho,river,2023-05-15,Englishman
989.001042812253,coho,river,2023-05-16,Englishman
989.001042812255,coho,river,2023-05-15,Englishman
989.001042812257,coho,river,2023-05-15,Englishman
989.001042812274,coho,river,2023-05-16,Englishman
989.001042812290,coho,river,2023-05-16,Englishman
989.001042812296,coho,river,2023-05-16,Englishman
989.001042812307,coho,river,2023-05-16,Englishman
989.001042812340,coho,river,2023-05-16,Englishman
989.001042812341,coho,river,2023-05-16,Englishman
989.001042812359,coho,river,2023-05-16,Englishman
989.001042812360,coho,river,2023-05-16,Englishman
989.001042812366,coho,river,2023-05-16,Englishman
989.001042812374,coho,river,2023-05-16,Englishman
989.001042812383,coho,river,2023-05-16,Englishman
989.001042812385,coho,river,2023-05-16,Englishman
989.001042812432,coho,river,2023-05-16,Englishman
989.001042812444,coho,river,2023-05-16,Englishman
989.001042812446,coho,river,2023-05-16,Englishman
989.001042812467,coho,river,2023-05-16,Englishman
989.001042812478,coho,river,2023-05-16,Englishman
989.001042812486,cutthroat trout,estuary,2023-05-31,Puntledge
989.001042812513,coho,estuary,2023-05-31,Puntledge
989.001042812531,cutthroat trout,estuary,2023-05-31,Puntledge
989.001042812560,cutthroat trout,estuary,2023-05-31,Puntledge
989.001042812563,cutthroat trout,estuary,2023-05-31,Puntledge
989.001042812568,chinook,estuary,2023-05-31,Puntledge fall
989.001042812576,chinook,estuary,2023-05-31,Puntledge fall
989.001042812593,coho,river,2023-05-15,Cowichan
989.001042812601,coho,river,2023-05-11,Cowichan
989.001042812638,coho,river,2023-05-11,Cowichan
989.001042812680,coho,river,2023-05-10,Cowichan
989.001042812693,coho,river,2023-05-18,black creek
989.001042812700,coho,river,2023-05-18,black creek
989.001042812702,coho,river,2023-05-18,black creek
989.001042812716,coho,river,2023-05-18,black creek
989.001042812745,coho,river,2023-05-18,black creek
989.001042812749,coho,river,2023-05-18,black creek
989.001042812767,coho,river,2023-05-18,black creek
989.001042812794,coho,river,2023-05-16,Nanaimo
989.001042812835,coho,river,2023-05-15,Nanaimo
989.001042812889,coho,river,2023-05-19,Englishman
989.001042812985,coho,river,2023-05-18,Englishman
989.001042813001,coho,river,2023-05-18,Englishman
989.001042813022,coho,river,2023-05-18,Englishman
989.001042813025,coho,river,2023-05-18,Englishman
989.001042813040,coho,river,2023-05-18,Englishman
989.001042813044,coho,river,2023-05-18,Englishman
989.001042813053,coho,river,2023-05-18,Englishman
989.001042813170,coho,river,2023-05-01,Cowichan
989.001042813212,coho,river,2023-05-08,Englishman
989.001042813217,coho,river,2023-05-08,Englishman
989.001042813225,coho,river,2023-05-08,Englishman
989.001042813227,coho,river,2023-05-08,Englishman
989.001042813231,coho,river,2023-05-08,Englishman
989.001042813232,coho,river,2023-05-08,Englishman
989.001042813234,coho,river,2023-05-08,Englishman
989.001042813235,coho,river,2023-05-08,Englishman
989.001042813237,coho,river,2023-05-07,Englishman
989.001042813260,coho,river,2023-05-07,Englishman
989.001042813261,coho,river,2023-05-07,Englishman
989.001042813262,coho,river,2023-05-07,Englishman
989.001042813272,coho,river,2023-05-08,Englishman
989.001042813276,coho,river,2023-05-08,Englishman
989.001042813282,coho,river,2023-05-07,Englishman
989.001042813293,coho,river,2023-05-11,Englishman
989.001042813316,coho,river,2023-05-11,Englishman
989.001042813322,coho,river,2023-05-11,Englishman
989.001042813324,coho,river,2023-05-11,Englishman
989.001042813329,coho,river,2023-05-11,Englishman
989.001042813330,coho,river,2023-05-11,Englishman
989.001042813336,coho,river,2023-05-11,Englishman
989.001042813338,coho,river,2023-05-11,Englishman
989.001042813343,coho,river,2023-05-11,Englishman
989.001042813346,coho,river,2023-05-11,Englishman
989.001042813356,coho,river,2023-05-11,Englishman
989.001042813359,coho,river,2023-05-11,Englishman
989.001042813360,coho,river,2023-05-11,Englishman
989.001042813367,coho,river,2023-05-11,Englishman
989.001042813382,coho,river,2023-05-11,Englishman
989.001042813491,coho,river,2023-05-18,Englishman
989.001042813512,coho,river,2023-05-18,Englishman
989.001042813561,coho,river,2023-05-18,Englishman
989.001042813580,coho,river,2023-05-18,Englishman
989.001042813581,coho,river,2023-05-18,Englishman
989.001042814681,coho,hatch_tag,2023-08-17,Puntledge
989.001044923654,chinook,river,2023-06-05,Cowichan
989.001044923669,coho,river,2023-06-07,Cowichan
989.001044923682,chinook,river,2023-05-30,Cowichan
989.001044923845,coho,river,2023-06-05,Cowichan
989.001044924098,coho,river,2023-05-30,Cowichan
989.001044924108,coho,river,2023-06-12,Cowichan
989.001044924120,coho,river,2023-05-26,Cowichan
989.001044924137,chinook,river,2023-06-01,Cowichan
989.001044924291,coho,river,2023-05-30,Cowichan
989.001044924368,coho,river,2023-05-30,Cowichan
989.001044924434,coho,river,2023-05-30,Cowichan
989.001044924596,coho,river,2023-05-30,Cowichan
989.001044924618,chinook,river,2023-06-01,Cowichan
989.001044924632,chinook,river,2023-06-07,Cowichan
989.001044924660,coho,river,2023-05-30,Cowichan
989.001044924743,coho,river,2023-05-30,Cowichan
989.001044924813,coho,river,2023-05-30,Cowichan
989.001044924819,chinook,river,2023-06-02,Cowichan
989.001044925038,coho,river,2023-05-30,Cowichan
989.001044925075,coho,river,2023-05-30,Cowichan
989.001044925080,coho,river,2023-05-30,Cowichan
989.001044925185,chinook,river,2023-06-01,Cowichan
989.001044925262,coho,river,2023-05-26,Cowichan
989.001044925625,coho,river,2023-05-30,Cowichan
989.001044925735,chinook,river,2023-06-07,Cowichan
989.001044925751,coho,river,2023-05-30,Cowichan
989.001044925997,coho,river,2023-05-30,Cowichan
989.001044926081,chinook,river,2023-06-05,Cowichan
989.001044926282,coho,river,2023-06-01,Cowichan
989.001044926298,chinook,river,2023-06-02,Cowichan
989.001044926301,coho,river,2023-06-12,Cowichan
989.001044926319,coho,river,2023-05-26,Cowichan
989.001044926507,coho,river,2023-06-12,Cowichan
989.001044926606,coho,river,2023-06-12,Cowichan
989.001044926709,coho,river,2023-05-30,Cowichan
989.001044926850,coho,river,2023-06-12,Cowichan
989.001044926877,coho,river,2023-05-26,Cowichan
989.001044927022,coho,river,2023-06-12,Cowichan
989.001044927072,coho,river,2023-06-05,Cowichan
989.001044927289,coho,river,2023-05-30,Cowichan
989.001044927623,chinook,river,2023-06-05,Cowichan
989.001044927705,coho,river,2023-05-30,Cowichan
989.001044927791,chinook,river,2023-06-06,Cowichan
989.001044927853,chinook,river,2023-06-06,Cowichan
989.001044927944,chinook,river,2023-05-30,Cowichan
989.001044927964,coho,river,2023-05-30,Cowichan
989.001044928091,coho,river,2023-06-01,Cowichan
989.001044928197,coho,river,2023-05-26,Cowichan
989.001044928290,chinook,river,2023-06-04,Cowichan
989.001044928293,coho,river,2023-05-30,Cowichan
989.001044928414,coho,river,2023-05-26,Cowichan
989.001044928567,chinook,river,2023-06-04,Cowichan
989.001044928633,chinook,river,2023-06-01,Cowichan
989.001044928671,chinook,river,2023-06-01,Cowichan
989.001044928891,chinook,river,2023-06-02,Cowichan
989.001044928906,chinook,river,2023-06-05,Cowichan
989.001044929016,coho,river,2023-06-12,Cowichan
989.001044929026,chinook,river,2023-05-30,Cowichan
989.001044929468,chinook,river,2023-06-07,Cowichan
989.001044929516,coho,river,2023-05-26,Cowichan
989.001044929685,chinook,river,2023-06-01,Cowichan
989.001044929902,chinook,river,2023-06-02,Cowichan
989.001044930032,chinook,river,2023-06-05,Cowichan
989.001044930176,coho,river,2023-06-07,Cowichan
989.001044930281,coho,river,2023-06-12,Cowichan
989.001044930320,coho,river,2023-05-26,Cowichan
989.001044930543,coho,river,2023-06-05,Cowichan
989.001044930565,chinook,river,2023-06-05,Cowichan
989.001044930884,coho,river,2023-06-06,Cowichan
989.001044930902,chinook,river,2023-06-01,Cowichan
989.001044930907,coho,river,2023-06-12,Cowichan
989.001044930972,coho,river,2023-06-04,Cowichan
989.001044931081,coho,river,2023-05-30,Cowichan
989.001044931250,chinook,river,2023-05-26,Cowichan
989.001044931309,chinook,river,2023-06-05,Cowichan
989.001044931394,coho,river,2023-05-30,Cowichan
989.001044931438,coho,river,2023-05-30,Cowichan
989.001044931474,coho,river,2023-05-30,Cowichan
989.001044931491,chinook,river,2023-06-01,Cowichan
989.001044931542,chinook,river,2023-06-05,Cowichan
989.001044931593,coho,river,2023-05-26,Cowichan
989.001044931638,coho,river,2023-05-26,Cowichan
989.001044931664,chinook,river,2023-06-07,Cowichan
989.001044931683,coho,river,2023-05-30,Cowichan
989.001044931773,chinook,river,2023-06-05,Cowichan
989.001044931780,chinook,river,2023-06-04,Cowichan
989.001044931970,coho,river,2023-05-30,Cowichan
989.001044932315,chinook,river,2023-06-06,Cowichan
989.001044932464,coho,river,2023-05-26,Cowichan
989.001044932598,chinook,river,2023-06-04,Cowichan
989.001044932797,chinook,river,2023-06-01,Cowichan
989.001044932925,chinook,river,2023-06-06,Cowichan
989.001044932954,coho,river,2023-05-30,Cowichan
989.001044933007,coho,river,2023-05-30,Cowichan
989.001044933121,chinook,river,2023-05-30,Cowichan
989.001044933178,chinook,river,2023-06-05,Cowichan
989.001044933293,chinook,river,2023-06-04,Cowichan
989.001044933362,coho,river,2023-06-02,Cowichan
989.001044933426,chinook,river,2023-06-04,Cowichan
989.001044933508,chinook,river,2023-06-07,Cowichan
989.001044933525,chinook,river,2023-06-06,Cowichan
989.001044933566,chinook,river,2023-06-01,Cowichan
989.001045153880,chinook,microtroll,2023-10-05,Quinsam
989.001045154145,chinook,microtroll,2023-09-15,Cowichan
989.001045154152,coho,microtroll,2023-09-15,
989.001045154172,chinook,microtroll,2023-09-15,Cowichan
989.001045154193,chinook,microtroll,2023-09-15,Cowichan
989.001045154460,chinook,microtroll,2024-01-30,Cowichan
989.001045154521,none,microtroll,2023-09-13,
989.001045154535,none,microtroll,2023-09-13,
989.001045154539,chinook,microtroll,2023-09-06,Nanaimo fall
989.001045154571,coho,microtroll,2023-09-06,
989.001045154628,coho,microtroll,2023-10-31,
989.001045154632,coho,microtroll,2023-10-31,
989.001045154676,coho,microtroll,2023-10-31,
989.001045154693,coho,microtroll,2023-10-31,
989.001045155046,coho,microtroll,2023-09-13,
989.001045155088,chinook,microtroll,2023-09-14,Cowichan
989.001045155141,coho,microtroll,2023-09-18,
989.001045155176,chinook,microtroll,2023-09-18,Cowichan
989.001045155180,chinook,microtroll,2023-09-18,Cowichan
989.001045155181,chinook,microtroll,2023-09-18,Cowichan
989.001045155370,coho,river,2024-04-01,Englishman
989.001045155433,chinook,microtroll,2024-03-13,Cowichan
989.001045155451,chinook,microtroll,2024-03-13,Nanaimo fall
989.001045155459,chinook,microtroll,2024-03-15,Nanaimo fall
989.001045155514,chinook,microtroll,2024-03-13,Cowichan
989.001045155526,coho,microtroll,2023-09-11,
989.001045155603,coho,microtroll,2023-09-13,
989.001045155699,chinook,microtroll,2023-10-05,Cowichan
989.001045155885,chinook,microtroll,2024-02-04,Puntledge fall
989.001045156029,none,microtroll,2023-10-03,
989.001045156062,chinook,microtroll,2023-10-03,Cowichan
989.001045156137,chinook,microtroll,2023-10-30,Cowichan
989.001045156460,chinook,microtroll,2023-10-20,Big Qualicum
989.001045156588,coho,microtroll,2023-10-03,
989.001045156599,coho,microtroll,2023-09-13,
989.001045156614,coho,microtroll,2023-10-03,
989.001045156716,chinook,microtroll,2023-10-13,Cowichan
989.001045156918,coho,microtroll,2023-11-01,
989.001045156956,coho,microtroll,2023-10-31,
989.001045156971,coho,microtroll,2023-10-31,
989.001045156978,coho,microtroll,2023-10-31,
989.001045156981,coho,microtroll,2023-10-31,
989.001045157177,chinook,microtroll,2023-11-23,Puntledge fall
989.001045157371,chinook,river,2023-06-20,Cowichan
989.001045157556,coho,microtroll,2023-10-13,
989.001045157587,none,microtroll,2023-10-20,
989.001045157665,chinook,microtroll,2023-11-20,Cowichan
989.001045157679,coho,river,2024-04-02,Englishman
989.001045157701,chinook,microtroll,2023-11-20,Cowichan
989.001045158159,chinook,microtroll,2024-02-09,
989.001045158295,chinook,river,2023-06-14,Cowichan
989.001045158347,chinook,river,2023-06-14,Cowichan
989.001045158363,chinook,river,2023-06-14,Cowichan
989.001045158626,coho,microtroll,2023-10-31,
989.001045730938,coho,river,2024-04-23,Englishman
989.001045730961,coho,river,2024-04-23,Englishman
989.001045730983,coho,river,2024-04-23,Englishman
989.001045731046,coho,river,2024-04-19,Englishman
989.001045731111,coho,river,2024-05-01,Nanaimo
989.001045731172,coho,river,2024-05-01,Nanaimo
989.001045731201,coho,river,2024-05-01,Englishman
989.001045731379,coho,river,2024-05-02,Nanaimo
989.001045731383,coho,river,2024-05-02,Nanaimo
989.001045731799,coho,river,2024-05-01,Nanaimo
989.001045731868,coho,river,2024-05-01,Nanaimo
989.001045731869,coho,river,2024-05-01,Nanaimo
989.001045731981,coho,hatch_tag,2024-03-14,Goldstream
989.001045732141,coho,river,2024-04-10,Englishman
989.001045732413,coho,river,2024-04-08,Englishman
989.001045732497,coho,river,2024-04-19,Englishman
989.001045732733,coho,river,2024-04-30,Nanaimo
989.001045732835,coho,river,2024-05-01,Nanaimo
989.001045732867,coho,river,2024-05-01,Nanaimo
989.001045732897,coho,hatch_tag,2024-03-14,Goldstream
989.001045733117,coho,river,2024-04-23,Nanaimo
989.001045733150,coho,river,2024-04-22,Nanaimo
989.001045733355,coho,river,2024-04-26,Englishman
989.001045733565,coho,hatch_tag,2024-01-19,Quinsam
989.001045733567,coho,hatch_tag,2024-01-19,Quinsam
989.001045733670,coho,hatch_tag,2024-01-19,Quinsam
989.001045733755,coho,river,2024-04-27,Nanaimo
989.001045733807,coho,river,2024-04-29,Englishman
989.001045733833,coho,river,2024-04-30,Englishman
989.001045733881,coho,river,2024-05-01,Englishman
989.001045734112,coho,river,2024-04-29,Nanaimo
989.001045734188,coho,river,2024-04-29,Nanaimo
989.001045734264,coho,river,2024-04-29,Nanaimo
989.001045734499,coho,river,2024-04-23,Englishman
989.001045734521,coho,river,2024-04-23,Englishman
989.001045734696,coho,river,2024-04-29,Nanaimo
989.001045734758,coho,river,2024-04-29,Nanaimo
989.001045734845,coho,river,2024-04-26,Englishman
989.001045734855,coho,river,2024-04-26,Englishman
989.001045735014,coho,river,2024-04-12,Englishman
989.001045735107,coho,river,2024-04-22,Englishman
989.001045735240,coho,river,2024-04-22,Nanaimo
989.001045735282,coho,river,2024-04-17,Nanaimo
989.001045735286,coho,river,2024-04-17,Nanaimo
989.001045735694,coho,river,2024-04-22,Nanaimo
989.001045735700,coho,river,2024-04-22,Nanaimo
989.001045735736,coho,river,2024-04-22,Nanaimo
989.001045736477,coho,hatch_tag,2024-03-15,Goldstream
989.001045736517,coho,hatch_tag,2024-03-15,Goldstream
989.001045736728,coho,hatch_tag,2024-03-15,Goldstream
989.001045736739,coho,hatch_tag,2024-03-15,Goldstream
989.001045736886,coho,hatch_tag,2024-03-15,Goldstream
989.001045736907,coho,hatch_tag,2024-03-15,Goldstream
989.001045736952,coho,hatch_tag,2024-03-15,Goldstream
989.001045736977,coho,hatch_tag,2024-03-15,Goldstream
989.001045737162,coho,hatch_tag,2024-03-15,Goldstream
989.001045737271,coho,hatch_tag,2024-03-15,Goldstream
989.001045737506,coho,hatch_tag,2024-03-15,Goldstream
989.001045737550,coho,hatch_tag,2024-03-15,Goldstream
989.001045737686,coho,hatch_tag,2024-03-15,Goldstream
989.001045737909,coho,hatch_tag,2024-03-15,Goldstream
989.001045737948,coho,hatch_tag,2024-03-15,Goldstream
989.001045738156,coho,hatch_tag,2024-03-15,Goldstream
989.001045738232,coho,hatch_tag,2024-03-15,Goldstream
989.001045738256,coho,hatch_tag,2024-03-15,Goldstream
989.001045738388,coho,hatch_tag,2024-03-15,Goldstream
989.001045738609,coho,hatch_tag,2024-03-15,Goldstream
989.001045738612,coho,hatch_tag,2024-03-15,Goldstream
989.001045738670,coho,hatch_tag,2024-03-15,Goldstream
989.001045738690,coho,hatch_tag,2024-03-15,Goldstream
989.001045738862,coho,hatch_tag,2024-03-15,Goldstream
989.001045738926,coho,hatch_tag,2024-03-15,Goldstream
989.001045739070,coho,hatch_tag,2024-03-15,Goldstream
989.001045739104,coho,hatch_tag,2024-03-15,Goldstream
989.001045739312,coho,hatch_tag,2024-03-15,Goldstream
989.001045739875,coho,hatch_tag,2024-03-15,Goldstream
989.001045739992,coho,hatch_tag,2024-03-15,Goldstream
989.001045740048,coho,hatch_tag,2024-03-15,Goldstream
989.001045740073,coho,hatch_tag,2024-03-15,Goldstream
989.001045740098,coho,hatch_tag,2024-03-15,Goldstream
989.001045740137,coho,hatch_tag,2024-03-15,Goldstream
989.001045740292,coho,hatch_tag,2024-03-15,Goldstream
989.001045740316,coho,hatch_tag,2024-03-15,Goldstream
989.001045740374,coho,hatch_tag,2024-03-15,Goldstream
989.001045740388,coho,hatch_tag,2024-03-15,Goldstream
989.001045740443,coho,hatch_tag,2024-03-15,Goldstream
989.001045740516,coho,hatch_tag,2024-03-15,Goldstream
989.001045740522,coho,hatch_tag,2024-03-15,Goldstream
989.001045740736,coho,hatch_tag,2024-03-15,Goldstream
989.001045740910,chinook,microtroll,2024-03-06,Big Qualicum
989.001045740938,chinook,microtroll,2024-04-10,Cowichan
989.001045740975,chinook,microtroll,2024-03-06,Cowichan
989.001045830043,coho,hatch_tag,2023-11-09,Big Qualicum
989.001045830060,coho,hatch_tag,2023-11-09,Big Qualicum
989.001045830088,coho,hatch_tag,2023-11-09,Big Qualicum
989.001045830090,coho,hatch_tag,2023-11-09,Big Qualicum
989.001045830139,coho,hatch_tag,2023-11-09,Big Qualicum
989.001045830364,coho,hatch_tag,2023-11-09,Big Qualicum
989.001045830370,coho,hatch_tag,2023-11-09,Big Qualicum
989.001045830383,coho,hatch_tag,2023-11-09,Big Qualicum
989.001045830402,coho,hatch_tag,2023-11-09,Big Qualicum
989.001045830569,coho,hatch_tag,2023-11-09,Big Qualicum
989.001045830725,coho,hatch_tag,2023-11-09,Big Qualicum
989.001045830744,coho,hatch_tag,2023-11-09,Big Qualicum
989.001045830778,coho,hatch_tag,2023-11-09,Big Qualicum
989.001045830781,coho,hatch_tag,2023-11-09,Big Qualicum
989.001045830840,coho,hatch_tag,2023-11-09,Big Qualicum
989.001045831201,coho,hatch_tag,2023-11-09,Big Qualicum
989.001045831337,coho,hatch_tag,2023-11-09,Big Qualicum
989.001045831356,coho,hatch_tag,2023-11-09,Big Qualicum
989.001045831365,coho,hatch_tag,2023-11-09,Big Qualicum
989.001045831410,coho,hatch_tag,2023-11-09,Big Qualicum
989.001045831514,coho,hatch_tag,2023-11-09,Big Qualicum
989.001045831540,coho,hatch_tag,2023-11-09,Big Qualicum
989.001045831571,coho,hatch_tag,2023-11-09,Big Qualicum
989.001045831593,coho,hatch_tag,2023-11-09,Big Qualicum
989.001045831603,coho,hatch_tag,2023-11-09,Big Qualicum
989.001045831633,coho,hatch_tag,2023-11-09,Big Qualicum
989.001045831646,coho,hatch_tag,2023-11-09,Big Qualicum
989.001045831657,coho,hatch_tag,2023-11-09,Big Qualicum
989.001045831668,coho,hatch_tag,2023-11-09,Big Qualicum
989.001045831792,coho,hatch_tag,2023-11-09,Big Qualicum
989.001045832169,coho,hatch_tag,2023-11-09,Big Qualicum
989.001045832174,coho,hatch_tag,2023-11-09,Big Qualicum
989.001045832244,coho,hatch_tag,2023-11-09,Big Qualicum
989.001045832260,coho,hatch_tag,2023-11-09,Big Qualicum
989.001045832323,coho,hatch_tag,2023-11-09,Big Qualicum
989.001045832409,coho,hatch_tag,2023-11-09,Big Qualicum
989.001045832420,coho,hatch_tag,2023-11-09,Big Qualicum
989.001045832422,coho,hatch_tag,2023-11-09,Big Qualicum
989.001045832435,coho,hatch_tag,2023-11-09,Big Qualicum
989.001045832525,coho,hatch_tag,2023-11-09,Big Qualicum
989.001045832588,coho,hatch_tag,2023-11-09,Big Qualicum
989.001045832634,coho,hatch_tag,2023-11-09,Big Qualicum
989.001045832681,coho,hatch_tag,2023-11-09,Big Qualicum
989.001045832695,coho,hatch_tag,2023-11-09,Big Qualicum
989.001045832733,coho,hatch_tag,2023-11-09,Big Qualicum
989.001045832753,coho,hatch_tag,2023-11-09,Big Qualicum
989.001045832769,coho,hatch_tag,2023-11-09,Big Qualicum
989.001045832777,coho,hatch_tag,2023-11-09,Big Qualicum
989.001045832870,coho,hatch_tag,2023-11-09,Big Qualicum
989.001045832906,coho,hatch_tag,2023-11-09,Big Qualicum
989.001045832963,coho,hatch_tag,2023-11-09,Big Qualicum
989.001045832986,coho,hatch_tag,2023-11-09,Big Qualicum
989.001045833046,coho,hatch_tag,2023-11-09,Big Qualicum
989.001045833052,coho,hatch_tag,2023-11-09,Big Qualicum
989.001045833064,coho,hatch_tag,2023-11-09,Big Qualicum
989.001045833193,coho,hatch_tag,2023-11-09,Big Qualicum
989.001045833206,coho,hatch_tag,2023-11-09,Big Qualicum
989.001045833299,coho,hatch_tag,2023-11-09,Big Qualicum
989.001045833364,coho,hatch_tag,2023-11-09,Big Qualicum
989.001045833380,coho,hatch_tag,2023-11-09,Big Qualicum
989.001045833398,coho,hatch_tag,2023-11-09,Big Qualicum
989.001045833496,coho,hatch_tag,2023-11-09,Big Qualicum
989.001045833555,coho,hatch_tag,2023-11-09,Big Qualicum
989.001045833749,coho,hatch_tag,2023-11-09,Big Qualicum
989.001045833792,coho,hatch_tag,2023-11-09,Big Qualicum
989.001045833917,coho,hatch_tag,2023-11-09,Big Qualicum
989.001045833939,coho,hatch_tag,2023-11-09,Big Qualicum
989.001045833954,coho,hatch_tag,2023-11-09,Big Qualicum
989.001045834009,coho,hatch_tag,2023-11-09,Big Qualicum
989.001045834179,chinook,microtroll,2024-02-22,Cowichan
989.001045834199,chinook,microtroll,2024-02-22,Cowichan
989.001045834209,chinook,microtroll,2024-02-22,Cowichan
989.001045834215,coho,hatch_tag,2024-01-19,Quinsam
989.001045834260,coho,hatch_tag,2024-01-19,Quinsam
989.001045835176,coho,hatch_tag,2023-12-07,Quinsam
989.001045835178,coho,hatch_tag,2023-12-07,Quinsam
989.001045835288,coho,hatch_tag,2023-12-07,Quinsam
989.001045835329,coho,hatch_tag,2023-12-07,Quinsam
989.001045835335,coho,hatch_tag,2023-12-07,Quinsam
989.001045835424,coho,hatch_tag,2023-12-07,Quinsam
989.001045835453,coho,hatch_tag,2023-12-07,Quinsam
989.001045835514,coho,hatch_tag,2023-12-07,Quinsam
989.001045835696,coho,hatch_tag,2023-12-07,Quinsam
989.001045835730,coho,hatch_tag,2023-12-07,Quinsam
989.001045835762,coho,hatch_tag,2023-12-07,Quinsam
989.001045835920,coho,hatch_tag,2023-12-07,Quinsam
989.001045836150,coho,hatch_tag,2023-12-07,Quinsam
989.001045836152,coho,hatch_tag,2023-12-07,Quinsam
989.001045836218,coho,hatch_tag,2023-12-07,Quinsam
989.001045836345,coho,hatch_tag,2023-12-07,Quinsam
989.001045836385,coho,hatch_tag,2023-12-07,Quinsam
989.001045836417,coho,hatch_tag,2023-12-07,Quinsam
989.001045836467,coho,hatch_tag,2023-12-07,Quinsam
989.001045836502,coho,hatch_tag,2023-12-07,Quinsam
989.001045836750,coho,hatch_tag,2023-12-07,Quinsam
989.001045836757,coho,hatch_tag,2023-12-07,Quinsam
989.001045836833,coho,hatch_tag,2023-12-07,Quinsam
989.001045836848,coho,hatch_tag,2023-12-07,Quinsam
989.001045836858,coho,hatch_tag,2023-12-07,Quinsam
989.001045836917,coho,hatch_tag,2023-12-07,Quinsam
989.001045836936,coho,hatch_tag,2023-12-07,Quinsam
989.001045836956,coho,hatch_tag,2023-12-07,Quinsam
989.001045837001,coho,hatch_tag,2023-12-07,Quinsam
989.001045837129,coho,hatch_tag,2023-12-07,Quinsam
989.001045837186,coho,hatch_tag,2023-12-07,Quinsam
989.001045837189,coho,hatch_tag,2023-12-07,Quinsam
989.001045837330,coho,hatch_tag,2023-12-07,Quinsam
989.001045837366,coho,hatch_tag,2023-12-07,Quinsam
989.001045837434,coho,hatch_tag,2023-12-07,Quinsam
989.001045837453,coho,hatch_tag,2023-12-07,Quinsam
989.001045837482,coho,hatch_tag,2023-12-07,Quinsam
989.001045837484,coho,hatch_tag,2023-12-07,Quinsam
989.001045837736,coho,hatch_tag,2023-12-07,Quinsam
989.001045837804,coho,hatch_tag,2023-12-07,Quinsam
989.001045837840,coho,hatch_tag,2023-12-07,Quinsam
989.001045837850,coho,hatch_tag,2023-12-07,Quinsam
989.001045837950,coho,hatch_tag,2023-12-07,Quinsam
989.001045837955,coho,hatch_tag,2023-12-07,Quinsam
989.001045837985,coho,hatch_tag,2023-12-07,Quinsam
989.001045838256,coho,hatch_tag,2023-12-07,Quinsam
989.001045838266,coho,hatch_tag,2023-12-07,Quinsam
989.001045838372,coho,hatch_tag,2023-12-07,Quinsam
989.001045838396,coho,hatch_tag,2023-12-07,Quinsam
989.001045838398,coho,hatch_tag,2023-12-07,Quinsam
989.001045838456,coho,hatch_tag,2023-12-07,Quinsam
989.001045838464,coho,hatch_tag,2023-12-07,Quinsam
989.001045838500,coho,hatch_tag,2023-12-07,Quinsam
989.001045838692,coho,hatch_tag,2023-12-07,Quinsam
989.001045838847,coho,hatch_tag,2023-12-07,Quinsam
989.001045838867,coho,hatch_tag,2023-12-07,Quinsam
989.001045838929,coho,hatch_tag,2023-12-07,Quinsam
989.001045838982,coho,hatch_tag,2023-12-07,Quinsam
989.001045839197,coho,hatch_tag,2023-12-07,Quinsam
989.001045839208,coho,hatch_tag,2023-12-07,Quinsam
989.001045839221,coho,hatch_tag,2023-12-07,Quinsam
989.001045839234,coho,hatch_tag,2023-12-07,Quinsam
989.001045839243,coho,hatch_tag,2023-12-07,Quinsam
989.001045839451,coho,hatch_tag,2023-12-07,Quinsam
989.001045839638,coho,hatch_tag,2023-12-07,Quinsam
989.001045839644,coho,hatch_tag,2023-12-07,Quinsam
989.001045839677,coho,hatch_tag,2023-12-07,Quinsam
989.001045839716,coho,hatch_tag,2023-12-07,Quinsam
989.001045839726,coho,hatch_tag,2023-12-07,Quinsam
989.001045839729,coho,hatch_tag,2023-12-07,Quinsam
989.001045839745,coho,hatch_tag,2023-12-07,Quinsam
989.001045839792,coho,hatch_tag,2023-12-07,Quinsam
989.001045839798,coho,hatch_tag,2023-12-07,Quinsam
989.001045839853,coho,hatch_tag,2023-12-07,Quinsam
989.001045839903,coho,hatch_tag,2023-12-07,Quinsam
989.001045839949,coho,hatch_tag,2023-12-07,Quinsam
989.001045840192,coho,hatch_tag,2023-12-06,Quinsam
989.001045840250,coho,hatch_tag,2023-12-06,Quinsam
989.001045840287,coho,hatch_tag,2023-12-06,Quinsam
989.001045840313,coho,hatch_tag,2023-12-06,Quinsam
989.001045840443,coho,hatch_tag,2023-12-06,Quinsam
989.001045840478,coho,hatch_tag,2023-12-06,Quinsam
989.001045840483,coho,hatch_tag,2023-12-06,Quinsam
989.001045841179,coho,hatch_tag,2023-12-06,Quinsam
989.001045841343,coho,hatch_tag,2023-12-06,Quinsam
989.001045841424,coho,hatch_tag,2023-12-06,Quinsam
989.001045841464,coho,hatch_tag,2023-12-06,Quinsam
989.001045841467,coho,hatch_tag,2023-12-06,Quinsam
989.001045841683,coho,hatch_tag,2023-12-06,Quinsam
989.001045841696,coho,hatch_tag,2023-12-06,Quinsam
989.001045841706,coho,hatch_tag,2023-12-06,Quinsam
989.001045841909,coho,hatch_tag,2023-12-06,Quinsam
989.001045841931,coho,hatch_tag,2023-12-06,Quinsam
989.001045841938,coho,hatch_tag,2023-12-06,Quinsam
989.001045841969,coho,hatch_tag,2023-12-06,Quinsam
989.001045842150,coho,hatch_tag,2023-12-06,Quinsam
989.001045842233,coho,hatch_tag,2023-12-06,Quinsam
989.001045842403,coho,hatch_tag,2023-12-06,Quinsam
989.001045842442,coho,hatch_tag,2023-12-06,Quinsam
989.001045842458,coho,hatch_tag,2023-12-06,Quinsam
989.001045842472,coho,hatch_tag,2023-12-06,Quinsam
989.001045842666,coho,hatch_tag,2023-12-06,Quinsam
989.001045842733,coho,hatch_tag,2023-12-06,Quinsam
989.001045842748,coho,hatch_tag,2023-12-06,Quinsam
989.001045842828,coho,hatch_tag,2023-12-06,Quinsam
989.001045842890,coho,hatch_tag,2023-12-06,Quinsam
989.001045842928,coho,hatch_tag,2023-12-06,Quinsam
989.001045842929,coho,hatch_tag,2023-12-06,Quinsam
989.001045843006,coho,hatch_tag,2023-12-06,Quinsam
989.001045843131,coho,hatch_tag,2023-12-06,Quinsam
989.001045843143,coho,hatch_tag,2023-12-06,Quinsam
989.001045843153,coho,hatch_tag,2023-12-06,Quinsam
989.001045843364,coho,hatch_tag,2023-12-06,Quinsam
989.001045843366,coho,hatch_tag,2023-12-06,Quinsam
989.001045843499,coho,hatch_tag,2023-12-06,Quinsam
989.001045843759,coho,hatch_tag,2023-12-06,Quinsam
989.001045843776,coho,hatch_tag,2023-12-06,Quinsam
989.001045843855,coho,hatch_tag,2023-12-06,Quinsam
989.001045843941,coho,hatch_tag,2023-12-06,Quinsam
989.001045843966,coho,hatch_tag,2023-12-06,Quinsam
989.001045844146,coho,hatch_tag,2023-12-06,Quinsam
989.001045844187,coho,hatch_tag,2023-12-06,Quinsam
989.001045844194,coho,hatch_tag,2023-12-06,Quinsam
989.001045844203,coho,hatch_tag,2023-12-06,Quinsam
989.001045844213,coho,hatch_tag,2023-12-06,Quinsam
989.001045844265,coho,hatch_tag,2023-12-06,Quinsam
989.001045844291,coho,hatch_tag,2023-12-06,Quinsam
989.001045844348,coho,hatch_tag,2023-12-06,Quinsam
989.001045844427,coho,hatch_tag,2023-12-06,Quinsam
989.001045844516,coho,hatch_tag,2023-12-06,Quinsam
989.001045844825,coho,hatch_tag,2023-12-06,Quinsam
989.001045844831,coho,hatch_tag,2023-12-06,Quinsam
989.001045844841,coho,hatch_tag,2023-12-06,Quinsam
989.001045844844,coho,hatch_tag,2023-12-06,Quinsam
989.001045844848,coho,hatch_tag,2023-12-06,Quinsam
989.001045845005,coho,hatch_tag,2023-12-06,Quinsam
989.002009580715,chinook,estuary,2023-06-07,Puntledge fall
989.002026846443,cutthroat trout,estuary,2024-06-25,Puntledge
989.002026846466,cutthroat trout,estuary,2024-06-25,Puntledge
989.002026847023,chinook,estuary,2024-06-18,Puntledge fall
989.002027312890,coho,hatch_tag,2024-11-29,Big Qualicum
989.002027314806,coho,hatch_tag,2024-11-29,Big Qualicum
989.002027643037,chinook,river,2024-05-25,Cowichan
989.002027653288,chinook,hatch_tag,2024-05-16,Nanaimo fall
989.002027653410,chinook,hatch_tag,2024-05-16,Nanaimo fall
989.002027654594,chinook,hatch_tag,2024-05-16,Nanaimo fall
989.002027655743,chinook,hatch_tag,2024-05-21,Little Qualicum
989.002027656516,chinook,hatch_tag,2024-05-21,Little Qualicum
989.002027657573,chinook,hatch_tag,2024-05-21,Little Qualicum
989.002027658087,chinook,hatch_tag,2024-05-21,Little Qualicum
989.002027659516,chinook,hatch_tag,2024-05-21,Little Qualicum
989.002027659906,chinook,hatch_tag,2024-05-21,Little Qualicum
989.002027660346,chinook,hatch_tag,2024-05-21,Little Qualicum
989.002027660364,chinook,hatch_tag,2024-05-21,Little Qualicum
989.002027660457,chinook,hatch_tag,2024-05-21,Little Qualicum
989.002027681538,chinook,hatch_tag,2024-05-07,Big Qualicum
989.002027681945,chinook,hatch_tag,2024-05-07,Big Qualicum
989.002027682498,chinook,hatch_tag,2024-05-07,Big Qualicum
989.002027684104,chinook,hatch_tag,2024-05-07,Big Qualicum
989.002027684453,chinook,hatch_tag,2024-05-07,Big Qualicum
989.002027685002,chinook,hatch_tag,2024-05-07,Big Qualicum
989.002027685273,chinook,hatch_tag,2024-05-07,Big Qualicum
989.002027691172,chinook,hatch_tag,2024-06-06,Puntledge fall
989.002027693091,chinook,hatch_tag,2024-06-06,Puntledge fall
989.002027693553,chinook,hatch_tag,2024-06-06,Puntledge fall
989.002027695366,chinook,hatch_tag,2024-06-06,Puntledge fall
989.002027696852,coho,hatch_tag,2024-03-09,Nanaimo
989.002027696879,coho,hatch_tag,2024-03-09,Nanaimo
989.002027696920,coho,hatch_tag,2024-03-09,Nanaimo
989.002027696959,coho,hatch_tag,2024-03-09,Nanaimo
989.002027697214,coho,hatch_tag,2024-03-09,Nanaimo
989.002027697285,coho,hatch_tag,2024-03-09,Nanaimo
989.002027697293,coho,hatch_tag,2024-03-09,Nanaimo
989.002027697330,coho,hatch_tag,2024-03-09,Nanaimo
989.002027697366,coho,hatch_tag,2024-03-09,Nanaimo
989.002027697423,coho,hatch_tag,2024-03-09,Nanaimo
989.002027697481,coho,hatch_tag,2024-03-09,Nanaimo
989.002027697508,coho,hatch_tag,2024-03-09,Nanaimo
989.002027697530,coho,hatch_tag,2024-03-09,Nanaimo
989.002027697545,coho,hatch_tag,2024-03-09,Nanaimo
989.002027697583,coho,hatch_tag,2024-03-09,Nanaimo
989.002027697600,coho,hatch_tag,2024-03-09,Nanaimo
989.002027697752,coho,hatch_tag,2024-03-09,Nanaimo
989.002027697790,coho,hatch_tag,2024-03-09,Nanaimo
989.002027697946,coho,hatch_tag,2024-03-09,Nanaimo
989.002027697967,coho,hatch_tag,2024-03-09,Nanaimo
989.002027698263,coho,hatch_tag,2024-03-09,Nanaimo
989.002027698275,coho,hatch_tag,2024-03-09,Nanaimo
989.002027698319,coho,hatch_tag,2024-03-09,Nanaimo
989.002027698324,coho,hatch_tag,2024-03-09,Nanaimo
989.002027698327,coho,hatch_tag,2024-03-09,Nanaimo
989.002027698570,coho,hatch_tag,2024-03-09,Nanaimo
989.002027698719,coho,hatch_tag,2024-03-09,Nanaimo
989.002027698720,coho,hatch_tag,2024-03-09,Nanaimo
989.002027698756,coho,hatch_tag,2024-03-09,Nanaimo
989.002027698776,coho,hatch_tag,2024-03-09,Nanaimo
989.002027698838,coho,hatch_tag,2024-03-09,Nanaimo
989.002027698878,coho,hatch_tag,2024-03-09,Nanaimo
989.002027698901,coho,hatch_tag,2024-03-09,Nanaimo
989.002027699132,coho,hatch_tag,2024-03-09,Nanaimo
989.002027699209,coho,hatch_tag,2024-03-09,Nanaimo
989.002027699679,coho,hatch_tag,2024-03-09,Nanaimo
989.002027699685,coho,hatch_tag,2024-03-09,Nanaimo
989.002027699830,coho,hatch_tag,2024-03-09,Nanaimo
989.002027700037,coho,hatch_tag,2024-03-09,Nanaimo
989.002027700228,coho,hatch_tag,2024-03-09,Nanaimo
989.002027700248,coho,hatch_tag,2024-03-09,Nanaimo
989.002027700274,coho,hatch_tag,2024-03-09,Nanaimo
989.002027700307,coho,hatch_tag,2024-03-09,Nanaimo
989.002027700409,coho,hatch_tag,2024-03-09,Nanaimo
989.002027700414,coho,hatch_tag,2024-03-09,Nanaimo
989.002027700419,coho,hatch_tag,2024-03-09,Nanaimo
989.002027700473,coho,hatch_tag,2024-03-09,Nanaimo
989.002027700486,coho,hatch_tag,2024-03-09,Nanaimo
989.002027701133,coho,hatch_tag,2024-03-14,Goldstream
989.002027701172,coho,hatch_tag,2024-03-14,Goldstream
989.002027701410,coho,hatch_tag,2024-03-14,Goldstream
989.002027701413,coho,hatch_tag,2024-03-14,Goldstream
989.002027701441,coho,hatch_tag,2024-03-14,Goldstream
989.002027701462,coho,hatch_tag,2024-03-14,Goldstream
989.002027701510,coho,hatch_tag,2024-03-14,Goldstream
989.002027702065,coho,hatch_tag,2024-03-14,Goldstream
989.002027702211,coho,hatch_tag,2024-03-14,Goldstream
989.002027702331,coho,hatch_tag,2024-03-14,Goldstream
989.002027702441,coho,hatch_tag,2024-03-14,Goldstream
989.002027702528,coho,hatch_tag,2024-03-14,Goldstream
989.002027702657,coho,hatch_tag,2024-03-14,Goldstream
989.002027702761,coho,hatch_tag,2024-03-14,Goldstream
989.002027702929,coho,hatch_tag,2024-03-14,Goldstream
989.002027703045,coho,hatch_tag,2024-03-14,Goldstream
989.002027703054,coho,hatch_tag,2024-03-14,Goldstream
989.002027703105,coho,hatch_tag,2024-03-14,Goldstream
989.002027703193,coho,hatch_tag,2024-03-14,Goldstream
989.002027703274,coho,hatch_tag,2024-03-14,Goldstream
989.002027703303,coho,hatch_tag,2024-03-14,Goldstream
989.002027703554,coho,hatch_tag,2024-03-14,Goldstream
989.002027703753,coho,hatch_tag,2024-03-14,Goldstream
989.002027703818,coho,hatch_tag,2024-03-14,Goldstream
989.002027704105,coho,hatch_tag,2024-03-14,Goldstream
989.002027704293,coho,hatch_tag,2024-03-14,Goldstream
989.002027704450,coho,hatch_tag,2024-03-14,Goldstream
989.002027704457,coho,hatch_tag,2024-03-14,Goldstream
989.002027704489,coho,hatch_tag,2024-03-14,Goldstream
989.002027704519,coho,hatch_tag,2024-03-14,Goldstream
989.002027704634,coho,hatch_tag,2024-03-14,Goldstream
989.002027704760,coho,hatch_tag,2024-03-14,Goldstream
989.002027704774,coho,hatch_tag,2024-03-14,Goldstream
989.002027704789,coho,hatch_tag,2024-03-14,Goldstream
989.002027704952,coho,hatch_tag,2024-03-14,Goldstream
989.002027705291,coho,hatch_tag,2024-03-14,Goldstream
989.002027705396,coho,hatch_tag,2024-03-14,Goldstream
989.002027705403,coho,hatch_tag,2024-03-14,Goldstream
989.002027705531,coho,hatch_tag,2024-03-14,Goldstream
989.002027705569,coho,hatch_tag,2024-03-14,Goldstream
989.002027705670,coho,hatch_tag,2024-03-14,Goldstream
989.002027745986,coho,river,2024-05-03,Cowichan
989.002027745988,coho,river,2024-05-03,Cowichan
989.002027745989,coho,river,2024-05-03,Cowichan
989.002027746066,coho,river,2024-04-29,Cowichan
989.002027746159,coho,river,2024-04-29,Cowichan
989.002027746423,coho,river,2024-05-13,Cowichan
989.002027746766,coho,river,2024-04-24,Cowichan
989.002027746844,coho,river,2024-04-24,Cowichan
989.002027746913,coho,river,2024-04-24,Cowichan
989.002027746959,coho,river,2024-04-26,Cowichan
989.002027747233,coho,river,2024-04-26,Cowichan
989.002027747353,chinook,river,2024-05-06,Cowichan
989.002027747607,coho,river,2024-05-08,Cowichan
989.002027747779,coho,river,2024-04-22,Cowichan
989.002027747944,coho,river,2024-04-26,Cowichan
989.002027748008,coho,river,2024-04-29,Cowichan
989.002027748977,coho,river,2024-05-01,Cowichan
989.002027749104,coho,river,2024-05-03,Cowichan
989.002027749354,coho,river,2024-05-01,Cowichan
989.002027749577,coho,river,2024-05-03,Cowichan
989.002027749656,coho,river,2024-05-13,Cowichan
989.002027749749,coho,river,2024-04-19,Cowichan
989.002027749871,coho,river,2024-04-26,Cowichan
989.002027750013,chinook,river,2024-05-17,Cowichan
989.002027750054,coho,river,2024-05-01,Cowichan
989.002027750056,coho,river,2024-05-01,Cowichan
989.002027750166,coho,river,2024-05-01,Cowichan
989.002027750193,coho,river,2024-05-01,Cowichan
989.002027750497,coho,river,2024-05-13,Cowichan
989.002027750562,coho,river,2024-05-10,Cowichan
989.002027752346,chinook,hatch_tag,2024-06-04,Cowichan
989.002028404855,coho,river,2024-05-06,Englishman
989.002028404906,chinook,microtroll,2024-09-24,
989.002028405040,coho,river,2024-05-21,Englishman
989.002028405138,coho,river,2024-05-22,Englishman
989.002028405149,coho,river,2024-05-22,Englishman
989.002028405430,coho,river,2024-05-06,Nanaimo
989.002028405509,coho,river,2024-05-21,Englishman
989.002028405708,coho,estuary,2024-06-03,Puntledge
989.002028405852,coho,river,2024-05-08,Englishman
989.002028406586,coho,river,2024-05-21,Englishman
989.002028406818,coho,river,2024-05-08,Englishman
989.002028406883,coho,river,2024-05-08,Englishman
989.002028407209,cutthroat trout,estuary,2024-06-05,Puntledge
989.002028407248,coho,estuary,2024-06-05,Puntledge
989.002028407415,coho,river,2024-05-08,Nanaimo
989.002028407736,cutthroat trout,estuary,2024-06-05,Puntledge
989.002028407930,cutthroat trout,estuary,2024-06-13,Nanaimo
989.002028407956,cutthroat trout,estuary,2024-06-13,Nanaimo
989.002028408328,coho,river,2024-05-06,Nanaimo
989.002028408404,coho,river,2024-05-06,Nanaimo
989.002028408670,cutthroat trout,estuary,2024-06-03,Puntledge
989.002028408700,cutthroat trout,estuary,2024-05-30,Puntledge
989.002028408823,coho,river,2024-05-03,Nanaimo
989.002028409256,cutthroat trout,estuary,2024-06-07,Puntledge
989.002028409464,coho,river,2024-05-21,Englishman
989.002028413880,chinook,hatch_tag,2024-04-18,Quinsam
989.002028414985,coho,river,2024-05-06,Quinsam
989.002028415255,coho,river,2024-05-30,Quinsam
989.002028415372,coho,river,2024-05-08,Quinsam
989.002028415402,coho,river,2024-05-09,Quinsam
989.002028415455,coho,river,2024-05-09,Quinsam
989.002028415588,coho,river,2024-05-08,Quinsam
989.002028415829,coho,river,2024-05-10,Quinsam
989.002028415926,coho,river,2024-05-10,Quinsam
989.002028415948,coho,river,2024-05-10,Quinsam
989.002028415963,coho,river,2024-05-10,Quinsam
989.002028416011,coho,river,2024-05-10,Quinsam
989.002028416339,coho,river,2024-05-13,Quinsam
989.002028416388,coho,river,2024-05-11,Quinsam
989.002028416408,coho,river,2024-05-11,Quinsam
989.002028416552,coho,river,2024-05-26,Quinsam
989.002028417496,coho,river,2024-05-16,Quinsam
989.002028417576,coho,river,2024-05-18,Quinsam
989.002028417941,coho,river,2024-05-16,Quinsam
989.002028418431,coho,river,2024-05-12,Quinsam
989.002028418520,coho,river,2024-05-22,Quinsam
989.002028418550,coho,river,2024-05-27,Quinsam
989.002028419596,coho,river,2024-05-15,Quinsam
989.002028422557,chinook,hatch_tag,2024-05-16,Nanaimo summer
989.002028423338,chinook,hatch_tag,2024-05-16,Nanaimo summer
989.002028424843,coho,river,2024-05-03,Nanaimo
989.002028425416,coho,river,2024-05-06,Nanaimo
989.002028425539,cutthroat trout,estuary,2024-05-24,Puntledge
989.002028425556,cutthroat trout,estuary,2024-05-24,Puntledge
989.002028425954,coho,river,2024-05-09,Englishman
989.002028425955,coho,river,2024-05-09,Englishman
989.002028425960,coho,river,2024-05-09,Englishman
989.002028426248,coho,river,2024-05-15,Englishman
989.002028426363,cutthroat trout,estuary,2024-05-24,Puntledge
989.002028426829,coho,river,2024-05-10,Englishman
989.002028426833,coho,river,2024-05-10,Englishman
989.002028426919,coho,river,2024-05-10,Englishman
989.002028426975,coho,river,2024-05-10,Englishman
989.002028427424,coho,estuary,2024-05-14,Puntledge
989.002028428002,coho,river,2024-05-10,Englishman
989.002028428337,coho,estuary,2024-05-14,Puntledge
989.002028428374,coho,estuary,2024-05-14,Puntledge
989.002028428390,coho,estuary,2024-05-14,Puntledge
989.002028428396,cutthroat trout,estuary,2024-05-14,Puntledge
989.002028428606,coho,river,2024-05-13,Englishman
989.002028428959,coho,river,2024-05-10,Englishman
989.002028429295,coho,river,2024-05-13,Englishman
989.002028429745,coho,river,2024-05-13,Englishman
989.002028429888,coho,hatch_tag,2024-04-18,Quinsam
989.002028430170,coho,hatch_tag,2024-04-18,Quinsam
989.002028430420,coho,hatch_tag,2024-04-18,Quinsam
989.002028430493,coho,hatch_tag,2024-04-18,Quinsam
989.002028430544,coho,hatch_tag,2024-04-18,Quinsam
989.002028430647,coho,hatch_tag,2024-04-18,Quinsam
989.002028430650,coho,hatch_tag,2024-04-18,Quinsam
989.002028430840,coho,hatch_tag,2024-04-18,Quinsam
989.002028431010,coho,hatch_tag,2024-04-18,Quinsam
989.002028431079,coho,hatch_tag,2024-04-18,Quinsam
989.002028431133,coho,hatch_tag,2024-04-18,Quinsam
989.002028431259,coho,hatch_tag,2024-04-18,Quinsam
989.002028431656,coho,hatch_tag,2024-04-18,Quinsam
989.002028431689,coho,hatch_tag,2024-04-18,Quinsam
989.002028431842,coho,hatch_tag,2024-05-28,Quinsam
989.002028431902,coho,hatch_tag,2024-05-28,Quinsam
989.002028431943,coho,hatch_tag,2024-05-28,Quinsam
989.002028431995,coho,hatch_tag,2024-05-28,Quinsam
989.002028432366,coho,hatch_tag,2024-05-28,Quinsam
989.002028432400,coho,hatch_tag,2024-05-28,Quinsam
989.002028432560,coho,hatch_tag,2024-05-28,Quinsam
989.002028432593,coho,hatch_tag,2024-05-28,Quinsam
989.002028432668,coho,hatch_tag,2024-05-28,Quinsam
989.002028432705,coho,hatch_tag,2024-05-28,Quinsam
989.002028432846,coho,hatch_tag,2024-05-28,Quinsam
989.002028433101,coho,hatch_tag,2024-05-28,Quinsam
989.002028433123,coho,hatch_tag,2024-05-28,Quinsam
989.002028433144,coho,hatch_tag,2024-05-28,Quinsam
989.002028433147,coho,hatch_tag,2024-05-28,Quinsam
989.002028433190,coho,hatch_tag,2024-05-28,Quinsam
989.002028433519,coho,hatch_tag,2024-05-28,Quinsam
989.002028433522,coho,hatch_tag,2024-05-28,Quinsam
989.002028433549,coho,hatch_tag,2024-05-28,Quinsam
989.002028433565,coho,hatch_tag,2024-05-28,Quinsam
989.002028433594,coho,hatch_tag,2024-05-28,Quinsam
989.002028433623,coho,hatch_tag,2024-05-28,Quinsam
989.002028433668,coho,microtroll,2024-09-23,
989.002028433888,coho,hatch_tag,2024-05-28,Quinsam
989.002028433947,coho,hatch_tag,2024-05-28,Quinsam
989.002028434044,coho,hatch_tag,2024-05-28,Quinsam
989.002028434299,coho,hatch_tag,2024-05-28,Quinsam
989.002028434535,coho,hatch_tag,2024-05-28,Quinsam
989.002028434577,coho,hatch_tag,2024-05-28,Quinsam
989.002028434706,coho,hatch_tag,2024-05-28,Quinsam
989.002028434720,coho,hatch_tag,2024-05-28,Quinsam
